Timing Analyzer report for rv32im
Fri Jul 10 20:42:24 2026
Quartus Prime Version 25.1std.0 Build 1129 10/21/2025 SC Lite Edition


---------------------
; Table of Contents ;
---------------------
  1. Legal Notice
  2. Timing Analyzer Summary
  3. Parallel Compilation
  4. Clocks
  5. Slow 1200mV 85C Model Fmax Summary
  6. Timing Closure Recommendations
  7. Slow 1200mV 85C Model Setup Summary
  8. Slow 1200mV 85C Model Hold Summary
  9. Slow 1200mV 85C Model Recovery Summary
 10. Slow 1200mV 85C Model Removal Summary
 11. Slow 1200mV 85C Model Minimum Pulse Width Summary
 12. Slow 1200mV 85C Model Setup: 'clk_c'
 13. Slow 1200mV 85C Model Setup: 'clk_i'
 14. Slow 1200mV 85C Model Hold: 'clk_i'
 15. Slow 1200mV 85C Model Hold: 'clk_c'
 16. Slow 1200mV 85C Model Metastability Summary
 17. Slow 1200mV 0C Model Fmax Summary
 18. Slow 1200mV 0C Model Setup Summary
 19. Slow 1200mV 0C Model Hold Summary
 20. Slow 1200mV 0C Model Recovery Summary
 21. Slow 1200mV 0C Model Removal Summary
 22. Slow 1200mV 0C Model Minimum Pulse Width Summary
 23. Slow 1200mV 0C Model Setup: 'clk_c'
 24. Slow 1200mV 0C Model Setup: 'clk_i'
 25. Slow 1200mV 0C Model Hold: 'clk_i'
 26. Slow 1200mV 0C Model Hold: 'clk_c'
 27. Slow 1200mV 0C Model Metastability Summary
 28. Fast 1200mV 0C Model Setup Summary
 29. Fast 1200mV 0C Model Hold Summary
 30. Fast 1200mV 0C Model Recovery Summary
 31. Fast 1200mV 0C Model Removal Summary
 32. Fast 1200mV 0C Model Minimum Pulse Width Summary
 33. Fast 1200mV 0C Model Setup: 'clk_c'
 34. Fast 1200mV 0C Model Setup: 'clk_i'
 35. Fast 1200mV 0C Model Hold: 'clk_i'
 36. Fast 1200mV 0C Model Hold: 'clk_c'
 37. Fast 1200mV 0C Model Metastability Summary
 38. Multicorner Timing Analysis Summary
 39. Board Trace Model Assignments
 40. Input Transition Times
 41. Signal Integrity Metrics (Slow 1200mv 0c Model)
 42. Signal Integrity Metrics (Slow 1200mv 85c Model)
 43. Signal Integrity Metrics (Fast 1200mv 0c Model)
 44. Setup Transfers
 45. Hold Transfers
 46. Report TCCS
 47. Report RSKM
 48. Unconstrained Paths Summary
 49. Clock Status Summary
 50. Unconstrained Input Ports
 51. Unconstrained Output Ports
 52. Unconstrained Input Ports
 53. Unconstrained Output Ports
 54. Timing Analyzer Messages



----------------
; Legal Notice ;
----------------
Copyright (C) 2025  Altera Corporation. All rights reserved.
Your use of Altera Corporation's design tools, logic functions 
and other software and tools, and any partner logic 
functions, and any output files from any of the foregoing 
(including device programming or simulation files), and any 
associated documentation or information are expressly subject 
to the terms and conditions of the Altera Program License 
Subscription Agreement, the Altera Quartus Prime License Agreement,
the Altera IP License Agreement, or other applicable license
agreement, including, without limitation, that your use is for
the sole purpose of programming logic devices manufactured by
Altera and sold by Altera or its authorized distributors.  Please
refer to the Altera Software License Subscription Agreements 
on the Quartus Prime software download page.



+---------------------------------------------------------------------------------+
; Timing Analyzer Summary                                                         ;
+-----------------------+---------------------------------------------------------+
; Quartus Prime Version ; Version 25.1std.0 Build 1129 10/21/2025 SC Lite Edition ;
; Timing Analyzer       ; Legacy Timing Analyzer                                  ;
; Revision Name         ; rv32im                                                  ;
; Device Family         ; Cyclone IV E                                            ;
; Device Name           ; EP4CE115F29C7                                           ;
; Timing Models         ; Final                                                   ;
; Delay Model           ; Combined                                                ;
; Rise/Fall Delays      ; Enabled                                                 ;
+-----------------------+---------------------------------------------------------+


+------------------------------------------+
; Parallel Compilation                     ;
+----------------------------+-------------+
; Processors                 ; Number      ;
+----------------------------+-------------+
; Number detected on machine ; 12          ;
; Maximum allowed            ; 11          ;
;                            ;             ;
; Average used               ; 1.08        ;
; Maximum used               ; 11          ;
;                            ;             ;
; Usage by Processor         ; % Time Used ;
;     Processor 1            ; 100.0%      ;
;     Processor 2            ;   1.2%      ;
;     Processor 3            ;   1.1%      ;
;     Processor 4            ;   0.8%      ;
;     Processors 5-11        ;   0.6%      ;
+----------------------------+-------------+


+-----------------------------------------------------------------------------------------------------------------------------------------------------------------------------------+
; Clocks                                                                                                                                                                            ;
+------------+------+--------+------------+-------+-------+------------+-----------+-------------+-------+--------+-----------+------------+----------+--------+--------+-----------+
; Clock Name ; Type ; Period ; Frequency  ; Rise  ; Fall  ; Duty Cycle ; Divide by ; Multiply by ; Phase ; Offset ; Edge List ; Edge Shift ; Inverted ; Master ; Source ; Targets   ;
+------------+------+--------+------------+-------+-------+------------+-----------+-------------+-------+--------+-----------+------------+----------+--------+--------+-----------+
; clk_c      ; Base ; 1.000  ; 1000.0 MHz ; 0.000 ; 0.500 ;            ;           ;             ;       ;        ;           ;            ;          ;        ;        ; { clk_c } ;
; clk_i      ; Base ; 1.000  ; 1000.0 MHz ; 0.000 ; 0.500 ;            ;           ;             ;       ;        ;           ;            ;          ;        ;        ; { clk_i } ;
+------------+------+--------+------------+-------+-------+------------+-----------+-------------+-------+--------+-----------+------------+----------+--------+--------+-----------+


+-----------------------------------------------------------------------------------------------------------+
; Slow 1200mV 85C Model Fmax Summary                                                                        ;
+------------+-----------------+------------+---------------------------------------------------------------+
; Fmax       ; Restricted Fmax ; Clock Name ; Note                                                          ;
+------------+-----------------+------------+---------------------------------------------------------------+
; 2.54 MHz   ; 2.54 MHz        ; clk_c      ;                                                               ;
; 259.94 MHz ; 250.0 MHz       ; clk_i      ; limit due to minimum period restriction (max I/O toggle rate) ;
+------------+-----------------+------------+---------------------------------------------------------------+
This panel reports FMAX for every clock in the design, regardless of the user-specified clock periods.  FMAX is only computed for paths where the source and destination registers or ports are driven by the same clock.  Paths of different clocks, including generated clocks, are ignored.  For paths between a clock and its inversion, FMAX is computed as if the rising and falling edges are scaled along with FMAX, such that the duty cycle (in terms of a percentage) is maintained. Altera recommends that you always use clock constraints and other slack reports for sign-off analysis.


----------------------------------
; Timing Closure Recommendations ;
----------------------------------
HTML report is unavailable in plain text report export.


+-------------------------------------+
; Slow 1200mV 85C Model Setup Summary ;
+-------+----------+------------------+
; Clock ; Slack    ; End Point TNS    ;
+-------+----------+------------------+
; clk_c ; -197.616 ; -6384953.420     ;
; clk_i ; -2.847   ; -66.913          ;
+-------+----------+------------------+


+------------------------------------+
; Slow 1200mV 85C Model Hold Summary ;
+-------+--------+-------------------+
; Clock ; Slack  ; End Point TNS     ;
+-------+--------+-------------------+
; clk_i ; -2.799 ; -2.799            ;
; clk_c ; 0.405  ; 0.000             ;
+-------+--------+-------------------+


------------------------------------------
; Slow 1200mV 85C Model Recovery Summary ;
------------------------------------------
No paths to report.


-----------------------------------------
; Slow 1200mV 85C Model Removal Summary ;
-----------------------------------------
No paths to report.


+---------------------------------------------------+
; Slow 1200mV 85C Model Minimum Pulse Width Summary ;
+-------+--------+----------------------------------+
; Clock ; Slack  ; End Point TNS                    ;
+-------+--------+----------------------------------+
; clk_i ; -3.000 ; -45.405                          ;
; clk_c ; -1.285 ; -43751.680                       ;
+-------+--------+----------------------------------+


+----------------------------------------------------------------------------------------------------------------------------------------------------+
; Slow 1200mV 85C Model Setup: 'clk_c'                                                                                                               ;
+----------+-------------------+-----------------------------------------------+--------------+-------------+--------------+------------+------------+
; Slack    ; From Node         ; To Node                                       ; Launch Clock ; Latch Clock ; Relationship ; Clock Skew ; Data Delay ;
+----------+-------------------+-----------------------------------------------+--------------+-------------+--------------+------------+------------+
; -197.616 ; integ:integ|pc[5] ; integ:integ|regfile:regfile|x[19][30]         ; clk_c        ; clk_c       ; 1.000        ; -0.038     ; 198.576    ;
; -197.616 ; integ:integ|pc[5] ; integ:integ|regfile:regfile|x[27][30]         ; clk_c        ; clk_c       ; 1.000        ; -0.038     ; 198.576    ;
; -197.399 ; integ:integ|pc[5] ; integ:integ|regfile:regfile|x[22][30]         ; clk_c        ; clk_c       ; 1.000        ; -0.043     ; 198.354    ;
; -197.399 ; integ:integ|pc[5] ; integ:integ|regfile:regfile|x[18][30]         ; clk_c        ; clk_c       ; 1.000        ; -0.043     ; 198.354    ;
; -197.371 ; integ:integ|pc[5] ; integ:integ|regfile:regfile|x[24][30]         ; clk_c        ; clk_c       ; 1.000        ; -0.040     ; 198.329    ;
; -197.371 ; integ:integ|pc[5] ; integ:integ|regfile:regfile|x[16][30]         ; clk_c        ; clk_c       ; 1.000        ; -0.040     ; 198.329    ;
; -197.348 ; integ:integ|pc[5] ; integ:integ|regfile:regfile|x[28][30]         ; clk_c        ; clk_c       ; 1.000        ; -0.036     ; 198.310    ;
; -197.344 ; integ:integ|pc[5] ; integ:integ|regfile:regfile|x[20][30]         ; clk_c        ; clk_c       ; 1.000        ; -0.036     ; 198.306    ;
; -197.318 ; integ:integ|pc[5] ; integ:integ|regfile:regfile|x[23][30]         ; clk_c        ; clk_c       ; 1.000        ; -0.037     ; 198.279    ;
; -197.317 ; integ:integ|pc[5] ; integ:integ|regfile:regfile|x[15][30]         ; clk_c        ; clk_c       ; 1.000        ; -0.037     ; 198.278    ;
; -197.309 ; integ:integ|pc[5] ; integ:integ|regfile:regfile|x[12][30]         ; clk_c        ; clk_c       ; 1.000        ; -0.035     ; 198.272    ;
; -197.261 ; integ:integ|pc[2] ; integ:integ|regfile:regfile|x[19][30]         ; clk_c        ; clk_c       ; 1.000        ; -0.038     ; 198.221    ;
; -197.261 ; integ:integ|pc[2] ; integ:integ|regfile:regfile|x[27][30]         ; clk_c        ; clk_c       ; 1.000        ; -0.038     ; 198.221    ;
; -197.260 ; integ:integ|pc[4] ; integ:integ|regfile:regfile|x[19][30]         ; clk_c        ; clk_c       ; 1.000        ; -0.038     ; 198.220    ;
; -197.260 ; integ:integ|pc[4] ; integ:integ|regfile:regfile|x[27][30]         ; clk_c        ; clk_c       ; 1.000        ; -0.038     ; 198.220    ;
; -197.074 ; integ:integ|pc[3] ; integ:integ|regfile:regfile|x[19][30]         ; clk_c        ; clk_c       ; 1.000        ; -0.038     ; 198.034    ;
; -197.074 ; integ:integ|pc[3] ; integ:integ|regfile:regfile|x[27][30]         ; clk_c        ; clk_c       ; 1.000        ; -0.038     ; 198.034    ;
; -197.044 ; integ:integ|pc[2] ; integ:integ|regfile:regfile|x[22][30]         ; clk_c        ; clk_c       ; 1.000        ; -0.043     ; 197.999    ;
; -197.044 ; integ:integ|pc[2] ; integ:integ|regfile:regfile|x[18][30]         ; clk_c        ; clk_c       ; 1.000        ; -0.043     ; 197.999    ;
; -197.043 ; integ:integ|pc[4] ; integ:integ|regfile:regfile|x[22][30]         ; clk_c        ; clk_c       ; 1.000        ; -0.043     ; 197.998    ;
; -197.043 ; integ:integ|pc[4] ; integ:integ|regfile:regfile|x[18][30]         ; clk_c        ; clk_c       ; 1.000        ; -0.043     ; 197.998    ;
; -197.016 ; integ:integ|pc[2] ; integ:integ|regfile:regfile|x[24][30]         ; clk_c        ; clk_c       ; 1.000        ; -0.040     ; 197.974    ;
; -197.016 ; integ:integ|pc[2] ; integ:integ|regfile:regfile|x[16][30]         ; clk_c        ; clk_c       ; 1.000        ; -0.040     ; 197.974    ;
; -197.015 ; integ:integ|pc[4] ; integ:integ|regfile:regfile|x[24][30]         ; clk_c        ; clk_c       ; 1.000        ; -0.040     ; 197.973    ;
; -197.015 ; integ:integ|pc[4] ; integ:integ|regfile:regfile|x[16][30]         ; clk_c        ; clk_c       ; 1.000        ; -0.040     ; 197.973    ;
; -197.014 ; integ:integ|pc[5] ; integ:integ|regfile:regfile|x[6][30]          ; clk_c        ; clk_c       ; 1.000        ; -0.040     ; 197.972    ;
; -197.013 ; integ:integ|pc[5] ; integ:integ|regfile:regfile|x[4][30]          ; clk_c        ; clk_c       ; 1.000        ; -0.040     ; 197.971    ;
; -196.993 ; integ:integ|pc[2] ; integ:integ|regfile:regfile|x[28][30]         ; clk_c        ; clk_c       ; 1.000        ; -0.036     ; 197.955    ;
; -196.992 ; integ:integ|pc[4] ; integ:integ|regfile:regfile|x[28][30]         ; clk_c        ; clk_c       ; 1.000        ; -0.036     ; 197.954    ;
; -196.989 ; integ:integ|pc[2] ; integ:integ|regfile:regfile|x[20][30]         ; clk_c        ; clk_c       ; 1.000        ; -0.036     ; 197.951    ;
; -196.988 ; integ:integ|pc[4] ; integ:integ|regfile:regfile|x[20][30]         ; clk_c        ; clk_c       ; 1.000        ; -0.036     ; 197.950    ;
; -196.963 ; integ:integ|pc[2] ; integ:integ|regfile:regfile|x[23][30]         ; clk_c        ; clk_c       ; 1.000        ; -0.037     ; 197.924    ;
; -196.962 ; integ:integ|pc[4] ; integ:integ|regfile:regfile|x[23][30]         ; clk_c        ; clk_c       ; 1.000        ; -0.037     ; 197.923    ;
; -196.962 ; integ:integ|pc[2] ; integ:integ|regfile:regfile|x[15][30]         ; clk_c        ; clk_c       ; 1.000        ; -0.037     ; 197.923    ;
; -196.961 ; integ:integ|pc[4] ; integ:integ|regfile:regfile|x[15][30]         ; clk_c        ; clk_c       ; 1.000        ; -0.037     ; 197.922    ;
; -196.954 ; integ:integ|pc[2] ; integ:integ|regfile:regfile|x[12][30]         ; clk_c        ; clk_c       ; 1.000        ; -0.035     ; 197.917    ;
; -196.953 ; integ:integ|pc[4] ; integ:integ|regfile:regfile|x[12][30]         ; clk_c        ; clk_c       ; 1.000        ; -0.035     ; 197.916    ;
; -196.857 ; integ:integ|pc[3] ; integ:integ|regfile:regfile|x[22][30]         ; clk_c        ; clk_c       ; 1.000        ; -0.043     ; 197.812    ;
; -196.857 ; integ:integ|pc[3] ; integ:integ|regfile:regfile|x[18][30]         ; clk_c        ; clk_c       ; 1.000        ; -0.043     ; 197.812    ;
; -196.829 ; integ:integ|pc[3] ; integ:integ|regfile:regfile|x[24][30]         ; clk_c        ; clk_c       ; 1.000        ; -0.040     ; 197.787    ;
; -196.829 ; integ:integ|pc[3] ; integ:integ|regfile:regfile|x[16][30]         ; clk_c        ; clk_c       ; 1.000        ; -0.040     ; 197.787    ;
; -196.806 ; integ:integ|pc[3] ; integ:integ|regfile:regfile|x[28][30]         ; clk_c        ; clk_c       ; 1.000        ; -0.036     ; 197.768    ;
; -196.802 ; integ:integ|pc[3] ; integ:integ|regfile:regfile|x[20][30]         ; clk_c        ; clk_c       ; 1.000        ; -0.036     ; 197.764    ;
; -196.778 ; integ:integ|pc[5] ; integ:integ|regfile:regfile|x[5][30]          ; clk_c        ; clk_c       ; 1.000        ; -0.031     ; 197.745    ;
; -196.778 ; integ:integ|pc[5] ; integ:integ|regfile:regfile|x[3][30]          ; clk_c        ; clk_c       ; 1.000        ; -0.031     ; 197.745    ;
; -196.776 ; integ:integ|pc[3] ; integ:integ|regfile:regfile|x[23][30]         ; clk_c        ; clk_c       ; 1.000        ; -0.037     ; 197.737    ;
; -196.775 ; integ:integ|pc[3] ; integ:integ|regfile:regfile|x[15][30]         ; clk_c        ; clk_c       ; 1.000        ; -0.037     ; 197.736    ;
; -196.772 ; integ:integ|pc[5] ; integ:integ|regfile:regfile|x[13][30]         ; clk_c        ; clk_c       ; 1.000        ; -0.034     ; 197.736    ;
; -196.771 ; integ:integ|pc[5] ; integ:integ|regfile:regfile|x[11][30]         ; clk_c        ; clk_c       ; 1.000        ; -0.034     ; 197.735    ;
; -196.767 ; integ:integ|pc[3] ; integ:integ|regfile:regfile|x[12][30]         ; clk_c        ; clk_c       ; 1.000        ; -0.035     ; 197.730    ;
; -196.741 ; integ:integ|pc[5] ; integ:integ|regfile:regfile|x[26][30]         ; clk_c        ; clk_c       ; 1.000        ; -0.035     ; 197.704    ;
; -196.741 ; integ:integ|pc[5] ; integ:integ|regfile:regfile|x[30][30]         ; clk_c        ; clk_c       ; 1.000        ; -0.035     ; 197.704    ;
; -196.725 ; integ:integ|pc[5] ; integ:integ|regfile:regfile|x[0][30]          ; clk_c        ; clk_c       ; 1.000        ; -0.033     ; 197.690    ;
; -196.659 ; integ:integ|pc[2] ; integ:integ|regfile:regfile|x[6][30]          ; clk_c        ; clk_c       ; 1.000        ; -0.040     ; 197.617    ;
; -196.658 ; integ:integ|pc[4] ; integ:integ|regfile:regfile|x[6][30]          ; clk_c        ; clk_c       ; 1.000        ; -0.040     ; 197.616    ;
; -196.658 ; integ:integ|pc[2] ; integ:integ|regfile:regfile|x[4][30]          ; clk_c        ; clk_c       ; 1.000        ; -0.040     ; 197.616    ;
; -196.657 ; integ:integ|pc[4] ; integ:integ|regfile:regfile|x[4][30]          ; clk_c        ; clk_c       ; 1.000        ; -0.040     ; 197.615    ;
; -196.613 ; integ:integ|pc[6] ; integ:integ|regfile:regfile|x[19][30]         ; clk_c        ; clk_c       ; 1.000        ; -0.038     ; 197.573    ;
; -196.613 ; integ:integ|pc[6] ; integ:integ|regfile:regfile|x[27][30]         ; clk_c        ; clk_c       ; 1.000        ; -0.038     ; 197.573    ;
; -196.543 ; integ:integ|pc[5] ; integ:integ|data_memory:data_mem|mem_data[20] ; clk_c        ; clk_c       ; 0.500        ; -0.017     ; 197.024    ;
; -196.509 ; integ:integ|pc[5] ; integ:integ|regfile:regfile|x[10][30]         ; clk_c        ; clk_c       ; 1.000        ; -0.053     ; 197.454    ;
; -196.507 ; integ:integ|pc[5] ; integ:integ|regfile:regfile|x[9][30]          ; clk_c        ; clk_c       ; 1.000        ; -0.053     ; 197.452    ;
; -196.507 ; integ:integ|pc[7] ; integ:integ|regfile:regfile|x[19][30]         ; clk_c        ; clk_c       ; 1.000        ; -0.038     ; 197.467    ;
; -196.507 ; integ:integ|pc[7] ; integ:integ|regfile:regfile|x[27][30]         ; clk_c        ; clk_c       ; 1.000        ; -0.038     ; 197.467    ;
; -196.472 ; integ:integ|pc[3] ; integ:integ|regfile:regfile|x[6][30]          ; clk_c        ; clk_c       ; 1.000        ; -0.040     ; 197.430    ;
; -196.471 ; integ:integ|pc[3] ; integ:integ|regfile:regfile|x[4][30]          ; clk_c        ; clk_c       ; 1.000        ; -0.040     ; 197.429    ;
; -196.453 ; integ:integ|pc[5] ; integ:integ|regfile:regfile|x[10][25]         ; clk_c        ; clk_c       ; 1.000        ; -0.037     ; 197.414    ;
; -196.453 ; integ:integ|pc[5] ; integ:integ|regfile:regfile|x[8][25]          ; clk_c        ; clk_c       ; 1.000        ; -0.037     ; 197.414    ;
; -196.423 ; integ:integ|pc[2] ; integ:integ|regfile:regfile|x[5][30]          ; clk_c        ; clk_c       ; 1.000        ; -0.031     ; 197.390    ;
; -196.423 ; integ:integ|pc[2] ; integ:integ|regfile:regfile|x[3][30]          ; clk_c        ; clk_c       ; 1.000        ; -0.031     ; 197.390    ;
; -196.422 ; integ:integ|pc[4] ; integ:integ|regfile:regfile|x[5][30]          ; clk_c        ; clk_c       ; 1.000        ; -0.031     ; 197.389    ;
; -196.422 ; integ:integ|pc[4] ; integ:integ|regfile:regfile|x[3][30]          ; clk_c        ; clk_c       ; 1.000        ; -0.031     ; 197.389    ;
; -196.417 ; integ:integ|pc[2] ; integ:integ|regfile:regfile|x[13][30]         ; clk_c        ; clk_c       ; 1.000        ; -0.034     ; 197.381    ;
; -196.416 ; integ:integ|pc[4] ; integ:integ|regfile:regfile|x[13][30]         ; clk_c        ; clk_c       ; 1.000        ; -0.034     ; 197.380    ;
; -196.416 ; integ:integ|pc[2] ; integ:integ|regfile:regfile|x[11][30]         ; clk_c        ; clk_c       ; 1.000        ; -0.034     ; 197.380    ;
; -196.415 ; integ:integ|pc[4] ; integ:integ|regfile:regfile|x[11][30]         ; clk_c        ; clk_c       ; 1.000        ; -0.034     ; 197.379    ;
; -196.402 ; integ:integ|pc[5] ; integ:integ|regfile:regfile|x[21][27]         ; clk_c        ; clk_c       ; 1.000        ; -0.047     ; 197.353    ;
; -196.402 ; integ:integ|pc[5] ; integ:integ|regfile:regfile|x[17][27]         ; clk_c        ; clk_c       ; 1.000        ; -0.047     ; 197.353    ;
; -196.396 ; integ:integ|pc[6] ; integ:integ|regfile:regfile|x[22][30]         ; clk_c        ; clk_c       ; 1.000        ; -0.043     ; 197.351    ;
; -196.396 ; integ:integ|pc[6] ; integ:integ|regfile:regfile|x[18][30]         ; clk_c        ; clk_c       ; 1.000        ; -0.043     ; 197.351    ;
; -196.386 ; integ:integ|pc[2] ; integ:integ|regfile:regfile|x[26][30]         ; clk_c        ; clk_c       ; 1.000        ; -0.035     ; 197.349    ;
; -196.386 ; integ:integ|pc[2] ; integ:integ|regfile:regfile|x[30][30]         ; clk_c        ; clk_c       ; 1.000        ; -0.035     ; 197.349    ;
; -196.385 ; integ:integ|pc[4] ; integ:integ|regfile:regfile|x[26][30]         ; clk_c        ; clk_c       ; 1.000        ; -0.035     ; 197.348    ;
; -196.385 ; integ:integ|pc[4] ; integ:integ|regfile:regfile|x[30][30]         ; clk_c        ; clk_c       ; 1.000        ; -0.035     ; 197.348    ;
; -196.381 ; integ:integ|pc[5] ; integ:integ|regfile:regfile|x[5][27]          ; clk_c        ; clk_c       ; 1.000        ; -0.031     ; 197.348    ;
; -196.381 ; integ:integ|pc[5] ; integ:integ|regfile:regfile|x[6][27]          ; clk_c        ; clk_c       ; 1.000        ; -0.031     ; 197.348    ;
; -196.375 ; integ:integ|pc[5] ; integ:integ|regfile:regfile|x[23][27]         ; clk_c        ; clk_c       ; 1.000        ; -0.031     ; 197.342    ;
; -196.374 ; integ:integ|pc[5] ; integ:integ|regfile:regfile|x[15][27]         ; clk_c        ; clk_c       ; 1.000        ; -0.031     ; 197.341    ;
; -196.370 ; integ:integ|pc[2] ; integ:integ|regfile:regfile|x[0][30]          ; clk_c        ; clk_c       ; 1.000        ; -0.033     ; 197.335    ;
; -196.369 ; integ:integ|pc[4] ; integ:integ|regfile:regfile|x[0][30]          ; clk_c        ; clk_c       ; 1.000        ; -0.033     ; 197.334    ;
; -196.368 ; integ:integ|pc[6] ; integ:integ|regfile:regfile|x[24][30]         ; clk_c        ; clk_c       ; 1.000        ; -0.040     ; 197.326    ;
; -196.368 ; integ:integ|pc[6] ; integ:integ|regfile:regfile|x[16][30]         ; clk_c        ; clk_c       ; 1.000        ; -0.040     ; 197.326    ;
; -196.345 ; integ:integ|pc[6] ; integ:integ|regfile:regfile|x[28][30]         ; clk_c        ; clk_c       ; 1.000        ; -0.036     ; 197.307    ;
; -196.341 ; integ:integ|pc[6] ; integ:integ|regfile:regfile|x[20][30]         ; clk_c        ; clk_c       ; 1.000        ; -0.036     ; 197.303    ;
; -196.315 ; integ:integ|pc[6] ; integ:integ|regfile:regfile|x[23][30]         ; clk_c        ; clk_c       ; 1.000        ; -0.037     ; 197.276    ;
; -196.314 ; integ:integ|pc[6] ; integ:integ|regfile:regfile|x[15][30]         ; clk_c        ; clk_c       ; 1.000        ; -0.037     ; 197.275    ;
; -196.306 ; integ:integ|pc[6] ; integ:integ|regfile:regfile|x[12][30]         ; clk_c        ; clk_c       ; 1.000        ; -0.035     ; 197.269    ;
; -196.290 ; integ:integ|pc[7] ; integ:integ|regfile:regfile|x[22][30]         ; clk_c        ; clk_c       ; 1.000        ; -0.043     ; 197.245    ;
; -196.290 ; integ:integ|pc[7] ; integ:integ|regfile:regfile|x[18][30]         ; clk_c        ; clk_c       ; 1.000        ; -0.043     ; 197.245    ;
; -196.262 ; integ:integ|pc[7] ; integ:integ|regfile:regfile|x[24][30]         ; clk_c        ; clk_c       ; 1.000        ; -0.040     ; 197.220    ;
+----------+-------------------+-----------------------------------------------+--------------+-------------+--------------+------------+------------+


+----------------------------------------------------------------------------------------------------------+
; Slow 1200mV 85C Model Setup: 'clk_i'                                                                     ;
+--------+-------------+-------------+--------------+-------------+--------------+------------+------------+
; Slack  ; From Node   ; To Node     ; Launch Clock ; Latch Clock ; Relationship ; Clock Skew ; Data Delay ;
+--------+-------------+-------------+--------------+-------------+--------------+------------+------------+
; -2.847 ; counter[0]  ; counter[31] ; clk_i        ; clk_i       ; 1.000        ; -0.079     ; 3.766      ;
; -2.831 ; counter[1]  ; counter[30] ; clk_i        ; clk_i       ; 1.000        ; -0.079     ; 3.750      ;
; -2.812 ; counter[1]  ; counter[31] ; clk_i        ; clk_i       ; 1.000        ; -0.079     ; 3.731      ;
; -2.740 ; counter[0]  ; counter[30] ; clk_i        ; clk_i       ; 1.000        ; -0.079     ; 3.659      ;
; -2.715 ; counter[0]  ; counter[29] ; clk_i        ; clk_i       ; 1.000        ; -0.079     ; 3.634      ;
; -2.699 ; counter[1]  ; counter[28] ; clk_i        ; clk_i       ; 1.000        ; -0.079     ; 3.618      ;
; -2.680 ; counter[1]  ; counter[29] ; clk_i        ; clk_i       ; 1.000        ; -0.079     ; 3.599      ;
; -2.648 ; counter[4]  ; counter[31] ; clk_i        ; clk_i       ; 1.000        ; -0.079     ; 3.567      ;
; -2.608 ; counter[0]  ; counter[28] ; clk_i        ; clk_i       ; 1.000        ; -0.079     ; 3.527      ;
; -2.600 ; counter[5]  ; counter[30] ; clk_i        ; clk_i       ; 1.000        ; -0.079     ; 3.519      ;
; -2.583 ; counter[0]  ; counter[27] ; clk_i        ; clk_i       ; 1.000        ; -0.079     ; 3.502      ;
; -2.581 ; counter[5]  ; counter[31] ; clk_i        ; clk_i       ; 1.000        ; -0.079     ; 3.500      ;
; -2.567 ; counter[1]  ; counter[26] ; clk_i        ; clk_i       ; 1.000        ; -0.079     ; 3.486      ;
; -2.560 ; counter[2]  ; counter[31] ; clk_i        ; clk_i       ; 1.000        ; -0.077     ; 3.481      ;
; -2.548 ; counter[1]  ; counter[27] ; clk_i        ; clk_i       ; 1.000        ; -0.079     ; 3.467      ;
; -2.546 ; counter[3]  ; counter[30] ; clk_i        ; clk_i       ; 1.000        ; -0.077     ; 3.467      ;
; -2.527 ; counter[3]  ; counter[31] ; clk_i        ; clk_i       ; 1.000        ; -0.077     ; 3.448      ;
; -2.516 ; counter[4]  ; counter[29] ; clk_i        ; clk_i       ; 1.000        ; -0.079     ; 3.435      ;
; -2.509 ; counter[4]  ; counter[30] ; clk_i        ; clk_i       ; 1.000        ; -0.079     ; 3.428      ;
; -2.476 ; counter[0]  ; counter[26] ; clk_i        ; clk_i       ; 1.000        ; -0.079     ; 3.395      ;
; -2.468 ; counter[5]  ; counter[28] ; clk_i        ; clk_i       ; 1.000        ; -0.079     ; 3.387      ;
; -2.458 ; counter[2]  ; counter[30] ; clk_i        ; clk_i       ; 1.000        ; -0.077     ; 3.379      ;
; -2.451 ; counter[0]  ; counter[25] ; clk_i        ; clk_i       ; 1.000        ; -0.079     ; 3.370      ;
; -2.449 ; counter[5]  ; counter[29] ; clk_i        ; clk_i       ; 1.000        ; -0.079     ; 3.368      ;
; -2.435 ; counter[1]  ; counter[24] ; clk_i        ; clk_i       ; 1.000        ; -0.079     ; 3.354      ;
; -2.428 ; counter[2]  ; counter[29] ; clk_i        ; clk_i       ; 1.000        ; -0.077     ; 3.349      ;
; -2.416 ; counter[1]  ; counter[25] ; clk_i        ; clk_i       ; 1.000        ; -0.079     ; 3.335      ;
; -2.414 ; counter[3]  ; counter[28] ; clk_i        ; clk_i       ; 1.000        ; -0.077     ; 3.335      ;
; -2.395 ; counter[3]  ; counter[29] ; clk_i        ; clk_i       ; 1.000        ; -0.077     ; 3.316      ;
; -2.384 ; counter[4]  ; counter[27] ; clk_i        ; clk_i       ; 1.000        ; -0.079     ; 3.303      ;
; -2.377 ; counter[4]  ; counter[28] ; clk_i        ; clk_i       ; 1.000        ; -0.079     ; 3.296      ;
; -2.344 ; counter[0]  ; counter[24] ; clk_i        ; clk_i       ; 1.000        ; -0.079     ; 3.263      ;
; -2.343 ; counter[27] ; counter[4]  ; clk_i        ; clk_i       ; 1.000        ; -0.079     ; 3.262      ;
; -2.342 ; counter[27] ; counter[1]  ; clk_i        ; clk_i       ; 1.000        ; -0.079     ; 3.261      ;
; -2.337 ; counter[27] ; clk_c       ; clk_i        ; clk_i       ; 1.000        ; -0.079     ; 3.256      ;
; -2.336 ; counter[5]  ; counter[26] ; clk_i        ; clk_i       ; 1.000        ; -0.079     ; 3.255      ;
; -2.332 ; counter[27] ; counter[5]  ; clk_i        ; clk_i       ; 1.000        ; -0.079     ; 3.251      ;
; -2.331 ; counter[27] ; counter[0]  ; clk_i        ; clk_i       ; 1.000        ; -0.079     ; 3.250      ;
; -2.326 ; counter[2]  ; counter[28] ; clk_i        ; clk_i       ; 1.000        ; -0.077     ; 3.247      ;
; -2.319 ; counter[0]  ; counter[23] ; clk_i        ; clk_i       ; 1.000        ; -0.079     ; 3.238      ;
; -2.317 ; counter[5]  ; counter[27] ; clk_i        ; clk_i       ; 1.000        ; -0.079     ; 3.236      ;
; -2.303 ; counter[1]  ; counter[22] ; clk_i        ; clk_i       ; 1.000        ; -0.079     ; 3.222      ;
; -2.296 ; counter[2]  ; counter[27] ; clk_i        ; clk_i       ; 1.000        ; -0.077     ; 3.217      ;
; -2.293 ; counter[6]  ; counter[31] ; clk_i        ; clk_i       ; 1.000        ; -0.077     ; 3.214      ;
; -2.286 ; counter[7]  ; counter[30] ; clk_i        ; clk_i       ; 1.000        ; -0.077     ; 3.207      ;
; -2.284 ; counter[1]  ; counter[23] ; clk_i        ; clk_i       ; 1.000        ; -0.079     ; 3.203      ;
; -2.282 ; counter[3]  ; counter[26] ; clk_i        ; clk_i       ; 1.000        ; -0.077     ; 3.203      ;
; -2.267 ; counter[7]  ; counter[31] ; clk_i        ; clk_i       ; 1.000        ; -0.077     ; 3.188      ;
; -2.263 ; counter[3]  ; counter[27] ; clk_i        ; clk_i       ; 1.000        ; -0.077     ; 3.184      ;
; -2.252 ; counter[4]  ; counter[25] ; clk_i        ; clk_i       ; 1.000        ; -0.079     ; 3.171      ;
; -2.245 ; counter[4]  ; counter[26] ; clk_i        ; clk_i       ; 1.000        ; -0.079     ; 3.164      ;
; -2.212 ; counter[0]  ; counter[22] ; clk_i        ; clk_i       ; 1.000        ; -0.079     ; 3.131      ;
; -2.204 ; counter[5]  ; counter[24] ; clk_i        ; clk_i       ; 1.000        ; -0.079     ; 3.123      ;
; -2.200 ; counter[6]  ; counter[30] ; clk_i        ; clk_i       ; 1.000        ; -0.077     ; 3.121      ;
; -2.194 ; counter[2]  ; counter[26] ; clk_i        ; clk_i       ; 1.000        ; -0.077     ; 3.115      ;
; -2.187 ; counter[0]  ; counter[21] ; clk_i        ; clk_i       ; 1.000        ; -0.079     ; 3.106      ;
; -2.185 ; counter[5]  ; counter[25] ; clk_i        ; clk_i       ; 1.000        ; -0.079     ; 3.104      ;
; -2.171 ; counter[1]  ; counter[20] ; clk_i        ; clk_i       ; 1.000        ; -0.079     ; 3.090      ;
; -2.166 ; counter[8]  ; counter[31] ; clk_i        ; clk_i       ; 1.000        ; -0.077     ; 3.087      ;
; -2.164 ; counter[2]  ; counter[25] ; clk_i        ; clk_i       ; 1.000        ; -0.077     ; 3.085      ;
; -2.161 ; counter[6]  ; counter[29] ; clk_i        ; clk_i       ; 1.000        ; -0.077     ; 3.082      ;
; -2.154 ; counter[9]  ; counter[30] ; clk_i        ; clk_i       ; 1.000        ; -0.077     ; 3.075      ;
; -2.154 ; counter[7]  ; counter[28] ; clk_i        ; clk_i       ; 1.000        ; -0.077     ; 3.075      ;
; -2.152 ; counter[1]  ; counter[21] ; clk_i        ; clk_i       ; 1.000        ; -0.079     ; 3.071      ;
; -2.150 ; counter[3]  ; counter[24] ; clk_i        ; clk_i       ; 1.000        ; -0.077     ; 3.071      ;
; -2.135 ; counter[9]  ; counter[31] ; clk_i        ; clk_i       ; 1.000        ; -0.077     ; 3.056      ;
; -2.135 ; counter[7]  ; counter[29] ; clk_i        ; clk_i       ; 1.000        ; -0.077     ; 3.056      ;
; -2.131 ; counter[3]  ; counter[25] ; clk_i        ; clk_i       ; 1.000        ; -0.077     ; 3.052      ;
; -2.120 ; counter[4]  ; counter[23] ; clk_i        ; clk_i       ; 1.000        ; -0.079     ; 3.039      ;
; -2.113 ; counter[4]  ; counter[24] ; clk_i        ; clk_i       ; 1.000        ; -0.079     ; 3.032      ;
; -2.080 ; counter[0]  ; counter[20] ; clk_i        ; clk_i       ; 1.000        ; -0.079     ; 2.999      ;
; -2.072 ; counter[5]  ; counter[22] ; clk_i        ; clk_i       ; 1.000        ; -0.079     ; 2.991      ;
; -2.068 ; counter[6]  ; counter[28] ; clk_i        ; clk_i       ; 1.000        ; -0.077     ; 2.989      ;
; -2.064 ; counter[8]  ; counter[30] ; clk_i        ; clk_i       ; 1.000        ; -0.077     ; 2.985      ;
; -2.062 ; counter[2]  ; counter[24] ; clk_i        ; clk_i       ; 1.000        ; -0.077     ; 2.983      ;
; -2.055 ; counter[0]  ; counter[19] ; clk_i        ; clk_i       ; 1.000        ; -0.079     ; 2.974      ;
; -2.053 ; counter[5]  ; counter[23] ; clk_i        ; clk_i       ; 1.000        ; -0.079     ; 2.972      ;
; -2.039 ; counter[1]  ; counter[18] ; clk_i        ; clk_i       ; 1.000        ; -0.079     ; 2.958      ;
; -2.034 ; counter[8]  ; counter[29] ; clk_i        ; clk_i       ; 1.000        ; -0.077     ; 2.955      ;
; -2.033 ; counter[10] ; counter[31] ; clk_i        ; clk_i       ; 1.000        ; -0.077     ; 2.954      ;
; -2.032 ; counter[2]  ; counter[23] ; clk_i        ; clk_i       ; 1.000        ; -0.077     ; 2.953      ;
; -2.029 ; counter[6]  ; counter[27] ; clk_i        ; clk_i       ; 1.000        ; -0.077     ; 2.950      ;
; -2.022 ; counter[9]  ; counter[28] ; clk_i        ; clk_i       ; 1.000        ; -0.077     ; 2.943      ;
; -2.022 ; counter[7]  ; counter[26] ; clk_i        ; clk_i       ; 1.000        ; -0.077     ; 2.943      ;
; -2.020 ; counter[1]  ; counter[19] ; clk_i        ; clk_i       ; 1.000        ; -0.079     ; 2.939      ;
; -2.019 ; counter[11] ; counter[30] ; clk_i        ; clk_i       ; 1.000        ; -0.077     ; 2.940      ;
; -2.018 ; counter[3]  ; counter[22] ; clk_i        ; clk_i       ; 1.000        ; -0.077     ; 2.939      ;
; -2.003 ; counter[9]  ; counter[29] ; clk_i        ; clk_i       ; 1.000        ; -0.077     ; 2.924      ;
; -2.003 ; counter[7]  ; counter[27] ; clk_i        ; clk_i       ; 1.000        ; -0.077     ; 2.924      ;
; -2.000 ; counter[11] ; counter[31] ; clk_i        ; clk_i       ; 1.000        ; -0.077     ; 2.921      ;
; -1.999 ; counter[3]  ; counter[23] ; clk_i        ; clk_i       ; 1.000        ; -0.077     ; 2.920      ;
; -1.996 ; counter[0]  ; counter[5]  ; clk_i        ; clk_i       ; 1.000        ; -0.079     ; 2.915      ;
; -1.988 ; counter[4]  ; counter[21] ; clk_i        ; clk_i       ; 1.000        ; -0.079     ; 2.907      ;
; -1.981 ; counter[4]  ; counter[22] ; clk_i        ; clk_i       ; 1.000        ; -0.079     ; 2.900      ;
; -1.968 ; counter[1]  ; counter[5]  ; clk_i        ; clk_i       ; 1.000        ; -0.079     ; 2.887      ;
; -1.948 ; counter[0]  ; counter[18] ; clk_i        ; clk_i       ; 1.000        ; -0.079     ; 2.867      ;
; -1.946 ; counter[1]  ; counter[4]  ; clk_i        ; clk_i       ; 1.000        ; -0.079     ; 2.865      ;
; -1.940 ; counter[5]  ; counter[20] ; clk_i        ; clk_i       ; 1.000        ; -0.079     ; 2.859      ;
; -1.936 ; counter[6]  ; counter[26] ; clk_i        ; clk_i       ; 1.000        ; -0.077     ; 2.857      ;
; -1.932 ; counter[10] ; counter[30] ; clk_i        ; clk_i       ; 1.000        ; -0.077     ; 2.853      ;
+--------+-------------+-------------+--------------+-------------+--------------+------------+------------+


+----------------------------------------------------------------------------------------------------------+
; Slow 1200mV 85C Model Hold: 'clk_i'                                                                      ;
+--------+-------------+-------------+--------------+-------------+--------------+------------+------------+
; Slack  ; From Node   ; To Node     ; Launch Clock ; Latch Clock ; Relationship ; Clock Skew ; Data Delay ;
+--------+-------------+-------------+--------------+-------------+--------------+------------+------------+
; -2.799 ; clk_c       ; clk_c       ; clk_c        ; clk_i       ; 0.000        ; 3.027      ; 0.676      ;
; -2.306 ; clk_c       ; clk_c       ; clk_c        ; clk_i       ; -0.500       ; 3.027      ; 0.669      ;
; 0.656  ; counter[15] ; counter[15] ; clk_i        ; clk_i       ; 0.000        ; 0.079      ; 0.921      ;
; 0.656  ; counter[13] ; counter[13] ; clk_i        ; clk_i       ; 0.000        ; 0.079      ; 0.921      ;
; 0.656  ; counter[3]  ; counter[3]  ; clk_i        ; clk_i       ; 0.000        ; 0.079      ; 0.921      ;
; 0.657  ; counter[29] ; counter[29] ; clk_i        ; clk_i       ; 0.000        ; 0.079      ; 0.922      ;
; 0.657  ; counter[21] ; counter[21] ; clk_i        ; clk_i       ; 0.000        ; 0.079      ; 0.922      ;
; 0.657  ; counter[19] ; counter[19] ; clk_i        ; clk_i       ; 0.000        ; 0.079      ; 0.922      ;
; 0.657  ; counter[11] ; counter[11] ; clk_i        ; clk_i       ; 0.000        ; 0.079      ; 0.922      ;
; 0.658  ; counter[27] ; counter[27] ; clk_i        ; clk_i       ; 0.000        ; 0.079      ; 0.923      ;
; 0.658  ; counter[17] ; counter[17] ; clk_i        ; clk_i       ; 0.000        ; 0.079      ; 0.923      ;
; 0.659  ; counter[31] ; counter[31] ; clk_i        ; clk_i       ; 0.000        ; 0.079      ; 0.924      ;
; 0.659  ; counter[22] ; counter[22] ; clk_i        ; clk_i       ; 0.000        ; 0.079      ; 0.924      ;
; 0.659  ; counter[9]  ; counter[9]  ; clk_i        ; clk_i       ; 0.000        ; 0.079      ; 0.924      ;
; 0.659  ; counter[7]  ; counter[7]  ; clk_i        ; clk_i       ; 0.000        ; 0.079      ; 0.924      ;
; 0.659  ; counter[6]  ; counter[6]  ; clk_i        ; clk_i       ; 0.000        ; 0.079      ; 0.924      ;
; 0.660  ; counter[23] ; counter[23] ; clk_i        ; clk_i       ; 0.000        ; 0.079      ; 0.925      ;
; 0.660  ; counter[25] ; counter[25] ; clk_i        ; clk_i       ; 0.000        ; 0.079      ; 0.925      ;
; 0.661  ; counter[16] ; counter[16] ; clk_i        ; clk_i       ; 0.000        ; 0.079      ; 0.926      ;
; 0.661  ; counter[14] ; counter[14] ; clk_i        ; clk_i       ; 0.000        ; 0.079      ; 0.926      ;
; 0.661  ; counter[2]  ; counter[2]  ; clk_i        ; clk_i       ; 0.000        ; 0.079      ; 0.926      ;
; 0.662  ; counter[20] ; counter[20] ; clk_i        ; clk_i       ; 0.000        ; 0.079      ; 0.927      ;
; 0.662  ; counter[18] ; counter[18] ; clk_i        ; clk_i       ; 0.000        ; 0.079      ; 0.927      ;
; 0.662  ; counter[12] ; counter[12] ; clk_i        ; clk_i       ; 0.000        ; 0.079      ; 0.927      ;
; 0.662  ; counter[10] ; counter[10] ; clk_i        ; clk_i       ; 0.000        ; 0.079      ; 0.927      ;
; 0.662  ; counter[8]  ; counter[8]  ; clk_i        ; clk_i       ; 0.000        ; 0.079      ; 0.927      ;
; 0.663  ; counter[28] ; counter[28] ; clk_i        ; clk_i       ; 0.000        ; 0.079      ; 0.928      ;
; 0.663  ; counter[30] ; counter[30] ; clk_i        ; clk_i       ; 0.000        ; 0.079      ; 0.928      ;
; 0.663  ; counter[26] ; counter[26] ; clk_i        ; clk_i       ; 0.000        ; 0.079      ; 0.928      ;
; 0.663  ; counter[24] ; counter[24] ; clk_i        ; clk_i       ; 0.000        ; 0.079      ; 0.928      ;
; 0.972  ; counter[15] ; counter[16] ; clk_i        ; clk_i       ; 0.000        ; 0.081      ; 1.239      ;
; 0.974  ; counter[13] ; counter[14] ; clk_i        ; clk_i       ; 0.000        ; 0.079      ; 1.239      ;
; 0.975  ; counter[21] ; counter[22] ; clk_i        ; clk_i       ; 0.000        ; 0.079      ; 1.240      ;
; 0.975  ; counter[19] ; counter[20] ; clk_i        ; clk_i       ; 0.000        ; 0.079      ; 1.240      ;
; 0.975  ; counter[17] ; counter[18] ; clk_i        ; clk_i       ; 0.000        ; 0.079      ; 1.240      ;
; 0.975  ; counter[11] ; counter[12] ; clk_i        ; clk_i       ; 0.000        ; 0.079      ; 1.240      ;
; 0.975  ; counter[29] ; counter[30] ; clk_i        ; clk_i       ; 0.000        ; 0.079      ; 1.240      ;
; 0.976  ; counter[9]  ; counter[10] ; clk_i        ; clk_i       ; 0.000        ; 0.079      ; 1.241      ;
; 0.976  ; counter[7]  ; counter[8]  ; clk_i        ; clk_i       ; 0.000        ; 0.079      ; 1.241      ;
; 0.976  ; counter[27] ; counter[28] ; clk_i        ; clk_i       ; 0.000        ; 0.079      ; 1.241      ;
; 0.977  ; counter[25] ; counter[26] ; clk_i        ; clk_i       ; 0.000        ; 0.079      ; 1.242      ;
; 0.977  ; counter[23] ; counter[24] ; clk_i        ; clk_i       ; 0.000        ; 0.079      ; 1.242      ;
; 0.986  ; counter[6]  ; counter[7]  ; clk_i        ; clk_i       ; 0.000        ; 0.079      ; 1.251      ;
; 0.986  ; counter[22] ; counter[23] ; clk_i        ; clk_i       ; 0.000        ; 0.079      ; 1.251      ;
; 0.988  ; counter[14] ; counter[15] ; clk_i        ; clk_i       ; 0.000        ; 0.079      ; 1.253      ;
; 0.988  ; counter[2]  ; counter[3]  ; clk_i        ; clk_i       ; 0.000        ; 0.079      ; 1.253      ;
; 0.988  ; counter[16] ; counter[17] ; clk_i        ; clk_i       ; 0.000        ; 0.079      ; 1.253      ;
; 0.989  ; counter[12] ; counter[13] ; clk_i        ; clk_i       ; 0.000        ; 0.079      ; 1.254      ;
; 0.989  ; counter[20] ; counter[21] ; clk_i        ; clk_i       ; 0.000        ; 0.079      ; 1.254      ;
; 0.989  ; counter[18] ; counter[19] ; clk_i        ; clk_i       ; 0.000        ; 0.079      ; 1.254      ;
; 0.989  ; counter[10] ; counter[11] ; clk_i        ; clk_i       ; 0.000        ; 0.079      ; 1.254      ;
; 0.989  ; counter[8]  ; counter[9]  ; clk_i        ; clk_i       ; 0.000        ; 0.079      ; 1.254      ;
; 0.990  ; counter[28] ; counter[29] ; clk_i        ; clk_i       ; 0.000        ; 0.079      ; 1.255      ;
; 0.990  ; counter[26] ; counter[27] ; clk_i        ; clk_i       ; 0.000        ; 0.079      ; 1.255      ;
; 0.990  ; counter[30] ; counter[31] ; clk_i        ; clk_i       ; 0.000        ; 0.079      ; 1.255      ;
; 0.990  ; counter[24] ; counter[25] ; clk_i        ; clk_i       ; 0.000        ; 0.079      ; 1.255      ;
; 0.991  ; counter[14] ; counter[16] ; clk_i        ; clk_i       ; 0.000        ; 0.081      ; 1.258      ;
; 0.991  ; counter[6]  ; counter[8]  ; clk_i        ; clk_i       ; 0.000        ; 0.079      ; 1.256      ;
; 0.991  ; counter[22] ; counter[24] ; clk_i        ; clk_i       ; 0.000        ; 0.079      ; 1.256      ;
; 0.993  ; counter[16] ; counter[18] ; clk_i        ; clk_i       ; 0.000        ; 0.079      ; 1.258      ;
; 0.994  ; counter[12] ; counter[14] ; clk_i        ; clk_i       ; 0.000        ; 0.079      ; 1.259      ;
; 0.994  ; counter[20] ; counter[22] ; clk_i        ; clk_i       ; 0.000        ; 0.079      ; 1.259      ;
; 0.994  ; counter[18] ; counter[20] ; clk_i        ; clk_i       ; 0.000        ; 0.079      ; 1.259      ;
; 0.994  ; counter[10] ; counter[12] ; clk_i        ; clk_i       ; 0.000        ; 0.079      ; 1.259      ;
; 0.994  ; counter[8]  ; counter[10] ; clk_i        ; clk_i       ; 0.000        ; 0.079      ; 1.259      ;
; 0.995  ; counter[28] ; counter[30] ; clk_i        ; clk_i       ; 0.000        ; 0.079      ; 1.260      ;
; 0.995  ; counter[26] ; counter[28] ; clk_i        ; clk_i       ; 0.000        ; 0.079      ; 1.260      ;
; 0.995  ; counter[24] ; counter[26] ; clk_i        ; clk_i       ; 0.000        ; 0.079      ; 1.260      ;
; 1.093  ; counter[15] ; counter[17] ; clk_i        ; clk_i       ; 0.000        ; 0.081      ; 1.360      ;
; 1.095  ; counter[13] ; counter[15] ; clk_i        ; clk_i       ; 0.000        ; 0.079      ; 1.360      ;
; 1.096  ; counter[21] ; counter[23] ; clk_i        ; clk_i       ; 0.000        ; 0.079      ; 1.361      ;
; 1.096  ; counter[11] ; counter[13] ; clk_i        ; clk_i       ; 0.000        ; 0.079      ; 1.361      ;
; 1.096  ; counter[19] ; counter[21] ; clk_i        ; clk_i       ; 0.000        ; 0.079      ; 1.361      ;
; 1.096  ; counter[17] ; counter[19] ; clk_i        ; clk_i       ; 0.000        ; 0.079      ; 1.361      ;
; 1.096  ; counter[29] ; counter[31] ; clk_i        ; clk_i       ; 0.000        ; 0.079      ; 1.361      ;
; 1.097  ; counter[9]  ; counter[11] ; clk_i        ; clk_i       ; 0.000        ; 0.079      ; 1.362      ;
; 1.097  ; counter[7]  ; counter[9]  ; clk_i        ; clk_i       ; 0.000        ; 0.079      ; 1.362      ;
; 1.097  ; counter[27] ; counter[29] ; clk_i        ; clk_i       ; 0.000        ; 0.079      ; 1.362      ;
; 1.098  ; counter[25] ; counter[27] ; clk_i        ; clk_i       ; 0.000        ; 0.079      ; 1.363      ;
; 1.098  ; counter[23] ; counter[25] ; clk_i        ; clk_i       ; 0.000        ; 0.079      ; 1.363      ;
; 1.098  ; counter[13] ; counter[16] ; clk_i        ; clk_i       ; 0.000        ; 0.081      ; 1.365      ;
; 1.098  ; counter[15] ; counter[18] ; clk_i        ; clk_i       ; 0.000        ; 0.081      ; 1.365      ;
; 1.100  ; counter[3]  ; counter[6]  ; clk_i        ; clk_i       ; 0.000        ; 0.079      ; 1.365      ;
; 1.101  ; counter[21] ; counter[24] ; clk_i        ; clk_i       ; 0.000        ; 0.079      ; 1.366      ;
; 1.101  ; counter[11] ; counter[14] ; clk_i        ; clk_i       ; 0.000        ; 0.079      ; 1.366      ;
; 1.101  ; counter[19] ; counter[22] ; clk_i        ; clk_i       ; 0.000        ; 0.079      ; 1.366      ;
; 1.101  ; counter[17] ; counter[20] ; clk_i        ; clk_i       ; 0.000        ; 0.079      ; 1.366      ;
; 1.102  ; counter[9]  ; counter[12] ; clk_i        ; clk_i       ; 0.000        ; 0.079      ; 1.367      ;
; 1.102  ; counter[7]  ; counter[10] ; clk_i        ; clk_i       ; 0.000        ; 0.079      ; 1.367      ;
; 1.102  ; counter[27] ; counter[30] ; clk_i        ; clk_i       ; 0.000        ; 0.079      ; 1.367      ;
; 1.103  ; counter[25] ; counter[28] ; clk_i        ; clk_i       ; 0.000        ; 0.079      ; 1.368      ;
; 1.103  ; counter[23] ; counter[26] ; clk_i        ; clk_i       ; 0.000        ; 0.079      ; 1.368      ;
; 1.112  ; counter[14] ; counter[17] ; clk_i        ; clk_i       ; 0.000        ; 0.081      ; 1.379      ;
; 1.112  ; counter[6]  ; counter[9]  ; clk_i        ; clk_i       ; 0.000        ; 0.079      ; 1.377      ;
; 1.112  ; counter[22] ; counter[25] ; clk_i        ; clk_i       ; 0.000        ; 0.079      ; 1.377      ;
; 1.114  ; counter[16] ; counter[19] ; clk_i        ; clk_i       ; 0.000        ; 0.079      ; 1.379      ;
; 1.115  ; counter[12] ; counter[15] ; clk_i        ; clk_i       ; 0.000        ; 0.079      ; 1.380      ;
; 1.115  ; counter[20] ; counter[23] ; clk_i        ; clk_i       ; 0.000        ; 0.079      ; 1.380      ;
; 1.115  ; counter[10] ; counter[13] ; clk_i        ; clk_i       ; 0.000        ; 0.079      ; 1.380      ;
; 1.115  ; counter[18] ; counter[21] ; clk_i        ; clk_i       ; 0.000        ; 0.079      ; 1.380      ;
+--------+-------------+-------------+--------------+-------------+--------------+------------+------------+


+---------------------------------------------------------------------------------------------------------------------------------------------------------------------------------------+
; Slow 1200mV 85C Model Hold: 'clk_c'                                                                                                                                                   ;
+-------+------------------------------------------------+--------------------------------------------------------+--------------+-------------+--------------+------------+------------+
; Slack ; From Node                                      ; To Node                                                ; Launch Clock ; Latch Clock ; Relationship ; Clock Skew ; Data Delay ;
+-------+------------------------------------------------+--------------------------------------------------------+--------------+-------------+--------------+------------+------------+
; 0.405 ; integ:integ|pc[0]                              ; integ:integ|pc[0]                                      ; clk_c        ; clk_c       ; 0.000        ; 0.078      ; 0.669      ;
; 0.430 ; integ:integ|data_memory:data_mem|io_mem[0][2]  ; integ:integ|data_memory:data_mem|systemoutput_o[1][2]  ; clk_c        ; clk_c       ; 0.000        ; 0.080      ; 0.696      ;
; 0.431 ; integ:integ|data_memory:data_mem|io_mem[0][0]  ; integ:integ|data_memory:data_mem|systemoutput_o[1][0]  ; clk_c        ; clk_c       ; 0.000        ; 0.080      ; 0.697      ;
; 0.431 ; integ:integ|data_memory:data_mem|io_mem[0][14] ; integ:integ|data_memory:data_mem|systemoutput_o[1][14] ; clk_c        ; clk_c       ; 0.000        ; 0.078      ; 0.695      ;
; 0.431 ; integ:integ|data_memory:data_mem|io_mem[1][28] ; integ:integ|data_memory:data_mem|systemoutput_o[0][28] ; clk_c        ; clk_c       ; 0.000        ; 0.079      ; 0.696      ;
; 0.432 ; integ:integ|data_memory:data_mem|io_mem[0][15] ; integ:integ|data_memory:data_mem|systemoutput_o[1][15] ; clk_c        ; clk_c       ; 0.000        ; 0.078      ; 0.696      ;
; 0.453 ; integ:integ|data_memory:data_mem|io_mem[1][13] ; integ:integ|data_memory:data_mem|systemoutput_o[0][13] ; clk_c        ; clk_c       ; 0.000        ; 0.079      ; 0.718      ;
; 0.595 ; integ:integ|data_memory:data_mem|io_mem[0][31] ; integ:integ|data_memory:data_mem|systemoutput_o[1][31] ; clk_c        ; clk_c       ; 0.000        ; 0.077      ; 0.858      ;
; 0.598 ; integ:integ|data_memory:data_mem|io_mem[1][21] ; integ:integ|data_memory:data_mem|systemoutput_o[0][21] ; clk_c        ; clk_c       ; 0.000        ; 0.078      ; 0.862      ;
; 0.599 ; integ:integ|data_memory:data_mem|io_mem[0][4]  ; integ:integ|data_memory:data_mem|systemoutput_o[1][4]  ; clk_c        ; clk_c       ; 0.000        ; 0.080      ; 0.865      ;
; 0.600 ; integ:integ|data_memory:data_mem|io_mem[0][10] ; integ:integ|data_memory:data_mem|systemoutput_o[1][10] ; clk_c        ; clk_c       ; 0.000        ; 0.080      ; 0.866      ;
; 0.601 ; integ:integ|data_memory:data_mem|io_mem[0][11] ; integ:integ|data_memory:data_mem|systemoutput_o[1][11] ; clk_c        ; clk_c       ; 0.000        ; 0.080      ; 0.867      ;
; 0.602 ; integ:integ|data_memory:data_mem|io_mem[0][6]  ; integ:integ|data_memory:data_mem|systemoutput_o[1][6]  ; clk_c        ; clk_c       ; 0.000        ; 0.080      ; 0.868      ;
; 0.602 ; integ:integ|data_memory:data_mem|io_mem[1][10] ; integ:integ|data_memory:data_mem|systemoutput_o[0][10] ; clk_c        ; clk_c       ; 0.000        ; 0.078      ; 0.866      ;
; 0.603 ; integ:integ|data_memory:data_mem|io_mem[0][12] ; integ:integ|data_memory:data_mem|systemoutput_o[1][12] ; clk_c        ; clk_c       ; 0.000        ; 0.078      ; 0.867      ;
; 0.604 ; integ:integ|data_memory:data_mem|io_mem[0][30] ; integ:integ|data_memory:data_mem|systemoutput_o[1][30] ; clk_c        ; clk_c       ; 0.000        ; 0.077      ; 0.867      ;
; 0.605 ; integ:integ|data_memory:data_mem|io_mem[1][0]  ; integ:integ|data_memory:data_mem|systemoutput_o[0][0]  ; clk_c        ; clk_c       ; 0.000        ; 0.079      ; 0.870      ;
; 0.605 ; integ:integ|data_memory:data_mem|io_mem[0][20] ; integ:integ|data_memory:data_mem|systemoutput_o[1][20] ; clk_c        ; clk_c       ; 0.000        ; 0.077      ; 0.868      ;
; 0.617 ; integ:integ|data_memory:data_mem|io_mem[0][9]  ; integ:integ|data_memory:data_mem|systemoutput_o[1][9]  ; clk_c        ; clk_c       ; 0.000        ; 0.077      ; 0.880      ;
; 0.622 ; integ:integ|data_memory:data_mem|io_mem[0][7]  ; integ:integ|data_memory:data_mem|systemoutput_o[1][7]  ; clk_c        ; clk_c       ; 0.000        ; 0.078      ; 0.886      ;
; 0.623 ; integ:integ|data_memory:data_mem|io_mem[1][5]  ; integ:integ|data_memory:data_mem|systemoutput_o[0][5]  ; clk_c        ; clk_c       ; 0.000        ; 0.079      ; 0.888      ;
; 0.624 ; integ:integ|data_memory:data_mem|io_mem[1][1]  ; integ:integ|data_memory:data_mem|systemoutput_o[0][1]  ; clk_c        ; clk_c       ; 0.000        ; 0.079      ; 0.889      ;
; 0.627 ; integ:integ|data_memory:data_mem|io_mem[0][21] ; integ:integ|data_memory:data_mem|systemoutput_o[1][21] ; clk_c        ; clk_c       ; 0.000        ; 0.076      ; 0.889      ;
; 0.743 ; integ:integ|data_memory:data_mem|io_mem[1][15] ; integ:integ|data_memory:data_mem|io_data[15]           ; clk_c        ; clk_c       ; 0.000        ; 0.078      ; 1.007      ;
; 0.743 ; integ:integ|data_memory:data_mem|io_mem[1][22] ; integ:integ|data_memory:data_mem|io_data[22]           ; clk_c        ; clk_c       ; 0.000        ; 0.077      ; 1.006      ;
; 0.743 ; integ:integ|data_memory:data_mem|io_mem[1][18] ; integ:integ|data_memory:data_mem|io_data[18]           ; clk_c        ; clk_c       ; 0.000        ; 0.077      ; 1.006      ;
; 0.743 ; integ:integ|data_memory:data_mem|io_mem[1][30] ; integ:integ|data_memory:data_mem|io_data[30]           ; clk_c        ; clk_c       ; 0.000        ; 0.079      ; 1.008      ;
; 0.744 ; integ:integ|data_memory:data_mem|io_mem[1][14] ; integ:integ|data_memory:data_mem|io_data[14]           ; clk_c        ; clk_c       ; 0.000        ; 0.078      ; 1.008      ;
; 0.745 ; integ:integ|data_memory:data_mem|io_mem[1][23] ; integ:integ|data_memory:data_mem|io_data[23]           ; clk_c        ; clk_c       ; 0.000        ; 0.077      ; 1.008      ;
; 0.768 ; integ:integ|data_memory:data_mem|io_mem[0][3]  ; integ:integ|data_memory:data_mem|systemoutput_o[1][3]  ; clk_c        ; clk_c       ; 0.000        ; 0.080      ; 1.034      ;
; 0.771 ; integ:integ|data_memory:data_mem|io_mem[0][27] ; integ:integ|data_memory:data_mem|systemoutput_o[1][27] ; clk_c        ; clk_c       ; 0.000        ; 0.078      ; 1.035      ;
; 0.771 ; integ:integ|data_memory:data_mem|io_mem[1][15] ; integ:integ|data_memory:data_mem|systemoutput_o[0][15] ; clk_c        ; clk_c       ; 0.000        ; 0.078      ; 1.035      ;
; 0.772 ; integ:integ|data_memory:data_mem|io_mem[0][5]  ; integ:integ|data_memory:data_mem|systemoutput_o[1][5]  ; clk_c        ; clk_c       ; 0.000        ; 0.080      ; 1.038      ;
; 0.775 ; integ:integ|data_memory:data_mem|io_mem[2][29] ; integ:integ|data_memory:data_mem|io_data[29]           ; clk_c        ; clk_c       ; 0.000        ; 0.078      ; 1.039      ;
; 0.776 ; integ:integ|data_memory:data_mem|io_mem[2][11] ; integ:integ|data_memory:data_mem|io_data[11]           ; clk_c        ; clk_c       ; 0.000        ; 0.078      ; 1.040      ;
; 0.777 ; integ:integ|data_memory:data_mem|io_mem[3][30] ; integ:integ|data_memory:data_mem|io_data[30]           ; clk_c        ; clk_c       ; 0.000        ; 0.079      ; 1.042      ;
; 0.781 ; integ:integ|data_memory:data_mem|io_mem[3][23] ; integ:integ|data_memory:data_mem|io_data[23]           ; clk_c        ; clk_c       ; 0.000        ; 0.077      ; 1.044      ;
; 0.823 ; integ:integ|data_memory:data_mem|io_mem[0][24] ; integ:integ|data_memory:data_mem|systemoutput_o[1][24] ; clk_c        ; clk_c       ; 0.000        ; 0.073      ; 1.082      ;
; 0.825 ; integ:integ|data_memory:data_mem|io_mem[1][30] ; integ:integ|data_memory:data_mem|systemoutput_o[0][30] ; clk_c        ; clk_c       ; 0.000        ; 0.079      ; 1.090      ;
; 0.835 ; integ:integ|data_memory:data_mem|io_mem[0][13] ; integ:integ|data_memory:data_mem|systemoutput_o[1][13] ; clk_c        ; clk_c       ; 0.000        ; 0.080      ; 1.101      ;
; 0.841 ; integ:integ|data_memory:data_mem|io_mem[1][14] ; integ:integ|data_memory:data_mem|systemoutput_o[0][14] ; clk_c        ; clk_c       ; 0.000        ; 0.078      ; 1.105      ;
; 0.852 ; integ:integ|data_memory:data_mem|io_mem[1][23] ; integ:integ|data_memory:data_mem|systemoutput_o[0][23] ; clk_c        ; clk_c       ; 0.000        ; 0.079      ; 1.117      ;
; 0.884 ; integ:integ|data_memory:data_mem|io_mem[1][10] ; integ:integ|data_memory:data_mem|io_data[10]           ; clk_c        ; clk_c       ; 0.000        ; 0.078      ; 1.148      ;
; 0.897 ; integ:integ|data_memory:data_mem|io_mem[3][3]  ; integ:integ|data_memory:data_mem|io_data[3]            ; clk_c        ; clk_c       ; 0.000        ; 0.080      ; 1.163      ;
; 0.933 ; integ:integ|data_memory:data_mem|io_mem[2][3]  ; integ:integ|data_memory:data_mem|io_data[3]            ; clk_c        ; clk_c       ; 0.000        ; 0.080      ; 1.199      ;
; 0.936 ; integ:integ|data_memory:data_mem|io_mem[3][10] ; integ:integ|data_memory:data_mem|io_data[10]           ; clk_c        ; clk_c       ; 0.000        ; 0.078      ; 1.200      ;
; 0.977 ; integ:integ|data_memory:data_mem|io_mem[0][1]  ; integ:integ|data_memory:data_mem|systemoutput_o[1][1]  ; clk_c        ; clk_c       ; 0.000        ; 0.077      ; 1.240      ;
; 0.977 ; integ:integ|data_memory:data_mem|io_mem[1][16] ; integ:integ|data_memory:data_mem|systemoutput_o[0][16] ; clk_c        ; clk_c       ; 0.000        ; 0.071      ; 1.234      ;
; 0.983 ; integ:integ|data_memory:data_mem|io_mem[3][18] ; integ:integ|data_memory:data_mem|io_data[18]           ; clk_c        ; clk_c       ; 0.000        ; 0.077      ; 1.246      ;
; 0.984 ; integ:integ|data_memory:data_mem|io_mem[3][29] ; integ:integ|data_memory:data_mem|io_data[29]           ; clk_c        ; clk_c       ; 0.000        ; 0.078      ; 1.248      ;
; 0.985 ; integ:integ|data_memory:data_mem|io_mem[3][15] ; integ:integ|data_memory:data_mem|io_data[15]           ; clk_c        ; clk_c       ; 0.000        ; 0.078      ; 1.249      ;
; 0.985 ; integ:integ|data_memory:data_mem|io_mem[3][11] ; integ:integ|data_memory:data_mem|io_data[11]           ; clk_c        ; clk_c       ; 0.000        ; 0.078      ; 1.249      ;
; 0.986 ; integ:integ|data_memory:data_mem|io_mem[3][22] ; integ:integ|data_memory:data_mem|io_data[22]           ; clk_c        ; clk_c       ; 0.000        ; 0.077      ; 1.249      ;
; 0.986 ; integ:integ|data_memory:data_mem|io_mem[3][14] ; integ:integ|data_memory:data_mem|io_data[14]           ; clk_c        ; clk_c       ; 0.000        ; 0.078      ; 1.250      ;
; 1.015 ; integ:integ|data_memory:data_mem|io_mem[1][31] ; integ:integ|data_memory:data_mem|systemoutput_o[0][31] ; clk_c        ; clk_c       ; 0.000        ; 0.080      ; 1.281      ;
; 1.063 ; integ:integ|data_memory:data_mem|io_mem[1][28] ; integ:integ|data_memory:data_mem|io_data[28]           ; clk_c        ; clk_c       ; 0.000        ; 0.079      ; 1.328      ;
; 1.074 ; integ:integ|data_memory:data_mem|io_mem[0][28] ; integ:integ|data_memory:data_mem|systemoutput_o[1][28] ; clk_c        ; clk_c       ; 0.000        ; 0.100      ; 1.360      ;
; 1.091 ; integ:integ|data_memory:data_mem|io_mem[1][8]  ; integ:integ|data_memory:data_mem|systemoutput_o[0][8]  ; clk_c        ; clk_c       ; 0.000        ; 0.066      ; 1.343      ;
; 1.109 ; integ:integ|data_memory:data_mem|io_mem[2][16] ; integ:integ|data_memory:data_mem|io_data[16]           ; clk_c        ; clk_c       ; 0.000        ; 0.077      ; 1.372      ;
; 1.111 ; integ:integ|data_memory:data_mem|io_mem[0][25] ; integ:integ|data_memory:data_mem|systemoutput_o[1][25] ; clk_c        ; clk_c       ; 0.000        ; 0.087      ; 1.384      ;
; 1.114 ; integ:integ|data_memory:data_mem|io_mem[3][16] ; integ:integ|data_memory:data_mem|io_data[16]           ; clk_c        ; clk_c       ; 0.000        ; 0.077      ; 1.377      ;
; 1.120 ; integ:integ|data_memory:data_mem|io_mem[0][19] ; integ:integ|data_memory:data_mem|systemoutput_o[1][19] ; clk_c        ; clk_c       ; 0.000        ; 0.101      ; 1.407      ;
; 1.136 ; integ:integ|data_memory:data_mem|io_mem[3][28] ; integ:integ|data_memory:data_mem|io_data[28]           ; clk_c        ; clk_c       ; 0.000        ; 0.079      ; 1.401      ;
; 1.145 ; integ:integ|data_memory:data_mem|io_mem[1][18] ; integ:integ|data_memory:data_mem|systemoutput_o[0][18] ; clk_c        ; clk_c       ; 0.000        ; 0.073      ; 1.404      ;
; 1.147 ; integ:integ|data_memory:data_mem|io_mem[0][22] ; integ:integ|data_memory:data_mem|systemoutput_o[1][22] ; clk_c        ; clk_c       ; 0.000        ; 0.084      ; 1.417      ;
; 1.149 ; integ:integ|data_memory:data_mem|io_mem[1][26] ; integ:integ|data_memory:data_mem|systemoutput_o[0][26] ; clk_c        ; clk_c       ; 0.000        ; 0.087      ; 1.422      ;
; 1.162 ; integ:integ|data_memory:data_mem|io_mem[1][25] ; integ:integ|data_memory:data_mem|systemoutput_o[0][25] ; clk_c        ; clk_c       ; 0.000        ; 0.088      ; 1.436      ;
; 1.165 ; integ:integ|data_memory:data_mem|io_mem[1][9]  ; integ:integ|data_memory:data_mem|systemoutput_o[0][9]  ; clk_c        ; clk_c       ; 0.000        ; 0.055      ; 1.406      ;
; 1.170 ; integ:integ|data_memory:data_mem|io_mem[1][11] ; integ:integ|data_memory:data_mem|systemoutput_o[0][11] ; clk_c        ; clk_c       ; 0.000        ; 0.046      ; 1.402      ;
; 1.189 ; integ:integ|data_memory:data_mem|io_mem[0][29] ; integ:integ|data_memory:data_mem|systemoutput_o[1][29] ; clk_c        ; clk_c       ; 0.000        ; 0.055      ; 1.430      ;
; 1.248 ; integ:integ|data_memory:data_mem|io_mem[1][27] ; integ:integ|data_memory:data_mem|systemoutput_o[0][27] ; clk_c        ; clk_c       ; 0.000        ; 0.080      ; 1.514      ;
; 1.250 ; integ:integ|data_memory:data_mem|io_mem[0][18] ; integ:integ|data_memory:data_mem|io_data[18]           ; clk_c        ; clk_c       ; 0.000        ; 0.076      ; 1.512      ;
; 1.252 ; integ:integ|data_memory:data_mem|io_mem[0][15] ; integ:integ|data_memory:data_mem|io_data[15]           ; clk_c        ; clk_c       ; 0.000        ; 0.079      ; 1.517      ;
; 1.253 ; integ:integ|data_memory:data_mem|io_mem[0][14] ; integ:integ|data_memory:data_mem|io_data[14]           ; clk_c        ; clk_c       ; 0.000        ; 0.079      ; 1.518      ;
; 1.268 ; integ:integ|data_memory:data_mem|io_mem[0][23] ; integ:integ|data_memory:data_mem|systemoutput_o[1][23] ; clk_c        ; clk_c       ; 0.000        ; 0.084      ; 1.538      ;
; 1.284 ; integ:integ|data_memory:data_mem|io_mem[1][20] ; integ:integ|data_memory:data_mem|systemoutput_o[0][20] ; clk_c        ; clk_c       ; 0.000        ; 0.089      ; 1.559      ;
; 1.292 ; integ:integ|data_memory:data_mem|io_mem[2][18] ; integ:integ|data_memory:data_mem|io_data[18]           ; clk_c        ; clk_c       ; 0.000        ; 0.076      ; 1.554      ;
; 1.293 ; integ:integ|data_memory:data_mem|io_mem[2][15] ; integ:integ|data_memory:data_mem|io_data[15]           ; clk_c        ; clk_c       ; 0.000        ; 0.079      ; 1.558      ;
; 1.296 ; integ:integ|data_memory:data_mem|io_mem[2][14] ; integ:integ|data_memory:data_mem|io_data[14]           ; clk_c        ; clk_c       ; 0.000        ; 0.079      ; 1.561      ;
; 1.308 ; integ:integ|data_memory:data_mem|io_mem[0][3]  ; integ:integ|data_memory:data_mem|io_data[3]            ; clk_c        ; clk_c       ; 0.000        ; 0.080      ; 1.574      ;
; 1.309 ; integ:integ|data_memory:data_mem|io_mem[0][29] ; integ:integ|data_memory:data_mem|io_data[29]           ; clk_c        ; clk_c       ; 0.000        ; 0.078      ; 1.573      ;
; 1.344 ; integ:integ|data_memory:data_mem|io_mem[0][17] ; integ:integ|data_memory:data_mem|systemoutput_o[1][17] ; clk_c        ; clk_c       ; 0.000        ; 0.108      ; 1.638      ;
; 1.386 ; integ:integ|data_memory:data_mem|io_mem[1][7]  ; integ:integ|data_memory:data_mem|systemoutput_o[0][7]  ; clk_c        ; clk_c       ; 0.000        ; 0.110      ; 1.682      ;
; 1.386 ; integ:integ|data_memory:data_mem|io_mem[0][8]  ; integ:integ|data_memory:data_mem|systemoutput_o[1][8]  ; clk_c        ; clk_c       ; 0.000        ; 0.066      ; 1.638      ;
; 1.387 ; integ:integ|data_memory:data_mem|io_mem[0][26] ; integ:integ|data_memory:data_mem|systemoutput_o[1][26] ; clk_c        ; clk_c       ; 0.000        ; 0.056      ; 1.629      ;
; 1.516 ; integ:integ|data_memory:data_mem|io_mem[1][19] ; integ:integ|data_memory:data_mem|systemoutput_o[0][19] ; clk_c        ; clk_c       ; 0.000        ; 0.092      ; 1.794      ;
; 1.518 ; integ:integ|data_memory:data_mem|io_mem[1][29] ; integ:integ|data_memory:data_mem|systemoutput_o[0][29] ; clk_c        ; clk_c       ; 0.000        ; 0.132      ; 1.836      ;
; 1.523 ; integ:integ|data_memory:data_mem|io_mem[0][22] ; integ:integ|data_memory:data_mem|io_data[22]           ; clk_c        ; clk_c       ; 0.000        ; 0.083      ; 1.792      ;
; 1.529 ; integ:integ|data_memory:data_mem|io_mem[1][24] ; integ:integ|data_memory:data_mem|systemoutput_o[0][24] ; clk_c        ; clk_c       ; 0.000        ; 0.087      ; 1.802      ;
; 1.573 ; integ:integ|data_memory:data_mem|io_mem[2][22] ; integ:integ|data_memory:data_mem|io_data[22]           ; clk_c        ; clk_c       ; 0.000        ; 0.083      ; 1.842      ;
; 1.580 ; integ:integ|data_memory:data_mem|io_mem[1][17] ; integ:integ|data_memory:data_mem|systemoutput_o[0][17] ; clk_c        ; clk_c       ; 0.000        ; 0.094      ; 1.860      ;
; 1.593 ; integ:integ|data_memory:data_mem|io_mem[1][3]  ; integ:integ|data_memory:data_mem|systemoutput_o[0][3]  ; clk_c        ; clk_c       ; 0.000        ; 0.083      ; 1.862      ;
; 1.660 ; integ:integ|pc[30]                             ; integ:integ|pc[30]                                     ; clk_c        ; clk_c       ; 0.000        ; 0.078      ; 1.924      ;
; 1.669 ; integ:integ|data_memory:data_mem|io_mem[0][16] ; integ:integ|data_memory:data_mem|systemoutput_o[1][16] ; clk_c        ; clk_c       ; 0.000        ; 0.117      ; 1.972      ;
; 1.761 ; integ:integ|data_memory:data_mem|io_mem[1][3]  ; integ:integ|data_memory:data_mem|io_data[3]            ; clk_c        ; clk_c       ; 0.000        ; 0.077      ; 2.024      ;
; 1.807 ; integ:integ|data_memory:data_mem|io_mem[0][16] ; integ:integ|data_memory:data_mem|io_data[16]           ; clk_c        ; clk_c       ; 0.000        ; 0.083      ; 2.076      ;
; 1.825 ; integ:integ|data_memory:data_mem|io_mem[0][18] ; integ:integ|data_memory:data_mem|systemoutput_o[1][18] ; clk_c        ; clk_c       ; 0.000        ; 0.107      ; 2.118      ;
; 1.828 ; integ:integ|data_memory:data_mem|io_mem[0][10] ; integ:integ|data_memory:data_mem|io_data[10]           ; clk_c        ; clk_c       ; 0.000        ; 0.060      ; 2.074      ;
; 1.849 ; integ:integ|data_memory:data_mem|io_data[0]    ; integ:integ|regfile:regfile|x[14][0]                   ; clk_c        ; clk_c       ; -0.500       ; 0.033      ; 1.588      ;
; 1.851 ; integ:integ|pc[20]                             ; integ:integ|pc[20]                                     ; clk_c        ; clk_c       ; 0.000        ; 0.078      ; 2.115      ;
+-------+------------------------------------------------+--------------------------------------------------------+--------------+-------------+--------------+------------+------------+


-----------------------------------------------
; Slow 1200mV 85C Model Metastability Summary ;
-----------------------------------------------
No synchronizer chains to report.


+-----------------------------------------------------------------------------------------------------------+
; Slow 1200mV 0C Model Fmax Summary                                                                         ;
+------------+-----------------+------------+---------------------------------------------------------------+
; Fmax       ; Restricted Fmax ; Clock Name ; Note                                                          ;
+------------+-----------------+------------+---------------------------------------------------------------+
; 2.78 MHz   ; 2.78 MHz        ; clk_c      ;                                                               ;
; 290.78 MHz ; 250.0 MHz       ; clk_i      ; limit due to minimum period restriction (max I/O toggle rate) ;
+------------+-----------------+------------+---------------------------------------------------------------+
This panel reports FMAX for every clock in the design, regardless of the user-specified clock periods.  FMAX is only computed for paths where the source and destination registers or ports are driven by the same clock.  Paths of different clocks, including generated clocks, are ignored.  For paths between a clock and its inversion, FMAX is computed as if the rising and falling edges are scaled along with FMAX, such that the duty cycle (in terms of a percentage) is maintained. Altera recommends that you always use clock constraints and other slack reports for sign-off analysis.


+------------------------------------+
; Slow 1200mV 0C Model Setup Summary ;
+-------+----------+-----------------+
; Clock ; Slack    ; End Point TNS   ;
+-------+----------+-----------------+
; clk_c ; -180.113 ; -5813198.554    ;
; clk_i ; -2.439   ; -56.559         ;
+-------+----------+-----------------+


+-----------------------------------+
; Slow 1200mV 0C Model Hold Summary ;
+-------+--------+------------------+
; Clock ; Slack  ; End Point TNS    ;
+-------+--------+------------------+
; clk_i ; -2.546 ; -2.546           ;
; clk_c ; 0.355  ; 0.000            ;
+-------+--------+------------------+


-----------------------------------------
; Slow 1200mV 0C Model Recovery Summary ;
-----------------------------------------
No paths to report.


----------------------------------------
; Slow 1200mV 0C Model Removal Summary ;
----------------------------------------
No paths to report.


+--------------------------------------------------+
; Slow 1200mV 0C Model Minimum Pulse Width Summary ;
+-------+--------+---------------------------------+
; Clock ; Slack  ; End Point TNS                   ;
+-------+--------+---------------------------------+
; clk_i ; -3.000 ; -45.405                         ;
; clk_c ; -1.285 ; -43751.680                      ;
+-------+--------+---------------------------------+


+----------------------------------------------------------------------------------------------------------------------------------------------------+
; Slow 1200mV 0C Model Setup: 'clk_c'                                                                                                                ;
+----------+-------------------+-----------------------------------------------+--------------+-------------+--------------+------------+------------+
; Slack    ; From Node         ; To Node                                       ; Launch Clock ; Latch Clock ; Relationship ; Clock Skew ; Data Delay ;
+----------+-------------------+-----------------------------------------------+--------------+-------------+--------------+------------+------------+
; -180.113 ; integ:integ|pc[5] ; integ:integ|regfile:regfile|x[27][30]         ; clk_c        ; clk_c       ; 1.000        ; -0.032     ; 181.080    ;
; -180.112 ; integ:integ|pc[5] ; integ:integ|regfile:regfile|x[19][30]         ; clk_c        ; clk_c       ; 1.000        ; -0.032     ; 181.079    ;
; -179.901 ; integ:integ|pc[5] ; integ:integ|regfile:regfile|x[22][30]         ; clk_c        ; clk_c       ; 1.000        ; -0.036     ; 180.864    ;
; -179.901 ; integ:integ|pc[5] ; integ:integ|regfile:regfile|x[18][30]         ; clk_c        ; clk_c       ; 1.000        ; -0.036     ; 180.864    ;
; -179.877 ; integ:integ|pc[5] ; integ:integ|regfile:regfile|x[24][30]         ; clk_c        ; clk_c       ; 1.000        ; -0.034     ; 180.842    ;
; -179.877 ; integ:integ|pc[5] ; integ:integ|regfile:regfile|x[16][30]         ; clk_c        ; clk_c       ; 1.000        ; -0.034     ; 180.842    ;
; -179.857 ; integ:integ|pc[5] ; integ:integ|regfile:regfile|x[28][30]         ; clk_c        ; clk_c       ; 1.000        ; -0.028     ; 180.828    ;
; -179.853 ; integ:integ|pc[5] ; integ:integ|regfile:regfile|x[20][30]         ; clk_c        ; clk_c       ; 1.000        ; -0.028     ; 180.824    ;
; -179.836 ; integ:integ|pc[5] ; integ:integ|regfile:regfile|x[23][30]         ; clk_c        ; clk_c       ; 1.000        ; -0.031     ; 180.804    ;
; -179.836 ; integ:integ|pc[5] ; integ:integ|regfile:regfile|x[15][30]         ; clk_c        ; clk_c       ; 1.000        ; -0.031     ; 180.804    ;
; -179.831 ; integ:integ|pc[5] ; integ:integ|regfile:regfile|x[12][30]         ; clk_c        ; clk_c       ; 1.000        ; -0.029     ; 180.801    ;
; -179.830 ; integ:integ|pc[2] ; integ:integ|regfile:regfile|x[27][30]         ; clk_c        ; clk_c       ; 1.000        ; -0.032     ; 180.797    ;
; -179.829 ; integ:integ|pc[2] ; integ:integ|regfile:regfile|x[19][30]         ; clk_c        ; clk_c       ; 1.000        ; -0.032     ; 180.796    ;
; -179.781 ; integ:integ|pc[4] ; integ:integ|regfile:regfile|x[27][30]         ; clk_c        ; clk_c       ; 1.000        ; -0.032     ; 180.748    ;
; -179.780 ; integ:integ|pc[4] ; integ:integ|regfile:regfile|x[19][30]         ; clk_c        ; clk_c       ; 1.000        ; -0.032     ; 180.747    ;
; -179.621 ; integ:integ|pc[3] ; integ:integ|regfile:regfile|x[27][30]         ; clk_c        ; clk_c       ; 1.000        ; -0.032     ; 180.588    ;
; -179.620 ; integ:integ|pc[3] ; integ:integ|regfile:regfile|x[19][30]         ; clk_c        ; clk_c       ; 1.000        ; -0.032     ; 180.587    ;
; -179.618 ; integ:integ|pc[2] ; integ:integ|regfile:regfile|x[22][30]         ; clk_c        ; clk_c       ; 1.000        ; -0.036     ; 180.581    ;
; -179.618 ; integ:integ|pc[2] ; integ:integ|regfile:regfile|x[18][30]         ; clk_c        ; clk_c       ; 1.000        ; -0.036     ; 180.581    ;
; -179.594 ; integ:integ|pc[2] ; integ:integ|regfile:regfile|x[24][30]         ; clk_c        ; clk_c       ; 1.000        ; -0.034     ; 180.559    ;
; -179.594 ; integ:integ|pc[2] ; integ:integ|regfile:regfile|x[16][30]         ; clk_c        ; clk_c       ; 1.000        ; -0.034     ; 180.559    ;
; -179.574 ; integ:integ|pc[2] ; integ:integ|regfile:regfile|x[28][30]         ; clk_c        ; clk_c       ; 1.000        ; -0.028     ; 180.545    ;
; -179.570 ; integ:integ|pc[2] ; integ:integ|regfile:regfile|x[20][30]         ; clk_c        ; clk_c       ; 1.000        ; -0.028     ; 180.541    ;
; -179.569 ; integ:integ|pc[4] ; integ:integ|regfile:regfile|x[22][30]         ; clk_c        ; clk_c       ; 1.000        ; -0.036     ; 180.532    ;
; -179.569 ; integ:integ|pc[4] ; integ:integ|regfile:regfile|x[18][30]         ; clk_c        ; clk_c       ; 1.000        ; -0.036     ; 180.532    ;
; -179.556 ; integ:integ|pc[5] ; integ:integ|regfile:regfile|x[6][30]          ; clk_c        ; clk_c       ; 1.000        ; -0.033     ; 180.522    ;
; -179.554 ; integ:integ|pc[5] ; integ:integ|regfile:regfile|x[4][30]          ; clk_c        ; clk_c       ; 1.000        ; -0.033     ; 180.520    ;
; -179.553 ; integ:integ|pc[2] ; integ:integ|regfile:regfile|x[23][30]         ; clk_c        ; clk_c       ; 1.000        ; -0.031     ; 180.521    ;
; -179.553 ; integ:integ|pc[2] ; integ:integ|regfile:regfile|x[15][30]         ; clk_c        ; clk_c       ; 1.000        ; -0.031     ; 180.521    ;
; -179.548 ; integ:integ|pc[2] ; integ:integ|regfile:regfile|x[12][30]         ; clk_c        ; clk_c       ; 1.000        ; -0.029     ; 180.518    ;
; -179.545 ; integ:integ|pc[4] ; integ:integ|regfile:regfile|x[24][30]         ; clk_c        ; clk_c       ; 1.000        ; -0.034     ; 180.510    ;
; -179.545 ; integ:integ|pc[4] ; integ:integ|regfile:regfile|x[16][30]         ; clk_c        ; clk_c       ; 1.000        ; -0.034     ; 180.510    ;
; -179.525 ; integ:integ|pc[4] ; integ:integ|regfile:regfile|x[28][30]         ; clk_c        ; clk_c       ; 1.000        ; -0.028     ; 180.496    ;
; -179.521 ; integ:integ|pc[4] ; integ:integ|regfile:regfile|x[20][30]         ; clk_c        ; clk_c       ; 1.000        ; -0.028     ; 180.492    ;
; -179.504 ; integ:integ|pc[4] ; integ:integ|regfile:regfile|x[23][30]         ; clk_c        ; clk_c       ; 1.000        ; -0.031     ; 180.472    ;
; -179.504 ; integ:integ|pc[4] ; integ:integ|regfile:regfile|x[15][30]         ; clk_c        ; clk_c       ; 1.000        ; -0.031     ; 180.472    ;
; -179.499 ; integ:integ|pc[4] ; integ:integ|regfile:regfile|x[12][30]         ; clk_c        ; clk_c       ; 1.000        ; -0.029     ; 180.469    ;
; -179.409 ; integ:integ|pc[3] ; integ:integ|regfile:regfile|x[22][30]         ; clk_c        ; clk_c       ; 1.000        ; -0.036     ; 180.372    ;
; -179.409 ; integ:integ|pc[3] ; integ:integ|regfile:regfile|x[18][30]         ; clk_c        ; clk_c       ; 1.000        ; -0.036     ; 180.372    ;
; -179.405 ; integ:integ|pc[5] ; integ:integ|data_memory:data_mem|mem_data[20] ; clk_c        ; clk_c       ; 0.500        ; -0.089     ; 179.815    ;
; -179.385 ; integ:integ|pc[3] ; integ:integ|regfile:regfile|x[24][30]         ; clk_c        ; clk_c       ; 1.000        ; -0.034     ; 180.350    ;
; -179.385 ; integ:integ|pc[3] ; integ:integ|regfile:regfile|x[16][30]         ; clk_c        ; clk_c       ; 1.000        ; -0.034     ; 180.350    ;
; -179.365 ; integ:integ|pc[3] ; integ:integ|regfile:regfile|x[28][30]         ; clk_c        ; clk_c       ; 1.000        ; -0.028     ; 180.336    ;
; -179.361 ; integ:integ|pc[3] ; integ:integ|regfile:regfile|x[20][30]         ; clk_c        ; clk_c       ; 1.000        ; -0.028     ; 180.332    ;
; -179.344 ; integ:integ|pc[3] ; integ:integ|regfile:regfile|x[23][30]         ; clk_c        ; clk_c       ; 1.000        ; -0.031     ; 180.312    ;
; -179.344 ; integ:integ|pc[3] ; integ:integ|regfile:regfile|x[15][30]         ; clk_c        ; clk_c       ; 1.000        ; -0.031     ; 180.312    ;
; -179.339 ; integ:integ|pc[3] ; integ:integ|regfile:regfile|x[12][30]         ; clk_c        ; clk_c       ; 1.000        ; -0.029     ; 180.309    ;
; -179.328 ; integ:integ|pc[5] ; integ:integ|regfile:regfile|x[5][30]          ; clk_c        ; clk_c       ; 1.000        ; -0.023     ; 180.304    ;
; -179.328 ; integ:integ|pc[5] ; integ:integ|regfile:regfile|x[3][30]          ; clk_c        ; clk_c       ; 1.000        ; -0.023     ; 180.304    ;
; -179.322 ; integ:integ|pc[5] ; integ:integ|regfile:regfile|x[13][30]         ; clk_c        ; clk_c       ; 1.000        ; -0.028     ; 180.293    ;
; -179.321 ; integ:integ|pc[5] ; integ:integ|regfile:regfile|x[11][30]         ; clk_c        ; clk_c       ; 1.000        ; -0.028     ; 180.292    ;
; -179.291 ; integ:integ|pc[5] ; integ:integ|regfile:regfile|x[26][30]         ; clk_c        ; clk_c       ; 1.000        ; -0.027     ; 180.263    ;
; -179.291 ; integ:integ|pc[5] ; integ:integ|regfile:regfile|x[30][30]         ; clk_c        ; clk_c       ; 1.000        ; -0.027     ; 180.263    ;
; -179.282 ; integ:integ|pc[5] ; integ:integ|regfile:regfile|x[0][30]          ; clk_c        ; clk_c       ; 1.000        ; -0.027     ; 180.254    ;
; -179.273 ; integ:integ|pc[2] ; integ:integ|regfile:regfile|x[6][30]          ; clk_c        ; clk_c       ; 1.000        ; -0.033     ; 180.239    ;
; -179.271 ; integ:integ|pc[2] ; integ:integ|regfile:regfile|x[4][30]          ; clk_c        ; clk_c       ; 1.000        ; -0.033     ; 180.237    ;
; -179.268 ; integ:integ|pc[6] ; integ:integ|regfile:regfile|x[27][30]         ; clk_c        ; clk_c       ; 1.000        ; -0.032     ; 180.235    ;
; -179.267 ; integ:integ|pc[6] ; integ:integ|regfile:regfile|x[19][30]         ; clk_c        ; clk_c       ; 1.000        ; -0.032     ; 180.234    ;
; -179.224 ; integ:integ|pc[4] ; integ:integ|regfile:regfile|x[6][30]          ; clk_c        ; clk_c       ; 1.000        ; -0.033     ; 180.190    ;
; -179.222 ; integ:integ|pc[4] ; integ:integ|regfile:regfile|x[4][30]          ; clk_c        ; clk_c       ; 1.000        ; -0.033     ; 180.188    ;
; -179.122 ; integ:integ|pc[2] ; integ:integ|data_memory:data_mem|mem_data[20] ; clk_c        ; clk_c       ; 0.500        ; -0.089     ; 179.532    ;
; -179.114 ; integ:integ|pc[7] ; integ:integ|regfile:regfile|x[27][30]         ; clk_c        ; clk_c       ; 1.000        ; -0.032     ; 180.081    ;
; -179.113 ; integ:integ|pc[7] ; integ:integ|regfile:regfile|x[19][30]         ; clk_c        ; clk_c       ; 1.000        ; -0.032     ; 180.080    ;
; -179.073 ; integ:integ|pc[4] ; integ:integ|data_memory:data_mem|mem_data[20] ; clk_c        ; clk_c       ; 0.500        ; -0.089     ; 179.483    ;
; -179.072 ; integ:integ|pc[5] ; integ:integ|regfile:regfile|x[10][30]         ; clk_c        ; clk_c       ; 1.000        ; -0.045     ; 180.026    ;
; -179.071 ; integ:integ|pc[5] ; integ:integ|regfile:regfile|x[9][30]          ; clk_c        ; clk_c       ; 1.000        ; -0.045     ; 180.025    ;
; -179.064 ; integ:integ|pc[3] ; integ:integ|regfile:regfile|x[6][30]          ; clk_c        ; clk_c       ; 1.000        ; -0.033     ; 180.030    ;
; -179.062 ; integ:integ|pc[3] ; integ:integ|regfile:regfile|x[4][30]          ; clk_c        ; clk_c       ; 1.000        ; -0.033     ; 180.028    ;
; -179.056 ; integ:integ|pc[6] ; integ:integ|regfile:regfile|x[22][30]         ; clk_c        ; clk_c       ; 1.000        ; -0.036     ; 180.019    ;
; -179.056 ; integ:integ|pc[6] ; integ:integ|regfile:regfile|x[18][30]         ; clk_c        ; clk_c       ; 1.000        ; -0.036     ; 180.019    ;
; -179.045 ; integ:integ|pc[2] ; integ:integ|regfile:regfile|x[5][30]          ; clk_c        ; clk_c       ; 1.000        ; -0.023     ; 180.021    ;
; -179.045 ; integ:integ|pc[2] ; integ:integ|regfile:regfile|x[3][30]          ; clk_c        ; clk_c       ; 1.000        ; -0.023     ; 180.021    ;
; -179.039 ; integ:integ|pc[2] ; integ:integ|regfile:regfile|x[13][30]         ; clk_c        ; clk_c       ; 1.000        ; -0.028     ; 180.010    ;
; -179.038 ; integ:integ|pc[2] ; integ:integ|regfile:regfile|x[11][30]         ; clk_c        ; clk_c       ; 1.000        ; -0.028     ; 180.009    ;
; -179.032 ; integ:integ|pc[6] ; integ:integ|regfile:regfile|x[24][30]         ; clk_c        ; clk_c       ; 1.000        ; -0.034     ; 179.997    ;
; -179.032 ; integ:integ|pc[6] ; integ:integ|regfile:regfile|x[16][30]         ; clk_c        ; clk_c       ; 1.000        ; -0.034     ; 179.997    ;
; -179.031 ; integ:integ|pc[5] ; integ:integ|regfile:regfile|x[8][25]          ; clk_c        ; clk_c       ; 1.000        ; -0.030     ; 180.000    ;
; -179.030 ; integ:integ|pc[5] ; integ:integ|regfile:regfile|x[10][25]         ; clk_c        ; clk_c       ; 1.000        ; -0.030     ; 179.999    ;
; -179.012 ; integ:integ|pc[6] ; integ:integ|regfile:regfile|x[28][30]         ; clk_c        ; clk_c       ; 1.000        ; -0.028     ; 179.983    ;
; -179.008 ; integ:integ|pc[2] ; integ:integ|regfile:regfile|x[26][30]         ; clk_c        ; clk_c       ; 1.000        ; -0.027     ; 179.980    ;
; -179.008 ; integ:integ|pc[2] ; integ:integ|regfile:regfile|x[30][30]         ; clk_c        ; clk_c       ; 1.000        ; -0.027     ; 179.980    ;
; -179.008 ; integ:integ|pc[6] ; integ:integ|regfile:regfile|x[20][30]         ; clk_c        ; clk_c       ; 1.000        ; -0.028     ; 179.979    ;
; -178.999 ; integ:integ|pc[2] ; integ:integ|regfile:regfile|x[0][30]          ; clk_c        ; clk_c       ; 1.000        ; -0.027     ; 179.971    ;
; -178.996 ; integ:integ|pc[4] ; integ:integ|regfile:regfile|x[5][30]          ; clk_c        ; clk_c       ; 1.000        ; -0.023     ; 179.972    ;
; -178.996 ; integ:integ|pc[4] ; integ:integ|regfile:regfile|x[3][30]          ; clk_c        ; clk_c       ; 1.000        ; -0.023     ; 179.972    ;
; -178.991 ; integ:integ|pc[6] ; integ:integ|regfile:regfile|x[23][30]         ; clk_c        ; clk_c       ; 1.000        ; -0.031     ; 179.959    ;
; -178.991 ; integ:integ|pc[6] ; integ:integ|regfile:regfile|x[15][30]         ; clk_c        ; clk_c       ; 1.000        ; -0.031     ; 179.959    ;
; -178.990 ; integ:integ|pc[4] ; integ:integ|regfile:regfile|x[13][30]         ; clk_c        ; clk_c       ; 1.000        ; -0.028     ; 179.961    ;
; -178.989 ; integ:integ|pc[4] ; integ:integ|regfile:regfile|x[11][30]         ; clk_c        ; clk_c       ; 1.000        ; -0.028     ; 179.960    ;
; -178.986 ; integ:integ|pc[6] ; integ:integ|regfile:regfile|x[12][30]         ; clk_c        ; clk_c       ; 1.000        ; -0.029     ; 179.956    ;
; -178.959 ; integ:integ|pc[4] ; integ:integ|regfile:regfile|x[26][30]         ; clk_c        ; clk_c       ; 1.000        ; -0.027     ; 179.931    ;
; -178.959 ; integ:integ|pc[4] ; integ:integ|regfile:regfile|x[30][30]         ; clk_c        ; clk_c       ; 1.000        ; -0.027     ; 179.931    ;
; -178.950 ; integ:integ|pc[4] ; integ:integ|regfile:regfile|x[0][30]          ; clk_c        ; clk_c       ; 1.000        ; -0.027     ; 179.922    ;
; -178.947 ; integ:integ|pc[5] ; integ:integ|regfile:regfile|x[21][27]         ; clk_c        ; clk_c       ; 1.000        ; -0.040     ; 179.906    ;
; -178.946 ; integ:integ|pc[5] ; integ:integ|regfile:regfile|x[17][27]         ; clk_c        ; clk_c       ; 1.000        ; -0.040     ; 179.905    ;
; -178.935 ; integ:integ|pc[5] ; integ:integ|regfile:regfile|x[5][27]          ; clk_c        ; clk_c       ; 1.000        ; -0.022     ; 179.912    ;
; -178.935 ; integ:integ|pc[5] ; integ:integ|regfile:regfile|x[6][27]          ; clk_c        ; clk_c       ; 1.000        ; -0.022     ; 179.912    ;
; -178.931 ; integ:integ|pc[5] ; integ:integ|regfile:regfile|x[15][27]         ; clk_c        ; clk_c       ; 1.000        ; -0.024     ; 179.906    ;
; -178.931 ; integ:integ|pc[5] ; integ:integ|regfile:regfile|x[23][27]         ; clk_c        ; clk_c       ; 1.000        ; -0.024     ; 179.906    ;
; -178.913 ; integ:integ|pc[3] ; integ:integ|data_memory:data_mem|mem_data[20] ; clk_c        ; clk_c       ; 0.500        ; -0.089     ; 179.323    ;
+----------+-------------------+-----------------------------------------------+--------------+-------------+--------------+------------+------------+


+----------------------------------------------------------------------------------------------------------+
; Slow 1200mV 0C Model Setup: 'clk_i'                                                                      ;
+--------+-------------+-------------+--------------+-------------+--------------+------------+------------+
; Slack  ; From Node   ; To Node     ; Launch Clock ; Latch Clock ; Relationship ; Clock Skew ; Data Delay ;
+--------+-------------+-------------+--------------+-------------+--------------+------------+------------+
; -2.439 ; counter[0]  ; counter[31] ; clk_i        ; clk_i       ; 1.000        ; -0.070     ; 3.368      ;
; -2.394 ; counter[1]  ; counter[30] ; clk_i        ; clk_i       ; 1.000        ; -0.070     ; 3.323      ;
; -2.365 ; counter[1]  ; counter[31] ; clk_i        ; clk_i       ; 1.000        ; -0.070     ; 3.294      ;
; -2.323 ; counter[0]  ; counter[29] ; clk_i        ; clk_i       ; 1.000        ; -0.070     ; 3.252      ;
; -2.315 ; counter[0]  ; counter[30] ; clk_i        ; clk_i       ; 1.000        ; -0.070     ; 3.244      ;
; -2.278 ; counter[1]  ; counter[28] ; clk_i        ; clk_i       ; 1.000        ; -0.070     ; 3.207      ;
; -2.268 ; counter[4]  ; counter[31] ; clk_i        ; clk_i       ; 1.000        ; -0.070     ; 3.197      ;
; -2.249 ; counter[1]  ; counter[29] ; clk_i        ; clk_i       ; 1.000        ; -0.070     ; 3.178      ;
; -2.207 ; counter[0]  ; counter[27] ; clk_i        ; clk_i       ; 1.000        ; -0.070     ; 3.136      ;
; -2.199 ; counter[0]  ; counter[28] ; clk_i        ; clk_i       ; 1.000        ; -0.070     ; 3.128      ;
; -2.192 ; counter[5]  ; counter[30] ; clk_i        ; clk_i       ; 1.000        ; -0.070     ; 3.121      ;
; -2.169 ; counter[2]  ; counter[31] ; clk_i        ; clk_i       ; 1.000        ; -0.068     ; 3.100      ;
; -2.163 ; counter[5]  ; counter[31] ; clk_i        ; clk_i       ; 1.000        ; -0.070     ; 3.092      ;
; -2.162 ; counter[1]  ; counter[26] ; clk_i        ; clk_i       ; 1.000        ; -0.070     ; 3.091      ;
; -2.152 ; counter[4]  ; counter[29] ; clk_i        ; clk_i       ; 1.000        ; -0.070     ; 3.081      ;
; -2.147 ; counter[3]  ; counter[30] ; clk_i        ; clk_i       ; 1.000        ; -0.068     ; 3.078      ;
; -2.133 ; counter[1]  ; counter[27] ; clk_i        ; clk_i       ; 1.000        ; -0.070     ; 3.062      ;
; -2.123 ; counter[4]  ; counter[30] ; clk_i        ; clk_i       ; 1.000        ; -0.070     ; 3.052      ;
; -2.118 ; counter[3]  ; counter[31] ; clk_i        ; clk_i       ; 1.000        ; -0.068     ; 3.049      ;
; -2.091 ; counter[0]  ; counter[25] ; clk_i        ; clk_i       ; 1.000        ; -0.070     ; 3.020      ;
; -2.083 ; counter[0]  ; counter[26] ; clk_i        ; clk_i       ; 1.000        ; -0.070     ; 3.012      ;
; -2.076 ; counter[5]  ; counter[28] ; clk_i        ; clk_i       ; 1.000        ; -0.070     ; 3.005      ;
; -2.071 ; counter[2]  ; counter[30] ; clk_i        ; clk_i       ; 1.000        ; -0.068     ; 3.002      ;
; -2.053 ; counter[2]  ; counter[29] ; clk_i        ; clk_i       ; 1.000        ; -0.068     ; 2.984      ;
; -2.047 ; counter[5]  ; counter[29] ; clk_i        ; clk_i       ; 1.000        ; -0.070     ; 2.976      ;
; -2.046 ; counter[1]  ; counter[24] ; clk_i        ; clk_i       ; 1.000        ; -0.070     ; 2.975      ;
; -2.046 ; counter[27] ; counter[4]  ; clk_i        ; clk_i       ; 1.000        ; -0.071     ; 2.974      ;
; -2.045 ; counter[27] ; counter[1]  ; clk_i        ; clk_i       ; 1.000        ; -0.071     ; 2.973      ;
; -2.042 ; counter[27] ; clk_c       ; clk_i        ; clk_i       ; 1.000        ; -0.071     ; 2.970      ;
; -2.037 ; counter[27] ; counter[0]  ; clk_i        ; clk_i       ; 1.000        ; -0.071     ; 2.965      ;
; -2.036 ; counter[4]  ; counter[27] ; clk_i        ; clk_i       ; 1.000        ; -0.070     ; 2.965      ;
; -2.035 ; counter[27] ; counter[5]  ; clk_i        ; clk_i       ; 1.000        ; -0.071     ; 2.963      ;
; -2.031 ; counter[3]  ; counter[28] ; clk_i        ; clk_i       ; 1.000        ; -0.068     ; 2.962      ;
; -2.017 ; counter[1]  ; counter[25] ; clk_i        ; clk_i       ; 1.000        ; -0.070     ; 2.946      ;
; -2.007 ; counter[4]  ; counter[28] ; clk_i        ; clk_i       ; 1.000        ; -0.070     ; 2.936      ;
; -2.002 ; counter[3]  ; counter[29] ; clk_i        ; clk_i       ; 1.000        ; -0.068     ; 2.933      ;
; -1.975 ; counter[0]  ; counter[23] ; clk_i        ; clk_i       ; 1.000        ; -0.070     ; 2.904      ;
; -1.967 ; counter[0]  ; counter[24] ; clk_i        ; clk_i       ; 1.000        ; -0.070     ; 2.896      ;
; -1.960 ; counter[5]  ; counter[26] ; clk_i        ; clk_i       ; 1.000        ; -0.070     ; 2.889      ;
; -1.955 ; counter[2]  ; counter[28] ; clk_i        ; clk_i       ; 1.000        ; -0.068     ; 2.886      ;
; -1.937 ; counter[2]  ; counter[27] ; clk_i        ; clk_i       ; 1.000        ; -0.068     ; 2.868      ;
; -1.934 ; counter[6]  ; counter[31] ; clk_i        ; clk_i       ; 1.000        ; -0.068     ; 2.865      ;
; -1.931 ; counter[5]  ; counter[27] ; clk_i        ; clk_i       ; 1.000        ; -0.070     ; 2.860      ;
; -1.930 ; counter[1]  ; counter[22] ; clk_i        ; clk_i       ; 1.000        ; -0.070     ; 2.859      ;
; -1.920 ; counter[4]  ; counter[25] ; clk_i        ; clk_i       ; 1.000        ; -0.070     ; 2.849      ;
; -1.919 ; counter[7]  ; counter[30] ; clk_i        ; clk_i       ; 1.000        ; -0.068     ; 2.850      ;
; -1.915 ; counter[3]  ; counter[26] ; clk_i        ; clk_i       ; 1.000        ; -0.068     ; 2.846      ;
; -1.901 ; counter[1]  ; counter[23] ; clk_i        ; clk_i       ; 1.000        ; -0.070     ; 2.830      ;
; -1.891 ; counter[4]  ; counter[26] ; clk_i        ; clk_i       ; 1.000        ; -0.070     ; 2.820      ;
; -1.890 ; counter[7]  ; counter[31] ; clk_i        ; clk_i       ; 1.000        ; -0.068     ; 2.821      ;
; -1.886 ; counter[3]  ; counter[27] ; clk_i        ; clk_i       ; 1.000        ; -0.068     ; 2.817      ;
; -1.859 ; counter[0]  ; counter[21] ; clk_i        ; clk_i       ; 1.000        ; -0.070     ; 2.788      ;
; -1.851 ; counter[0]  ; counter[22] ; clk_i        ; clk_i       ; 1.000        ; -0.070     ; 2.780      ;
; -1.845 ; counter[6]  ; counter[30] ; clk_i        ; clk_i       ; 1.000        ; -0.068     ; 2.776      ;
; -1.844 ; counter[5]  ; counter[24] ; clk_i        ; clk_i       ; 1.000        ; -0.070     ; 2.773      ;
; -1.839 ; counter[2]  ; counter[26] ; clk_i        ; clk_i       ; 1.000        ; -0.068     ; 2.770      ;
; -1.823 ; counter[8]  ; counter[31] ; clk_i        ; clk_i       ; 1.000        ; -0.068     ; 2.754      ;
; -1.821 ; counter[2]  ; counter[25] ; clk_i        ; clk_i       ; 1.000        ; -0.068     ; 2.752      ;
; -1.818 ; counter[6]  ; counter[29] ; clk_i        ; clk_i       ; 1.000        ; -0.068     ; 2.749      ;
; -1.815 ; counter[5]  ; counter[25] ; clk_i        ; clk_i       ; 1.000        ; -0.070     ; 2.744      ;
; -1.814 ; counter[1]  ; counter[20] ; clk_i        ; clk_i       ; 1.000        ; -0.070     ; 2.743      ;
; -1.804 ; counter[4]  ; counter[23] ; clk_i        ; clk_i       ; 1.000        ; -0.070     ; 2.733      ;
; -1.803 ; counter[9]  ; counter[30] ; clk_i        ; clk_i       ; 1.000        ; -0.068     ; 2.734      ;
; -1.803 ; counter[7]  ; counter[28] ; clk_i        ; clk_i       ; 1.000        ; -0.068     ; 2.734      ;
; -1.799 ; counter[3]  ; counter[24] ; clk_i        ; clk_i       ; 1.000        ; -0.068     ; 2.730      ;
; -1.785 ; counter[1]  ; counter[21] ; clk_i        ; clk_i       ; 1.000        ; -0.070     ; 2.714      ;
; -1.775 ; counter[4]  ; counter[24] ; clk_i        ; clk_i       ; 1.000        ; -0.070     ; 2.704      ;
; -1.774 ; counter[9]  ; counter[31] ; clk_i        ; clk_i       ; 1.000        ; -0.068     ; 2.705      ;
; -1.774 ; counter[7]  ; counter[29] ; clk_i        ; clk_i       ; 1.000        ; -0.068     ; 2.705      ;
; -1.770 ; counter[3]  ; counter[25] ; clk_i        ; clk_i       ; 1.000        ; -0.068     ; 2.701      ;
; -1.743 ; counter[0]  ; counter[19] ; clk_i        ; clk_i       ; 1.000        ; -0.070     ; 2.672      ;
; -1.738 ; counter[0]  ; counter[5]  ; clk_i        ; clk_i       ; 1.000        ; -0.071     ; 2.666      ;
; -1.735 ; counter[0]  ; counter[20] ; clk_i        ; clk_i       ; 1.000        ; -0.070     ; 2.664      ;
; -1.729 ; counter[6]  ; counter[28] ; clk_i        ; clk_i       ; 1.000        ; -0.068     ; 2.660      ;
; -1.728 ; counter[5]  ; counter[22] ; clk_i        ; clk_i       ; 1.000        ; -0.070     ; 2.657      ;
; -1.725 ; counter[8]  ; counter[30] ; clk_i        ; clk_i       ; 1.000        ; -0.068     ; 2.656      ;
; -1.723 ; counter[2]  ; counter[24] ; clk_i        ; clk_i       ; 1.000        ; -0.068     ; 2.654      ;
; -1.707 ; counter[10] ; counter[31] ; clk_i        ; clk_i       ; 1.000        ; -0.068     ; 2.638      ;
; -1.707 ; counter[8]  ; counter[29] ; clk_i        ; clk_i       ; 1.000        ; -0.068     ; 2.638      ;
; -1.705 ; counter[2]  ; counter[23] ; clk_i        ; clk_i       ; 1.000        ; -0.068     ; 2.636      ;
; -1.702 ; counter[6]  ; counter[27] ; clk_i        ; clk_i       ; 1.000        ; -0.068     ; 2.633      ;
; -1.699 ; counter[5]  ; counter[23] ; clk_i        ; clk_i       ; 1.000        ; -0.070     ; 2.628      ;
; -1.698 ; counter[1]  ; counter[18] ; clk_i        ; clk_i       ; 1.000        ; -0.070     ; 2.627      ;
; -1.688 ; counter[4]  ; counter[21] ; clk_i        ; clk_i       ; 1.000        ; -0.070     ; 2.617      ;
; -1.687 ; counter[9]  ; counter[28] ; clk_i        ; clk_i       ; 1.000        ; -0.068     ; 2.618      ;
; -1.687 ; counter[7]  ; counter[26] ; clk_i        ; clk_i       ; 1.000        ; -0.068     ; 2.618      ;
; -1.683 ; counter[11] ; counter[30] ; clk_i        ; clk_i       ; 1.000        ; -0.068     ; 2.614      ;
; -1.683 ; counter[3]  ; counter[22] ; clk_i        ; clk_i       ; 1.000        ; -0.068     ; 2.614      ;
; -1.669 ; counter[1]  ; counter[19] ; clk_i        ; clk_i       ; 1.000        ; -0.070     ; 2.598      ;
; -1.659 ; counter[4]  ; counter[22] ; clk_i        ; clk_i       ; 1.000        ; -0.070     ; 2.588      ;
; -1.658 ; counter[9]  ; counter[29] ; clk_i        ; clk_i       ; 1.000        ; -0.068     ; 2.589      ;
; -1.658 ; counter[7]  ; counter[27] ; clk_i        ; clk_i       ; 1.000        ; -0.068     ; 2.589      ;
; -1.654 ; counter[11] ; counter[31] ; clk_i        ; clk_i       ; 1.000        ; -0.068     ; 2.585      ;
; -1.654 ; counter[3]  ; counter[23] ; clk_i        ; clk_i       ; 1.000        ; -0.068     ; 2.585      ;
; -1.643 ; counter[1]  ; counter[4]  ; clk_i        ; clk_i       ; 1.000        ; -0.071     ; 2.571      ;
; -1.643 ; counter[31] ; counter[4]  ; clk_i        ; clk_i       ; 1.000        ; -0.071     ; 2.571      ;
; -1.642 ; counter[31] ; counter[1]  ; clk_i        ; clk_i       ; 1.000        ; -0.071     ; 2.570      ;
; -1.639 ; counter[31] ; clk_c       ; clk_i        ; clk_i       ; 1.000        ; -0.071     ; 2.567      ;
; -1.634 ; counter[31] ; counter[0]  ; clk_i        ; clk_i       ; 1.000        ; -0.071     ; 2.562      ;
; -1.634 ; counter[1]  ; counter[5]  ; clk_i        ; clk_i       ; 1.000        ; -0.071     ; 2.562      ;
+--------+-------------+-------------+--------------+-------------+--------------+------------+------------+


+----------------------------------------------------------------------------------------------------------+
; Slow 1200mV 0C Model Hold: 'clk_i'                                                                       ;
+--------+-------------+-------------+--------------+-------------+--------------+------------+------------+
; Slack  ; From Node   ; To Node     ; Launch Clock ; Latch Clock ; Relationship ; Clock Skew ; Data Delay ;
+--------+-------------+-------------+--------------+-------------+--------------+------------+------------+
; -2.546 ; clk_c       ; clk_c       ; clk_c        ; clk_i       ; 0.000        ; 2.744      ; 0.612      ;
; -2.061 ; clk_c       ; clk_c       ; clk_c        ; clk_i       ; -0.500       ; 2.744      ; 0.597      ;
; 0.599  ; counter[15] ; counter[15] ; clk_i        ; clk_i       ; 0.000        ; 0.071      ; 0.841      ;
; 0.599  ; counter[13] ; counter[13] ; clk_i        ; clk_i       ; 0.000        ; 0.071      ; 0.841      ;
; 0.599  ; counter[3]  ; counter[3]  ; clk_i        ; clk_i       ; 0.000        ; 0.071      ; 0.841      ;
; 0.600  ; counter[11] ; counter[11] ; clk_i        ; clk_i       ; 0.000        ; 0.071      ; 0.842      ;
; 0.601  ; counter[29] ; counter[29] ; clk_i        ; clk_i       ; 0.000        ; 0.070      ; 0.842      ;
; 0.601  ; counter[21] ; counter[21] ; clk_i        ; clk_i       ; 0.000        ; 0.070      ; 0.842      ;
; 0.601  ; counter[19] ; counter[19] ; clk_i        ; clk_i       ; 0.000        ; 0.070      ; 0.842      ;
; 0.601  ; counter[6]  ; counter[6]  ; clk_i        ; clk_i       ; 0.000        ; 0.071      ; 0.843      ;
; 0.602  ; counter[31] ; counter[31] ; clk_i        ; clk_i       ; 0.000        ; 0.070      ; 0.843      ;
; 0.602  ; counter[27] ; counter[27] ; clk_i        ; clk_i       ; 0.000        ; 0.070      ; 0.843      ;
; 0.603  ; counter[22] ; counter[22] ; clk_i        ; clk_i       ; 0.000        ; 0.070      ; 0.844      ;
; 0.603  ; counter[17] ; counter[17] ; clk_i        ; clk_i       ; 0.000        ; 0.070      ; 0.844      ;
; 0.603  ; counter[9]  ; counter[9]  ; clk_i        ; clk_i       ; 0.000        ; 0.071      ; 0.845      ;
; 0.603  ; counter[7]  ; counter[7]  ; clk_i        ; clk_i       ; 0.000        ; 0.071      ; 0.845      ;
; 0.604  ; counter[14] ; counter[14] ; clk_i        ; clk_i       ; 0.000        ; 0.071      ; 0.846      ;
; 0.604  ; counter[2]  ; counter[2]  ; clk_i        ; clk_i       ; 0.000        ; 0.071      ; 0.846      ;
; 0.605  ; counter[23] ; counter[23] ; clk_i        ; clk_i       ; 0.000        ; 0.070      ; 0.846      ;
; 0.605  ; counter[25] ; counter[25] ; clk_i        ; clk_i       ; 0.000        ; 0.070      ; 0.846      ;
; 0.605  ; counter[16] ; counter[16] ; clk_i        ; clk_i       ; 0.000        ; 0.070      ; 0.846      ;
; 0.605  ; counter[12] ; counter[12] ; clk_i        ; clk_i       ; 0.000        ; 0.071      ; 0.847      ;
; 0.605  ; counter[10] ; counter[10] ; clk_i        ; clk_i       ; 0.000        ; 0.071      ; 0.847      ;
; 0.605  ; counter[8]  ; counter[8]  ; clk_i        ; clk_i       ; 0.000        ; 0.071      ; 0.847      ;
; 0.606  ; counter[20] ; counter[20] ; clk_i        ; clk_i       ; 0.000        ; 0.070      ; 0.847      ;
; 0.606  ; counter[30] ; counter[30] ; clk_i        ; clk_i       ; 0.000        ; 0.070      ; 0.847      ;
; 0.606  ; counter[18] ; counter[18] ; clk_i        ; clk_i       ; 0.000        ; 0.070      ; 0.847      ;
; 0.607  ; counter[28] ; counter[28] ; clk_i        ; clk_i       ; 0.000        ; 0.070      ; 0.848      ;
; 0.607  ; counter[26] ; counter[26] ; clk_i        ; clk_i       ; 0.000        ; 0.070      ; 0.848      ;
; 0.607  ; counter[24] ; counter[24] ; clk_i        ; clk_i       ; 0.000        ; 0.070      ; 0.848      ;
; 0.883  ; counter[15] ; counter[16] ; clk_i        ; clk_i       ; 0.000        ; 0.073      ; 1.127      ;
; 0.885  ; counter[13] ; counter[14] ; clk_i        ; clk_i       ; 0.000        ; 0.071      ; 1.127      ;
; 0.886  ; counter[11] ; counter[12] ; clk_i        ; clk_i       ; 0.000        ; 0.071      ; 1.128      ;
; 0.887  ; counter[21] ; counter[22] ; clk_i        ; clk_i       ; 0.000        ; 0.070      ; 1.128      ;
; 0.887  ; counter[19] ; counter[20] ; clk_i        ; clk_i       ; 0.000        ; 0.070      ; 1.128      ;
; 0.887  ; counter[29] ; counter[30] ; clk_i        ; clk_i       ; 0.000        ; 0.070      ; 1.128      ;
; 0.888  ; counter[27] ; counter[28] ; clk_i        ; clk_i       ; 0.000        ; 0.070      ; 1.129      ;
; 0.889  ; counter[6]  ; counter[7]  ; clk_i        ; clk_i       ; 0.000        ; 0.071      ; 1.131      ;
; 0.890  ; counter[9]  ; counter[10] ; clk_i        ; clk_i       ; 0.000        ; 0.071      ; 1.132      ;
; 0.890  ; counter[7]  ; counter[8]  ; clk_i        ; clk_i       ; 0.000        ; 0.071      ; 1.132      ;
; 0.890  ; counter[17] ; counter[18] ; clk_i        ; clk_i       ; 0.000        ; 0.070      ; 1.131      ;
; 0.891  ; counter[22] ; counter[23] ; clk_i        ; clk_i       ; 0.000        ; 0.070      ; 1.132      ;
; 0.892  ; counter[25] ; counter[26] ; clk_i        ; clk_i       ; 0.000        ; 0.070      ; 1.133      ;
; 0.892  ; counter[23] ; counter[24] ; clk_i        ; clk_i       ; 0.000        ; 0.070      ; 1.133      ;
; 0.892  ; counter[14] ; counter[15] ; clk_i        ; clk_i       ; 0.000        ; 0.071      ; 1.134      ;
; 0.892  ; counter[2]  ; counter[3]  ; clk_i        ; clk_i       ; 0.000        ; 0.071      ; 1.134      ;
; 0.893  ; counter[12] ; counter[13] ; clk_i        ; clk_i       ; 0.000        ; 0.071      ; 1.135      ;
; 0.893  ; counter[10] ; counter[11] ; clk_i        ; clk_i       ; 0.000        ; 0.071      ; 1.135      ;
; 0.893  ; counter[16] ; counter[17] ; clk_i        ; clk_i       ; 0.000        ; 0.070      ; 1.134      ;
; 0.893  ; counter[8]  ; counter[9]  ; clk_i        ; clk_i       ; 0.000        ; 0.071      ; 1.135      ;
; 0.894  ; counter[20] ; counter[21] ; clk_i        ; clk_i       ; 0.000        ; 0.070      ; 1.135      ;
; 0.894  ; counter[18] ; counter[19] ; clk_i        ; clk_i       ; 0.000        ; 0.070      ; 1.135      ;
; 0.894  ; counter[30] ; counter[31] ; clk_i        ; clk_i       ; 0.000        ; 0.070      ; 1.135      ;
; 0.895  ; counter[28] ; counter[29] ; clk_i        ; clk_i       ; 0.000        ; 0.070      ; 1.136      ;
; 0.895  ; counter[26] ; counter[27] ; clk_i        ; clk_i       ; 0.000        ; 0.070      ; 1.136      ;
; 0.895  ; counter[24] ; counter[25] ; clk_i        ; clk_i       ; 0.000        ; 0.070      ; 1.136      ;
; 0.900  ; counter[6]  ; counter[8]  ; clk_i        ; clk_i       ; 0.000        ; 0.071      ; 1.142      ;
; 0.901  ; counter[14] ; counter[16] ; clk_i        ; clk_i       ; 0.000        ; 0.073      ; 1.145      ;
; 0.902  ; counter[22] ; counter[24] ; clk_i        ; clk_i       ; 0.000        ; 0.070      ; 1.143      ;
; 0.904  ; counter[12] ; counter[14] ; clk_i        ; clk_i       ; 0.000        ; 0.071      ; 1.146      ;
; 0.904  ; counter[10] ; counter[12] ; clk_i        ; clk_i       ; 0.000        ; 0.071      ; 1.146      ;
; 0.904  ; counter[8]  ; counter[10] ; clk_i        ; clk_i       ; 0.000        ; 0.071      ; 1.146      ;
; 0.904  ; counter[16] ; counter[18] ; clk_i        ; clk_i       ; 0.000        ; 0.070      ; 1.145      ;
; 0.905  ; counter[20] ; counter[22] ; clk_i        ; clk_i       ; 0.000        ; 0.070      ; 1.146      ;
; 0.905  ; counter[18] ; counter[20] ; clk_i        ; clk_i       ; 0.000        ; 0.070      ; 1.146      ;
; 0.906  ; counter[28] ; counter[30] ; clk_i        ; clk_i       ; 0.000        ; 0.070      ; 1.147      ;
; 0.906  ; counter[26] ; counter[28] ; clk_i        ; clk_i       ; 0.000        ; 0.070      ; 1.147      ;
; 0.906  ; counter[24] ; counter[26] ; clk_i        ; clk_i       ; 0.000        ; 0.070      ; 1.147      ;
; 0.982  ; counter[15] ; counter[17] ; clk_i        ; clk_i       ; 0.000        ; 0.073      ; 1.226      ;
; 0.984  ; counter[13] ; counter[15] ; clk_i        ; clk_i       ; 0.000        ; 0.071      ; 1.226      ;
; 0.985  ; counter[11] ; counter[13] ; clk_i        ; clk_i       ; 0.000        ; 0.071      ; 1.227      ;
; 0.986  ; counter[21] ; counter[23] ; clk_i        ; clk_i       ; 0.000        ; 0.070      ; 1.227      ;
; 0.986  ; counter[19] ; counter[21] ; clk_i        ; clk_i       ; 0.000        ; 0.070      ; 1.227      ;
; 0.986  ; counter[29] ; counter[31] ; clk_i        ; clk_i       ; 0.000        ; 0.070      ; 1.227      ;
; 0.987  ; counter[27] ; counter[29] ; clk_i        ; clk_i       ; 0.000        ; 0.070      ; 1.228      ;
; 0.989  ; counter[9]  ; counter[11] ; clk_i        ; clk_i       ; 0.000        ; 0.071      ; 1.231      ;
; 0.989  ; counter[7]  ; counter[9]  ; clk_i        ; clk_i       ; 0.000        ; 0.071      ; 1.231      ;
; 0.989  ; counter[17] ; counter[19] ; clk_i        ; clk_i       ; 0.000        ; 0.070      ; 1.230      ;
; 0.991  ; counter[25] ; counter[27] ; clk_i        ; clk_i       ; 0.000        ; 0.070      ; 1.232      ;
; 0.991  ; counter[23] ; counter[25] ; clk_i        ; clk_i       ; 0.000        ; 0.070      ; 1.232      ;
; 0.993  ; counter[13] ; counter[16] ; clk_i        ; clk_i       ; 0.000        ; 0.073      ; 1.237      ;
; 0.993  ; counter[15] ; counter[18] ; clk_i        ; clk_i       ; 0.000        ; 0.073      ; 1.237      ;
; 0.995  ; counter[3]  ; counter[6]  ; clk_i        ; clk_i       ; 0.000        ; 0.071      ; 1.237      ;
; 0.996  ; counter[11] ; counter[14] ; clk_i        ; clk_i       ; 0.000        ; 0.071      ; 1.238      ;
; 0.997  ; counter[21] ; counter[24] ; clk_i        ; clk_i       ; 0.000        ; 0.070      ; 1.238      ;
; 0.997  ; counter[19] ; counter[22] ; clk_i        ; clk_i       ; 0.000        ; 0.070      ; 1.238      ;
; 0.998  ; counter[27] ; counter[30] ; clk_i        ; clk_i       ; 0.000        ; 0.070      ; 1.239      ;
; 0.999  ; counter[6]  ; counter[9]  ; clk_i        ; clk_i       ; 0.000        ; 0.071      ; 1.241      ;
; 1.000  ; counter[9]  ; counter[12] ; clk_i        ; clk_i       ; 0.000        ; 0.071      ; 1.242      ;
; 1.000  ; counter[7]  ; counter[10] ; clk_i        ; clk_i       ; 0.000        ; 0.071      ; 1.242      ;
; 1.000  ; counter[17] ; counter[20] ; clk_i        ; clk_i       ; 0.000        ; 0.070      ; 1.241      ;
; 1.000  ; counter[14] ; counter[17] ; clk_i        ; clk_i       ; 0.000        ; 0.073      ; 1.244      ;
; 1.001  ; counter[22] ; counter[25] ; clk_i        ; clk_i       ; 0.000        ; 0.070      ; 1.242      ;
; 1.002  ; counter[25] ; counter[28] ; clk_i        ; clk_i       ; 0.000        ; 0.070      ; 1.243      ;
; 1.002  ; counter[23] ; counter[26] ; clk_i        ; clk_i       ; 0.000        ; 0.070      ; 1.243      ;
; 1.003  ; counter[12] ; counter[15] ; clk_i        ; clk_i       ; 0.000        ; 0.071      ; 1.245      ;
; 1.003  ; counter[10] ; counter[13] ; clk_i        ; clk_i       ; 0.000        ; 0.071      ; 1.245      ;
; 1.003  ; counter[8]  ; counter[11] ; clk_i        ; clk_i       ; 0.000        ; 0.071      ; 1.245      ;
; 1.003  ; counter[16] ; counter[19] ; clk_i        ; clk_i       ; 0.000        ; 0.070      ; 1.244      ;
; 1.004  ; counter[20] ; counter[23] ; clk_i        ; clk_i       ; 0.000        ; 0.070      ; 1.245      ;
+--------+-------------+-------------+--------------+-------------+--------------+------------+------------+


+---------------------------------------------------------------------------------------------------------------------------------------------------------------------------------------+
; Slow 1200mV 0C Model Hold: 'clk_c'                                                                                                                                                    ;
+-------+------------------------------------------------+--------------------------------------------------------+--------------+-------------+--------------+------------+------------+
; Slack ; From Node                                      ; To Node                                                ; Launch Clock ; Latch Clock ; Relationship ; Clock Skew ; Data Delay ;
+-------+------------------------------------------------+--------------------------------------------------------+--------------+-------------+--------------+------------+------------+
; 0.355 ; integ:integ|pc[0]                              ; integ:integ|pc[0]                                      ; clk_c        ; clk_c       ; 0.000        ; 0.071      ; 0.597      ;
; 0.397 ; integ:integ|data_memory:data_mem|io_mem[0][0]  ; integ:integ|data_memory:data_mem|systemoutput_o[1][0]  ; clk_c        ; clk_c       ; 0.000        ; 0.072      ; 0.640      ;
; 0.397 ; integ:integ|data_memory:data_mem|io_mem[0][2]  ; integ:integ|data_memory:data_mem|systemoutput_o[1][2]  ; clk_c        ; clk_c       ; 0.000        ; 0.071      ; 0.639      ;
; 0.397 ; integ:integ|data_memory:data_mem|io_mem[0][15] ; integ:integ|data_memory:data_mem|systemoutput_o[1][15] ; clk_c        ; clk_c       ; 0.000        ; 0.071      ; 0.639      ;
; 0.397 ; integ:integ|data_memory:data_mem|io_mem[0][14] ; integ:integ|data_memory:data_mem|systemoutput_o[1][14] ; clk_c        ; clk_c       ; 0.000        ; 0.071      ; 0.639      ;
; 0.397 ; integ:integ|data_memory:data_mem|io_mem[1][28] ; integ:integ|data_memory:data_mem|systemoutput_o[0][28] ; clk_c        ; clk_c       ; 0.000        ; 0.071      ; 0.639      ;
; 0.416 ; integ:integ|data_memory:data_mem|io_mem[1][13] ; integ:integ|data_memory:data_mem|systemoutput_o[0][13] ; clk_c        ; clk_c       ; 0.000        ; 0.072      ; 0.659      ;
; 0.547 ; integ:integ|data_memory:data_mem|io_mem[0][4]  ; integ:integ|data_memory:data_mem|systemoutput_o[1][4]  ; clk_c        ; clk_c       ; 0.000        ; 0.072      ; 0.790      ;
; 0.548 ; integ:integ|data_memory:data_mem|io_mem[0][31] ; integ:integ|data_memory:data_mem|systemoutput_o[1][31] ; clk_c        ; clk_c       ; 0.000        ; 0.069      ; 0.788      ;
; 0.548 ; integ:integ|data_memory:data_mem|io_mem[0][10] ; integ:integ|data_memory:data_mem|systemoutput_o[1][10] ; clk_c        ; clk_c       ; 0.000        ; 0.072      ; 0.791      ;
; 0.549 ; integ:integ|data_memory:data_mem|io_mem[0][12] ; integ:integ|data_memory:data_mem|systemoutput_o[1][12] ; clk_c        ; clk_c       ; 0.000        ; 0.071      ; 0.791      ;
; 0.549 ; integ:integ|data_memory:data_mem|io_mem[0][11] ; integ:integ|data_memory:data_mem|systemoutput_o[1][11] ; clk_c        ; clk_c       ; 0.000        ; 0.072      ; 0.792      ;
; 0.549 ; integ:integ|data_memory:data_mem|io_mem[1][10] ; integ:integ|data_memory:data_mem|systemoutput_o[0][10] ; clk_c        ; clk_c       ; 0.000        ; 0.071      ; 0.791      ;
; 0.550 ; integ:integ|data_memory:data_mem|io_mem[0][6]  ; integ:integ|data_memory:data_mem|systemoutput_o[1][6]  ; clk_c        ; clk_c       ; 0.000        ; 0.072      ; 0.793      ;
; 0.552 ; integ:integ|data_memory:data_mem|io_mem[0][30] ; integ:integ|data_memory:data_mem|systemoutput_o[1][30] ; clk_c        ; clk_c       ; 0.000        ; 0.069      ; 0.792      ;
; 0.552 ; integ:integ|data_memory:data_mem|io_mem[1][0]  ; integ:integ|data_memory:data_mem|systemoutput_o[0][0]  ; clk_c        ; clk_c       ; 0.000        ; 0.072      ; 0.795      ;
; 0.552 ; integ:integ|data_memory:data_mem|io_mem[1][21] ; integ:integ|data_memory:data_mem|systemoutput_o[0][21] ; clk_c        ; clk_c       ; 0.000        ; 0.070      ; 0.793      ;
; 0.553 ; integ:integ|data_memory:data_mem|io_mem[0][20] ; integ:integ|data_memory:data_mem|systemoutput_o[1][20] ; clk_c        ; clk_c       ; 0.000        ; 0.069      ; 0.793      ;
; 0.565 ; integ:integ|data_memory:data_mem|io_mem[0][9]  ; integ:integ|data_memory:data_mem|systemoutput_o[1][9]  ; clk_c        ; clk_c       ; 0.000        ; 0.069      ; 0.805      ;
; 0.568 ; integ:integ|data_memory:data_mem|io_mem[1][5]  ; integ:integ|data_memory:data_mem|systemoutput_o[0][5]  ; clk_c        ; clk_c       ; 0.000        ; 0.072      ; 0.811      ;
; 0.569 ; integ:integ|data_memory:data_mem|io_mem[1][1]  ; integ:integ|data_memory:data_mem|systemoutput_o[0][1]  ; clk_c        ; clk_c       ; 0.000        ; 0.072      ; 0.812      ;
; 0.572 ; integ:integ|data_memory:data_mem|io_mem[0][7]  ; integ:integ|data_memory:data_mem|systemoutput_o[1][7]  ; clk_c        ; clk_c       ; 0.000        ; 0.071      ; 0.814      ;
; 0.576 ; integ:integ|data_memory:data_mem|io_mem[0][21] ; integ:integ|data_memory:data_mem|systemoutput_o[1][21] ; clk_c        ; clk_c       ; 0.000        ; 0.068      ; 0.815      ;
; 0.659 ; integ:integ|data_memory:data_mem|io_mem[1][15] ; integ:integ|data_memory:data_mem|io_data[15]           ; clk_c        ; clk_c       ; 0.000        ; 0.071      ; 0.901      ;
; 0.659 ; integ:integ|data_memory:data_mem|io_mem[1][14] ; integ:integ|data_memory:data_mem|io_data[14]           ; clk_c        ; clk_c       ; 0.000        ; 0.071      ; 0.901      ;
; 0.660 ; integ:integ|data_memory:data_mem|io_mem[1][22] ; integ:integ|data_memory:data_mem|io_data[22]           ; clk_c        ; clk_c       ; 0.000        ; 0.069      ; 0.900      ;
; 0.660 ; integ:integ|data_memory:data_mem|io_mem[1][18] ; integ:integ|data_memory:data_mem|io_data[18]           ; clk_c        ; clk_c       ; 0.000        ; 0.069      ; 0.900      ;
; 0.660 ; integ:integ|data_memory:data_mem|io_mem[1][30] ; integ:integ|data_memory:data_mem|io_data[30]           ; clk_c        ; clk_c       ; 0.000        ; 0.071      ; 0.902      ;
; 0.662 ; integ:integ|data_memory:data_mem|io_mem[1][23] ; integ:integ|data_memory:data_mem|io_data[23]           ; clk_c        ; clk_c       ; 0.000        ; 0.069      ; 0.902      ;
; 0.713 ; integ:integ|data_memory:data_mem|io_mem[0][3]  ; integ:integ|data_memory:data_mem|systemoutput_o[1][3]  ; clk_c        ; clk_c       ; 0.000        ; 0.072      ; 0.956      ;
; 0.714 ; integ:integ|data_memory:data_mem|io_mem[2][29] ; integ:integ|data_memory:data_mem|io_data[29]           ; clk_c        ; clk_c       ; 0.000        ; 0.071      ; 0.956      ;
; 0.716 ; integ:integ|data_memory:data_mem|io_mem[1][15] ; integ:integ|data_memory:data_mem|systemoutput_o[0][15] ; clk_c        ; clk_c       ; 0.000        ; 0.071      ; 0.958      ;
; 0.716 ; integ:integ|data_memory:data_mem|io_mem[2][11] ; integ:integ|data_memory:data_mem|io_data[11]           ; clk_c        ; clk_c       ; 0.000        ; 0.071      ; 0.958      ;
; 0.717 ; integ:integ|data_memory:data_mem|io_mem[0][27] ; integ:integ|data_memory:data_mem|systemoutput_o[1][27] ; clk_c        ; clk_c       ; 0.000        ; 0.069      ; 0.957      ;
; 0.718 ; integ:integ|data_memory:data_mem|io_mem[0][5]  ; integ:integ|data_memory:data_mem|systemoutput_o[1][5]  ; clk_c        ; clk_c       ; 0.000        ; 0.071      ; 0.960      ;
; 0.718 ; integ:integ|data_memory:data_mem|io_mem[3][30] ; integ:integ|data_memory:data_mem|io_data[30]           ; clk_c        ; clk_c       ; 0.000        ; 0.071      ; 0.960      ;
; 0.721 ; integ:integ|data_memory:data_mem|io_mem[3][23] ; integ:integ|data_memory:data_mem|io_data[23]           ; clk_c        ; clk_c       ; 0.000        ; 0.069      ; 0.961      ;
; 0.729 ; integ:integ|data_memory:data_mem|io_mem[1][30] ; integ:integ|data_memory:data_mem|systemoutput_o[0][30] ; clk_c        ; clk_c       ; 0.000        ; 0.071      ; 0.971      ;
; 0.739 ; integ:integ|data_memory:data_mem|io_mem[0][24] ; integ:integ|data_memory:data_mem|systemoutput_o[1][24] ; clk_c        ; clk_c       ; 0.000        ; 0.066      ; 0.976      ;
; 0.744 ; integ:integ|data_memory:data_mem|io_mem[1][14] ; integ:integ|data_memory:data_mem|systemoutput_o[0][14] ; clk_c        ; clk_c       ; 0.000        ; 0.071      ; 0.986      ;
; 0.745 ; integ:integ|data_memory:data_mem|io_mem[0][13] ; integ:integ|data_memory:data_mem|systemoutput_o[1][13] ; clk_c        ; clk_c       ; 0.000        ; 0.072      ; 0.988      ;
; 0.754 ; integ:integ|data_memory:data_mem|io_mem[1][23] ; integ:integ|data_memory:data_mem|systemoutput_o[0][23] ; clk_c        ; clk_c       ; 0.000        ; 0.072      ; 0.997      ;
; 0.779 ; integ:integ|data_memory:data_mem|io_mem[1][10] ; integ:integ|data_memory:data_mem|io_data[10]           ; clk_c        ; clk_c       ; 0.000        ; 0.071      ; 1.021      ;
; 0.826 ; integ:integ|data_memory:data_mem|io_mem[3][3]  ; integ:integ|data_memory:data_mem|io_data[3]            ; clk_c        ; clk_c       ; 0.000        ; 0.072      ; 1.069      ;
; 0.847 ; integ:integ|data_memory:data_mem|io_mem[2][3]  ; integ:integ|data_memory:data_mem|io_data[3]            ; clk_c        ; clk_c       ; 0.000        ; 0.072      ; 1.090      ;
; 0.851 ; integ:integ|data_memory:data_mem|io_mem[3][10] ; integ:integ|data_memory:data_mem|io_data[10]           ; clk_c        ; clk_c       ; 0.000        ; 0.071      ; 1.093      ;
; 0.899 ; integ:integ|data_memory:data_mem|io_mem[1][16] ; integ:integ|data_memory:data_mem|systemoutput_o[0][16] ; clk_c        ; clk_c       ; 0.000        ; 0.058      ; 1.128      ;
; 0.900 ; integ:integ|data_memory:data_mem|io_mem[0][1]  ; integ:integ|data_memory:data_mem|systemoutput_o[1][1]  ; clk_c        ; clk_c       ; 0.000        ; 0.068      ; 1.139      ;
; 0.901 ; integ:integ|data_memory:data_mem|io_mem[3][29] ; integ:integ|data_memory:data_mem|io_data[29]           ; clk_c        ; clk_c       ; 0.000        ; 0.071      ; 1.143      ;
; 0.903 ; integ:integ|data_memory:data_mem|io_mem[3][18] ; integ:integ|data_memory:data_mem|io_data[18]           ; clk_c        ; clk_c       ; 0.000        ; 0.069      ; 1.143      ;
; 0.903 ; integ:integ|data_memory:data_mem|io_mem[3][11] ; integ:integ|data_memory:data_mem|io_data[11]           ; clk_c        ; clk_c       ; 0.000        ; 0.071      ; 1.145      ;
; 0.904 ; integ:integ|data_memory:data_mem|io_mem[3][15] ; integ:integ|data_memory:data_mem|io_data[15]           ; clk_c        ; clk_c       ; 0.000        ; 0.071      ; 1.146      ;
; 0.906 ; integ:integ|data_memory:data_mem|io_mem[3][14] ; integ:integ|data_memory:data_mem|io_data[14]           ; clk_c        ; clk_c       ; 0.000        ; 0.071      ; 1.148      ;
; 0.907 ; integ:integ|data_memory:data_mem|io_mem[3][22] ; integ:integ|data_memory:data_mem|io_data[22]           ; clk_c        ; clk_c       ; 0.000        ; 0.069      ; 1.147      ;
; 0.941 ; integ:integ|data_memory:data_mem|io_mem[1][28] ; integ:integ|data_memory:data_mem|io_data[28]           ; clk_c        ; clk_c       ; 0.000        ; 0.071      ; 1.183      ;
; 0.945 ; integ:integ|data_memory:data_mem|io_mem[1][31] ; integ:integ|data_memory:data_mem|systemoutput_o[0][31] ; clk_c        ; clk_c       ; 0.000        ; 0.072      ; 1.188      ;
; 0.991 ; integ:integ|data_memory:data_mem|io_mem[0][19] ; integ:integ|data_memory:data_mem|systemoutput_o[1][19] ; clk_c        ; clk_c       ; 0.000        ; 0.099      ; 1.261      ;
; 0.992 ; integ:integ|data_memory:data_mem|io_mem[0][25] ; integ:integ|data_memory:data_mem|systemoutput_o[1][25] ; clk_c        ; clk_c       ; 0.000        ; 0.080      ; 1.243      ;
; 1.001 ; integ:integ|data_memory:data_mem|io_mem[0][28] ; integ:integ|data_memory:data_mem|systemoutput_o[1][28] ; clk_c        ; clk_c       ; 0.000        ; 0.094      ; 1.266      ;
; 1.011 ; integ:integ|data_memory:data_mem|io_mem[1][8]  ; integ:integ|data_memory:data_mem|systemoutput_o[0][8]  ; clk_c        ; clk_c       ; 0.000        ; 0.059      ; 1.241      ;
; 1.013 ; integ:integ|data_memory:data_mem|io_mem[0][22] ; integ:integ|data_memory:data_mem|systemoutput_o[1][22] ; clk_c        ; clk_c       ; 0.000        ; 0.082      ; 1.266      ;
; 1.013 ; integ:integ|data_memory:data_mem|io_mem[3][28] ; integ:integ|data_memory:data_mem|io_data[28]           ; clk_c        ; clk_c       ; 0.000        ; 0.071      ; 1.255      ;
; 1.015 ; integ:integ|data_memory:data_mem|io_mem[2][16] ; integ:integ|data_memory:data_mem|io_data[16]           ; clk_c        ; clk_c       ; 0.000        ; 0.069      ; 1.255      ;
; 1.018 ; integ:integ|data_memory:data_mem|io_mem[1][26] ; integ:integ|data_memory:data_mem|systemoutput_o[0][26] ; clk_c        ; clk_c       ; 0.000        ; 0.082      ; 1.271      ;
; 1.021 ; integ:integ|data_memory:data_mem|io_mem[3][16] ; integ:integ|data_memory:data_mem|io_data[16]           ; clk_c        ; clk_c       ; 0.000        ; 0.069      ; 1.261      ;
; 1.025 ; integ:integ|data_memory:data_mem|io_mem[1][18] ; integ:integ|data_memory:data_mem|systemoutput_o[0][18] ; clk_c        ; clk_c       ; 0.000        ; 0.060      ; 1.256      ;
; 1.031 ; integ:integ|data_memory:data_mem|io_mem[1][25] ; integ:integ|data_memory:data_mem|systemoutput_o[0][25] ; clk_c        ; clk_c       ; 0.000        ; 0.083      ; 1.285      ;
; 1.039 ; integ:integ|data_memory:data_mem|io_mem[1][9]  ; integ:integ|data_memory:data_mem|systemoutput_o[0][9]  ; clk_c        ; clk_c       ; 0.000        ; 0.048      ; 1.258      ;
; 1.045 ; integ:integ|data_memory:data_mem|io_mem[1][11] ; integ:integ|data_memory:data_mem|systemoutput_o[0][11] ; clk_c        ; clk_c       ; 0.000        ; 0.039      ; 1.255      ;
; 1.058 ; integ:integ|data_memory:data_mem|io_mem[0][29] ; integ:integ|data_memory:data_mem|systemoutput_o[1][29] ; clk_c        ; clk_c       ; 0.000        ; 0.049      ; 1.278      ;
; 1.108 ; integ:integ|data_memory:data_mem|io_mem[0][15] ; integ:integ|data_memory:data_mem|io_data[15]           ; clk_c        ; clk_c       ; 0.000        ; 0.072      ; 1.351      ;
; 1.108 ; integ:integ|data_memory:data_mem|io_mem[0][14] ; integ:integ|data_memory:data_mem|io_data[14]           ; clk_c        ; clk_c       ; 0.000        ; 0.072      ; 1.351      ;
; 1.108 ; integ:integ|data_memory:data_mem|io_mem[0][18] ; integ:integ|data_memory:data_mem|io_data[18]           ; clk_c        ; clk_c       ; 0.000        ; 0.068      ; 1.347      ;
; 1.123 ; integ:integ|data_memory:data_mem|io_mem[0][23] ; integ:integ|data_memory:data_mem|systemoutput_o[1][23] ; clk_c        ; clk_c       ; 0.000        ; 0.076      ; 1.370      ;
; 1.124 ; integ:integ|data_memory:data_mem|io_mem[1][27] ; integ:integ|data_memory:data_mem|systemoutput_o[0][27] ; clk_c        ; clk_c       ; 0.000        ; 0.071      ; 1.366      ;
; 1.141 ; integ:integ|data_memory:data_mem|io_mem[1][20] ; integ:integ|data_memory:data_mem|systemoutput_o[0][20] ; clk_c        ; clk_c       ; 0.000        ; 0.083      ; 1.395      ;
; 1.166 ; integ:integ|data_memory:data_mem|io_mem[0][3]  ; integ:integ|data_memory:data_mem|io_data[3]            ; clk_c        ; clk_c       ; 0.000        ; 0.072      ; 1.409      ;
; 1.174 ; integ:integ|data_memory:data_mem|io_mem[0][29] ; integ:integ|data_memory:data_mem|io_data[29]           ; clk_c        ; clk_c       ; 0.000        ; 0.071      ; 1.416      ;
; 1.178 ; integ:integ|data_memory:data_mem|io_mem[2][15] ; integ:integ|data_memory:data_mem|io_data[15]           ; clk_c        ; clk_c       ; 0.000        ; 0.072      ; 1.421      ;
; 1.179 ; integ:integ|data_memory:data_mem|io_mem[2][18] ; integ:integ|data_memory:data_mem|io_data[18]           ; clk_c        ; clk_c       ; 0.000        ; 0.068      ; 1.418      ;
; 1.181 ; integ:integ|data_memory:data_mem|io_mem[2][14] ; integ:integ|data_memory:data_mem|io_data[14]           ; clk_c        ; clk_c       ; 0.000        ; 0.072      ; 1.424      ;
; 1.234 ; integ:integ|data_memory:data_mem|io_mem[0][17] ; integ:integ|data_memory:data_mem|systemoutput_o[1][17] ; clk_c        ; clk_c       ; 0.000        ; 0.106      ; 1.511      ;
; 1.236 ; integ:integ|data_memory:data_mem|io_mem[1][7]  ; integ:integ|data_memory:data_mem|systemoutput_o[0][7]  ; clk_c        ; clk_c       ; 0.000        ; 0.093      ; 1.500      ;
; 1.239 ; integ:integ|data_memory:data_mem|io_mem[0][26] ; integ:integ|data_memory:data_mem|systemoutput_o[1][26] ; clk_c        ; clk_c       ; 0.000        ; 0.047      ; 1.457      ;
; 1.241 ; integ:integ|data_memory:data_mem|io_mem[0][8]  ; integ:integ|data_memory:data_mem|systemoutput_o[1][8]  ; clk_c        ; clk_c       ; 0.000        ; 0.057      ; 1.469      ;
; 1.347 ; integ:integ|data_memory:data_mem|io_mem[1][19] ; integ:integ|data_memory:data_mem|systemoutput_o[0][19] ; clk_c        ; clk_c       ; 0.000        ; 0.085      ; 1.603      ;
; 1.351 ; integ:integ|data_memory:data_mem|io_mem[0][22] ; integ:integ|data_memory:data_mem|io_data[22]           ; clk_c        ; clk_c       ; 0.000        ; 0.080      ; 1.602      ;
; 1.360 ; integ:integ|data_memory:data_mem|io_mem[1][29] ; integ:integ|data_memory:data_mem|systemoutput_o[0][29] ; clk_c        ; clk_c       ; 0.000        ; 0.125      ; 1.656      ;
; 1.371 ; integ:integ|data_memory:data_mem|io_mem[1][24] ; integ:integ|data_memory:data_mem|systemoutput_o[0][24] ; clk_c        ; clk_c       ; 0.000        ; 0.082      ; 1.624      ;
; 1.401 ; integ:integ|data_memory:data_mem|io_mem[1][17] ; integ:integ|data_memory:data_mem|systemoutput_o[0][17] ; clk_c        ; clk_c       ; 0.000        ; 0.087      ; 1.659      ;
; 1.422 ; integ:integ|data_memory:data_mem|io_mem[2][22] ; integ:integ|data_memory:data_mem|io_data[22]           ; clk_c        ; clk_c       ; 0.000        ; 0.080      ; 1.673      ;
; 1.427 ; integ:integ|data_memory:data_mem|io_mem[1][3]  ; integ:integ|data_memory:data_mem|systemoutput_o[0][3]  ; clk_c        ; clk_c       ; 0.000        ; 0.079      ; 1.677      ;
; 1.487 ; integ:integ|pc[30]                             ; integ:integ|pc[30]                                     ; clk_c        ; clk_c       ; 0.000        ; 0.071      ; 1.729      ;
; 1.552 ; integ:integ|data_memory:data_mem|io_mem[0][16] ; integ:integ|data_memory:data_mem|systemoutput_o[1][16] ; clk_c        ; clk_c       ; 0.000        ; 0.109      ; 1.832      ;
; 1.573 ; integ:integ|data_memory:data_mem|io_mem[1][3]  ; integ:integ|data_memory:data_mem|io_data[3]            ; clk_c        ; clk_c       ; 0.000        ; 0.069      ; 1.813      ;
; 1.616 ; integ:integ|data_memory:data_mem|io_mem[0][10] ; integ:integ|data_memory:data_mem|io_data[10]           ; clk_c        ; clk_c       ; 0.000        ; 0.060      ; 1.847      ;
; 1.624 ; integ:integ|data_memory:data_mem|io_mem[0][16] ; integ:integ|data_memory:data_mem|io_data[16]           ; clk_c        ; clk_c       ; 0.000        ; 0.080      ; 1.875      ;
; 1.627 ; integ:integ|data_memory:data_mem|io_mem[0][18] ; integ:integ|data_memory:data_mem|systemoutput_o[1][18] ; clk_c        ; clk_c       ; 0.000        ; 0.094      ; 1.892      ;
; 1.669 ; integ:integ|data_memory:data_mem|io_data[0]    ; integ:integ|regfile:regfile|x[14][0]                   ; clk_c        ; clk_c       ; -0.500       ; 0.099      ; 1.459      ;
; 1.683 ; integ:integ|pc[20]                             ; integ:integ|pc[20]                                     ; clk_c        ; clk_c       ; 0.000        ; 0.071      ; 1.925      ;
+-------+------------------------------------------------+--------------------------------------------------------+--------------+-------------+--------------+------------+------------+


----------------------------------------------
; Slow 1200mV 0C Model Metastability Summary ;
----------------------------------------------
No synchronizer chains to report.


+------------------------------------+
; Fast 1200mV 0C Model Setup Summary ;
+-------+----------+-----------------+
; Clock ; Slack    ; End Point TNS   ;
+-------+----------+-----------------+
; clk_c ; -100.029 ; -3211451.543    ;
; clk_i ; -0.919   ; -16.254         ;
+-------+----------+-----------------+


+-----------------------------------+
; Fast 1200mV 0C Model Hold Summary ;
+-------+--------+------------------+
; Clock ; Slack  ; End Point TNS    ;
+-------+--------+------------------+
; clk_i ; -1.510 ; -1.510           ;
; clk_c ; 0.182  ; 0.000            ;
+-------+--------+------------------+


-----------------------------------------
; Fast 1200mV 0C Model Recovery Summary ;
-----------------------------------------
No paths to report.


----------------------------------------
; Fast 1200mV 0C Model Removal Summary ;
----------------------------------------
No paths to report.


+--------------------------------------------------+
; Fast 1200mV 0C Model Minimum Pulse Width Summary ;
+-------+--------+---------------------------------+
; Clock ; Slack  ; End Point TNS                   ;
+-------+--------+---------------------------------+
; clk_i ; -3.000 ; -38.030                         ;
; clk_c ; -1.000 ; -34048.000                      ;
+-------+--------+---------------------------------+


+---------------------------------------------------------------------------------------------------------------------------------------------------------+
; Fast 1200mV 0C Model Setup: 'clk_c'                                                                                                                     ;
+----------+-------------------+----------------------------------------------------+--------------+-------------+--------------+------------+------------+
; Slack    ; From Node         ; To Node                                            ; Launch Clock ; Latch Clock ; Relationship ; Clock Skew ; Data Delay ;
+----------+-------------------+----------------------------------------------------+--------------+-------------+--------------+------------+------------+
; -100.029 ; integ:integ|pc[5] ; integ:integ|regfile:regfile|x[19][30]              ; clk_c        ; clk_c       ; 1.000        ; 0.001      ; 101.017    ;
; -100.029 ; integ:integ|pc[5] ; integ:integ|regfile:regfile|x[27][30]              ; clk_c        ; clk_c       ; 1.000        ; 0.001      ; 101.017    ;
; -99.920  ; integ:integ|pc[5] ; integ:integ|regfile:regfile|x[22][30]              ; clk_c        ; clk_c       ; 1.000        ; -0.002     ; 100.905    ;
; -99.920  ; integ:integ|pc[5] ; integ:integ|regfile:regfile|x[18][30]              ; clk_c        ; clk_c       ; 1.000        ; -0.002     ; 100.905    ;
; -99.899  ; integ:integ|pc[5] ; integ:integ|regfile:regfile|x[24][30]              ; clk_c        ; clk_c       ; 1.000        ; -0.001     ; 100.885    ;
; -99.899  ; integ:integ|pc[5] ; integ:integ|regfile:regfile|x[16][30]              ; clk_c        ; clk_c       ; 1.000        ; -0.001     ; 100.885    ;
; -99.882  ; integ:integ|pc[5] ; integ:integ|regfile:regfile|x[28][30]              ; clk_c        ; clk_c       ; 1.000        ; 0.005      ; 100.874    ;
; -99.877  ; integ:integ|pc[5] ; integ:integ|regfile:regfile|x[20][30]              ; clk_c        ; clk_c       ; 1.000        ; 0.005      ; 100.869    ;
; -99.874  ; integ:integ|pc[5] ; integ:integ|regfile:regfile|x[23][30]              ; clk_c        ; clk_c       ; 1.000        ; 0.001      ; 100.862    ;
; -99.874  ; integ:integ|pc[5] ; integ:integ|regfile:regfile|x[15][30]              ; clk_c        ; clk_c       ; 1.000        ; 0.001      ; 100.862    ;
; -99.871  ; integ:integ|pc[5] ; integ:integ|regfile:regfile|x[12][30]              ; clk_c        ; clk_c       ; 1.000        ; 0.003      ; 100.861    ;
; -99.846  ; integ:integ|pc[2] ; integ:integ|regfile:regfile|x[19][30]              ; clk_c        ; clk_c       ; 1.000        ; 0.001      ; 100.834    ;
; -99.846  ; integ:integ|pc[2] ; integ:integ|regfile:regfile|x[27][30]              ; clk_c        ; clk_c       ; 1.000        ; 0.001      ; 100.834    ;
; -99.824  ; integ:integ|pc[4] ; integ:integ|regfile:regfile|x[19][30]              ; clk_c        ; clk_c       ; 1.000        ; 0.001      ; 100.812    ;
; -99.824  ; integ:integ|pc[4] ; integ:integ|regfile:regfile|x[27][30]              ; clk_c        ; clk_c       ; 1.000        ; 0.001      ; 100.812    ;
; -99.737  ; integ:integ|pc[3] ; integ:integ|regfile:regfile|x[19][30]              ; clk_c        ; clk_c       ; 1.000        ; 0.001      ; 100.725    ;
; -99.737  ; integ:integ|pc[3] ; integ:integ|regfile:regfile|x[27][30]              ; clk_c        ; clk_c       ; 1.000        ; 0.001      ; 100.725    ;
; -99.737  ; integ:integ|pc[2] ; integ:integ|regfile:regfile|x[22][30]              ; clk_c        ; clk_c       ; 1.000        ; -0.002     ; 100.722    ;
; -99.737  ; integ:integ|pc[2] ; integ:integ|regfile:regfile|x[18][30]              ; clk_c        ; clk_c       ; 1.000        ; -0.002     ; 100.722    ;
; -99.719  ; integ:integ|pc[5] ; integ:integ|regfile:regfile|x[6][30]               ; clk_c        ; clk_c       ; 1.000        ; 0.002      ; 100.708    ;
; -99.718  ; integ:integ|pc[5] ; integ:integ|regfile:regfile|x[4][30]               ; clk_c        ; clk_c       ; 1.000        ; 0.002      ; 100.707    ;
; -99.716  ; integ:integ|pc[2] ; integ:integ|regfile:regfile|x[24][30]              ; clk_c        ; clk_c       ; 1.000        ; -0.001     ; 100.702    ;
; -99.716  ; integ:integ|pc[2] ; integ:integ|regfile:regfile|x[16][30]              ; clk_c        ; clk_c       ; 1.000        ; -0.001     ; 100.702    ;
; -99.715  ; integ:integ|pc[4] ; integ:integ|regfile:regfile|x[22][30]              ; clk_c        ; clk_c       ; 1.000        ; -0.002     ; 100.700    ;
; -99.715  ; integ:integ|pc[4] ; integ:integ|regfile:regfile|x[18][30]              ; clk_c        ; clk_c       ; 1.000        ; -0.002     ; 100.700    ;
; -99.699  ; integ:integ|pc[2] ; integ:integ|regfile:regfile|x[28][30]              ; clk_c        ; clk_c       ; 1.000        ; 0.005      ; 100.691    ;
; -99.694  ; integ:integ|pc[4] ; integ:integ|regfile:regfile|x[24][30]              ; clk_c        ; clk_c       ; 1.000        ; -0.001     ; 100.680    ;
; -99.694  ; integ:integ|pc[4] ; integ:integ|regfile:regfile|x[16][30]              ; clk_c        ; clk_c       ; 1.000        ; -0.001     ; 100.680    ;
; -99.694  ; integ:integ|pc[2] ; integ:integ|regfile:regfile|x[20][30]              ; clk_c        ; clk_c       ; 1.000        ; 0.005      ; 100.686    ;
; -99.691  ; integ:integ|pc[2] ; integ:integ|regfile:regfile|x[23][30]              ; clk_c        ; clk_c       ; 1.000        ; 0.001      ; 100.679    ;
; -99.691  ; integ:integ|pc[2] ; integ:integ|regfile:regfile|x[15][30]              ; clk_c        ; clk_c       ; 1.000        ; 0.001      ; 100.679    ;
; -99.688  ; integ:integ|pc[2] ; integ:integ|regfile:regfile|x[12][30]              ; clk_c        ; clk_c       ; 1.000        ; 0.003      ; 100.678    ;
; -99.677  ; integ:integ|pc[4] ; integ:integ|regfile:regfile|x[28][30]              ; clk_c        ; clk_c       ; 1.000        ; 0.005      ; 100.669    ;
; -99.672  ; integ:integ|pc[4] ; integ:integ|regfile:regfile|x[20][30]              ; clk_c        ; clk_c       ; 1.000        ; 0.005      ; 100.664    ;
; -99.669  ; integ:integ|pc[4] ; integ:integ|regfile:regfile|x[23][30]              ; clk_c        ; clk_c       ; 1.000        ; 0.001      ; 100.657    ;
; -99.669  ; integ:integ|pc[4] ; integ:integ|regfile:regfile|x[15][30]              ; clk_c        ; clk_c       ; 1.000        ; 0.001      ; 100.657    ;
; -99.666  ; integ:integ|pc[4] ; integ:integ|regfile:regfile|x[12][30]              ; clk_c        ; clk_c       ; 1.000        ; 0.003      ; 100.656    ;
; -99.628  ; integ:integ|pc[3] ; integ:integ|regfile:regfile|x[22][30]              ; clk_c        ; clk_c       ; 1.000        ; -0.002     ; 100.613    ;
; -99.628  ; integ:integ|pc[3] ; integ:integ|regfile:regfile|x[18][30]              ; clk_c        ; clk_c       ; 1.000        ; -0.002     ; 100.613    ;
; -99.607  ; integ:integ|pc[3] ; integ:integ|regfile:regfile|x[24][30]              ; clk_c        ; clk_c       ; 1.000        ; -0.001     ; 100.593    ;
; -99.607  ; integ:integ|pc[3] ; integ:integ|regfile:regfile|x[16][30]              ; clk_c        ; clk_c       ; 1.000        ; -0.001     ; 100.593    ;
; -99.590  ; integ:integ|pc[3] ; integ:integ|regfile:regfile|x[28][30]              ; clk_c        ; clk_c       ; 1.000        ; 0.005      ; 100.582    ;
; -99.589  ; integ:integ|pc[5] ; integ:integ|data_memory:data_mem|data_mem[762][25] ; clk_c        ; clk_c       ; 0.500        ; 0.112      ; 100.188    ;
; -99.589  ; integ:integ|pc[5] ; integ:integ|data_memory:data_mem|data_mem[762][26] ; clk_c        ; clk_c       ; 0.500        ; 0.112      ; 100.188    ;
; -99.589  ; integ:integ|pc[5] ; integ:integ|data_memory:data_mem|data_mem[762][31] ; clk_c        ; clk_c       ; 0.500        ; 0.112      ; 100.188    ;
; -99.589  ; integ:integ|pc[5] ; integ:integ|data_memory:data_mem|data_mem[762][30] ; clk_c        ; clk_c       ; 0.500        ; 0.112      ; 100.188    ;
; -99.589  ; integ:integ|pc[5] ; integ:integ|data_memory:data_mem|data_mem[762][27] ; clk_c        ; clk_c       ; 0.500        ; 0.112      ; 100.188    ;
; -99.589  ; integ:integ|pc[5] ; integ:integ|data_memory:data_mem|data_mem[762][28] ; clk_c        ; clk_c       ; 0.500        ; 0.112      ; 100.188    ;
; -99.589  ; integ:integ|pc[5] ; integ:integ|data_memory:data_mem|data_mem[762][24] ; clk_c        ; clk_c       ; 0.500        ; 0.112      ; 100.188    ;
; -99.589  ; integ:integ|pc[5] ; integ:integ|data_memory:data_mem|data_mem[762][29] ; clk_c        ; clk_c       ; 0.500        ; 0.112      ; 100.188    ;
; -99.588  ; integ:integ|pc[5] ; integ:integ|regfile:regfile|x[3][30]               ; clk_c        ; clk_c       ; 1.000        ; 0.008      ; 100.583    ;
; -99.587  ; integ:integ|pc[5] ; integ:integ|regfile:regfile|x[5][30]               ; clk_c        ; clk_c       ; 1.000        ; 0.008      ; 100.582    ;
; -99.585  ; integ:integ|pc[3] ; integ:integ|regfile:regfile|x[20][30]              ; clk_c        ; clk_c       ; 1.000        ; 0.005      ; 100.577    ;
; -99.582  ; integ:integ|pc[3] ; integ:integ|regfile:regfile|x[23][30]              ; clk_c        ; clk_c       ; 1.000        ; 0.001      ; 100.570    ;
; -99.582  ; integ:integ|pc[3] ; integ:integ|regfile:regfile|x[15][30]              ; clk_c        ; clk_c       ; 1.000        ; 0.001      ; 100.570    ;
; -99.579  ; integ:integ|pc[3] ; integ:integ|regfile:regfile|x[12][30]              ; clk_c        ; clk_c       ; 1.000        ; 0.003      ; 100.569    ;
; -99.576  ; integ:integ|pc[5] ; integ:integ|regfile:regfile|x[13][30]              ; clk_c        ; clk_c       ; 1.000        ; 0.003      ; 100.566    ;
; -99.575  ; integ:integ|pc[5] ; integ:integ|regfile:regfile|x[11][30]              ; clk_c        ; clk_c       ; 1.000        ; 0.003      ; 100.565    ;
; -99.558  ; integ:integ|pc[5] ; integ:integ|regfile:regfile|x[0][30]               ; clk_c        ; clk_c       ; 1.000        ; 0.003      ; 100.548    ;
; -99.557  ; integ:integ|pc[5] ; integ:integ|regfile:regfile|x[26][30]              ; clk_c        ; clk_c       ; 1.000        ; 0.006      ; 100.550    ;
; -99.557  ; integ:integ|pc[5] ; integ:integ|regfile:regfile|x[30][30]              ; clk_c        ; clk_c       ; 1.000        ; 0.006      ; 100.550    ;
; -99.549  ; integ:integ|pc[6] ; integ:integ|regfile:regfile|x[19][30]              ; clk_c        ; clk_c       ; 1.000        ; 0.001      ; 100.537    ;
; -99.549  ; integ:integ|pc[6] ; integ:integ|regfile:regfile|x[27][30]              ; clk_c        ; clk_c       ; 1.000        ; 0.001      ; 100.537    ;
; -99.536  ; integ:integ|pc[2] ; integ:integ|regfile:regfile|x[6][30]               ; clk_c        ; clk_c       ; 1.000        ; 0.002      ; 100.525    ;
; -99.535  ; integ:integ|pc[2] ; integ:integ|regfile:regfile|x[4][30]               ; clk_c        ; clk_c       ; 1.000        ; 0.002      ; 100.524    ;
; -99.514  ; integ:integ|pc[4] ; integ:integ|regfile:regfile|x[6][30]               ; clk_c        ; clk_c       ; 1.000        ; 0.002      ; 100.503    ;
; -99.513  ; integ:integ|pc[4] ; integ:integ|regfile:regfile|x[4][30]               ; clk_c        ; clk_c       ; 1.000        ; 0.002      ; 100.502    ;
; -99.451  ; integ:integ|pc[5] ; integ:integ|regfile:regfile|x[10][30]              ; clk_c        ; clk_c       ; 1.000        ; -0.016     ; 100.422    ;
; -99.449  ; integ:integ|pc[5] ; integ:integ|regfile:regfile|x[9][30]               ; clk_c        ; clk_c       ; 1.000        ; -0.016     ; 100.420    ;
; -99.440  ; integ:integ|pc[6] ; integ:integ|regfile:regfile|x[22][30]              ; clk_c        ; clk_c       ; 1.000        ; -0.002     ; 100.425    ;
; -99.440  ; integ:integ|pc[6] ; integ:integ|regfile:regfile|x[18][30]              ; clk_c        ; clk_c       ; 1.000        ; -0.002     ; 100.425    ;
; -99.427  ; integ:integ|pc[3] ; integ:integ|regfile:regfile|x[6][30]               ; clk_c        ; clk_c       ; 1.000        ; 0.002      ; 100.416    ;
; -99.426  ; integ:integ|pc[3] ; integ:integ|regfile:regfile|x[4][30]               ; clk_c        ; clk_c       ; 1.000        ; 0.002      ; 100.415    ;
; -99.421  ; integ:integ|pc[7] ; integ:integ|regfile:regfile|x[19][30]              ; clk_c        ; clk_c       ; 1.000        ; 0.001      ; 100.409    ;
; -99.421  ; integ:integ|pc[7] ; integ:integ|regfile:regfile|x[27][30]              ; clk_c        ; clk_c       ; 1.000        ; 0.001      ; 100.409    ;
; -99.419  ; integ:integ|pc[6] ; integ:integ|regfile:regfile|x[24][30]              ; clk_c        ; clk_c       ; 1.000        ; -0.001     ; 100.405    ;
; -99.419  ; integ:integ|pc[6] ; integ:integ|regfile:regfile|x[16][30]              ; clk_c        ; clk_c       ; 1.000        ; -0.001     ; 100.405    ;
; -99.406  ; integ:integ|pc[2] ; integ:integ|data_memory:data_mem|data_mem[762][25] ; clk_c        ; clk_c       ; 0.500        ; 0.112      ; 100.005    ;
; -99.406  ; integ:integ|pc[2] ; integ:integ|data_memory:data_mem|data_mem[762][26] ; clk_c        ; clk_c       ; 0.500        ; 0.112      ; 100.005    ;
; -99.406  ; integ:integ|pc[2] ; integ:integ|data_memory:data_mem|data_mem[762][31] ; clk_c        ; clk_c       ; 0.500        ; 0.112      ; 100.005    ;
; -99.406  ; integ:integ|pc[2] ; integ:integ|data_memory:data_mem|data_mem[762][30] ; clk_c        ; clk_c       ; 0.500        ; 0.112      ; 100.005    ;
; -99.406  ; integ:integ|pc[2] ; integ:integ|data_memory:data_mem|data_mem[762][27] ; clk_c        ; clk_c       ; 0.500        ; 0.112      ; 100.005    ;
; -99.406  ; integ:integ|pc[2] ; integ:integ|data_memory:data_mem|data_mem[762][28] ; clk_c        ; clk_c       ; 0.500        ; 0.112      ; 100.005    ;
; -99.406  ; integ:integ|pc[2] ; integ:integ|data_memory:data_mem|data_mem[762][24] ; clk_c        ; clk_c       ; 0.500        ; 0.112      ; 100.005    ;
; -99.406  ; integ:integ|pc[2] ; integ:integ|data_memory:data_mem|data_mem[762][29] ; clk_c        ; clk_c       ; 0.500        ; 0.112      ; 100.005    ;
; -99.405  ; integ:integ|pc[2] ; integ:integ|regfile:regfile|x[3][30]               ; clk_c        ; clk_c       ; 1.000        ; 0.008      ; 100.400    ;
; -99.404  ; integ:integ|pc[2] ; integ:integ|regfile:regfile|x[5][30]               ; clk_c        ; clk_c       ; 1.000        ; 0.008      ; 100.399    ;
; -99.402  ; integ:integ|pc[6] ; integ:integ|regfile:regfile|x[28][30]              ; clk_c        ; clk_c       ; 1.000        ; 0.005      ; 100.394    ;
; -99.397  ; integ:integ|pc[6] ; integ:integ|regfile:regfile|x[20][30]              ; clk_c        ; clk_c       ; 1.000        ; 0.005      ; 100.389    ;
; -99.394  ; integ:integ|pc[6] ; integ:integ|regfile:regfile|x[23][30]              ; clk_c        ; clk_c       ; 1.000        ; 0.001      ; 100.382    ;
; -99.394  ; integ:integ|pc[6] ; integ:integ|regfile:regfile|x[15][30]              ; clk_c        ; clk_c       ; 1.000        ; 0.001      ; 100.382    ;
; -99.393  ; integ:integ|pc[2] ; integ:integ|regfile:regfile|x[13][30]              ; clk_c        ; clk_c       ; 1.000        ; 0.003      ; 100.383    ;
; -99.392  ; integ:integ|pc[2] ; integ:integ|regfile:regfile|x[11][30]              ; clk_c        ; clk_c       ; 1.000        ; 0.003      ; 100.382    ;
; -99.391  ; integ:integ|pc[6] ; integ:integ|regfile:regfile|x[12][30]              ; clk_c        ; clk_c       ; 1.000        ; 0.003      ; 100.381    ;
; -99.384  ; integ:integ|pc[4] ; integ:integ|data_memory:data_mem|data_mem[762][25] ; clk_c        ; clk_c       ; 0.500        ; 0.112      ; 99.983     ;
; -99.384  ; integ:integ|pc[4] ; integ:integ|data_memory:data_mem|data_mem[762][26] ; clk_c        ; clk_c       ; 0.500        ; 0.112      ; 99.983     ;
; -99.384  ; integ:integ|pc[4] ; integ:integ|data_memory:data_mem|data_mem[762][31] ; clk_c        ; clk_c       ; 0.500        ; 0.112      ; 99.983     ;
; -99.384  ; integ:integ|pc[4] ; integ:integ|data_memory:data_mem|data_mem[762][30] ; clk_c        ; clk_c       ; 0.500        ; 0.112      ; 99.983     ;
; -99.384  ; integ:integ|pc[4] ; integ:integ|data_memory:data_mem|data_mem[762][27] ; clk_c        ; clk_c       ; 0.500        ; 0.112      ; 99.983     ;
; -99.384  ; integ:integ|pc[4] ; integ:integ|data_memory:data_mem|data_mem[762][28] ; clk_c        ; clk_c       ; 0.500        ; 0.112      ; 99.983     ;
+----------+-------------------+----------------------------------------------------+--------------+-------------+--------------+------------+------------+


+----------------------------------------------------------------------------------------------------------+
; Fast 1200mV 0C Model Setup: 'clk_i'                                                                      ;
+--------+-------------+-------------+--------------+-------------+--------------+------------+------------+
; Slack  ; From Node   ; To Node     ; Launch Clock ; Latch Clock ; Relationship ; Clock Skew ; Data Delay ;
+--------+-------------+-------------+--------------+-------------+--------------+------------+------------+
; -0.919 ; counter[1]  ; counter[31] ; clk_i        ; clk_i       ; 1.000        ; -0.038     ; 1.868      ;
; -0.915 ; counter[1]  ; counter[30] ; clk_i        ; clk_i       ; 1.000        ; -0.038     ; 1.864      ;
; -0.894 ; counter[0]  ; counter[31] ; clk_i        ; clk_i       ; 1.000        ; -0.038     ; 1.843      ;
; -0.868 ; counter[0]  ; counter[30] ; clk_i        ; clk_i       ; 1.000        ; -0.038     ; 1.817      ;
; -0.851 ; counter[1]  ; counter[29] ; clk_i        ; clk_i       ; 1.000        ; -0.038     ; 1.800      ;
; -0.847 ; counter[1]  ; counter[28] ; clk_i        ; clk_i       ; 1.000        ; -0.038     ; 1.796      ;
; -0.826 ; counter[0]  ; counter[29] ; clk_i        ; clk_i       ; 1.000        ; -0.038     ; 1.775      ;
; -0.802 ; counter[5]  ; counter[31] ; clk_i        ; clk_i       ; 1.000        ; -0.038     ; 1.751      ;
; -0.800 ; counter[0]  ; counter[28] ; clk_i        ; clk_i       ; 1.000        ; -0.038     ; 1.749      ;
; -0.798 ; counter[5]  ; counter[30] ; clk_i        ; clk_i       ; 1.000        ; -0.038     ; 1.747      ;
; -0.783 ; counter[1]  ; counter[27] ; clk_i        ; clk_i       ; 1.000        ; -0.038     ; 1.732      ;
; -0.779 ; counter[1]  ; counter[26] ; clk_i        ; clk_i       ; 1.000        ; -0.038     ; 1.728      ;
; -0.779 ; counter[4]  ; counter[31] ; clk_i        ; clk_i       ; 1.000        ; -0.038     ; 1.728      ;
; -0.768 ; counter[3]  ; counter[31] ; clk_i        ; clk_i       ; 1.000        ; -0.036     ; 1.719      ;
; -0.764 ; counter[3]  ; counter[30] ; clk_i        ; clk_i       ; 1.000        ; -0.036     ; 1.715      ;
; -0.758 ; counter[2]  ; counter[31] ; clk_i        ; clk_i       ; 1.000        ; -0.036     ; 1.709      ;
; -0.758 ; counter[0]  ; counter[27] ; clk_i        ; clk_i       ; 1.000        ; -0.038     ; 1.707      ;
; -0.749 ; counter[4]  ; counter[30] ; clk_i        ; clk_i       ; 1.000        ; -0.038     ; 1.698      ;
; -0.734 ; counter[5]  ; counter[29] ; clk_i        ; clk_i       ; 1.000        ; -0.038     ; 1.683      ;
; -0.732 ; counter[0]  ; counter[26] ; clk_i        ; clk_i       ; 1.000        ; -0.038     ; 1.681      ;
; -0.730 ; counter[5]  ; counter[28] ; clk_i        ; clk_i       ; 1.000        ; -0.038     ; 1.679      ;
; -0.720 ; counter[2]  ; counter[30] ; clk_i        ; clk_i       ; 1.000        ; -0.036     ; 1.671      ;
; -0.715 ; counter[1]  ; counter[25] ; clk_i        ; clk_i       ; 1.000        ; -0.038     ; 1.664      ;
; -0.711 ; counter[1]  ; counter[24] ; clk_i        ; clk_i       ; 1.000        ; -0.038     ; 1.660      ;
; -0.711 ; counter[4]  ; counter[29] ; clk_i        ; clk_i       ; 1.000        ; -0.038     ; 1.660      ;
; -0.700 ; counter[3]  ; counter[29] ; clk_i        ; clk_i       ; 1.000        ; -0.036     ; 1.651      ;
; -0.696 ; counter[3]  ; counter[28] ; clk_i        ; clk_i       ; 1.000        ; -0.036     ; 1.647      ;
; -0.690 ; counter[2]  ; counter[29] ; clk_i        ; clk_i       ; 1.000        ; -0.036     ; 1.641      ;
; -0.690 ; counter[0]  ; counter[25] ; clk_i        ; clk_i       ; 1.000        ; -0.038     ; 1.639      ;
; -0.681 ; counter[4]  ; counter[28] ; clk_i        ; clk_i       ; 1.000        ; -0.038     ; 1.630      ;
; -0.666 ; counter[5]  ; counter[27] ; clk_i        ; clk_i       ; 1.000        ; -0.038     ; 1.615      ;
; -0.664 ; counter[0]  ; counter[24] ; clk_i        ; clk_i       ; 1.000        ; -0.038     ; 1.613      ;
; -0.662 ; counter[5]  ; counter[26] ; clk_i        ; clk_i       ; 1.000        ; -0.038     ; 1.611      ;
; -0.652 ; counter[2]  ; counter[28] ; clk_i        ; clk_i       ; 1.000        ; -0.036     ; 1.603      ;
; -0.647 ; counter[1]  ; counter[23] ; clk_i        ; clk_i       ; 1.000        ; -0.038     ; 1.596      ;
; -0.643 ; counter[1]  ; counter[22] ; clk_i        ; clk_i       ; 1.000        ; -0.038     ; 1.592      ;
; -0.643 ; counter[4]  ; counter[27] ; clk_i        ; clk_i       ; 1.000        ; -0.038     ; 1.592      ;
; -0.636 ; counter[7]  ; counter[31] ; clk_i        ; clk_i       ; 1.000        ; -0.036     ; 1.587      ;
; -0.632 ; counter[7]  ; counter[30] ; clk_i        ; clk_i       ; 1.000        ; -0.036     ; 1.583      ;
; -0.632 ; counter[3]  ; counter[27] ; clk_i        ; clk_i       ; 1.000        ; -0.036     ; 1.583      ;
; -0.628 ; counter[3]  ; counter[26] ; clk_i        ; clk_i       ; 1.000        ; -0.036     ; 1.579      ;
; -0.622 ; counter[6]  ; counter[31] ; clk_i        ; clk_i       ; 1.000        ; -0.036     ; 1.573      ;
; -0.622 ; counter[2]  ; counter[27] ; clk_i        ; clk_i       ; 1.000        ; -0.036     ; 1.573      ;
; -0.622 ; counter[0]  ; counter[23] ; clk_i        ; clk_i       ; 1.000        ; -0.038     ; 1.571      ;
; -0.613 ; counter[4]  ; counter[26] ; clk_i        ; clk_i       ; 1.000        ; -0.038     ; 1.562      ;
; -0.603 ; counter[27] ; counter[4]  ; clk_i        ; clk_i       ; 1.000        ; -0.041     ; 1.549      ;
; -0.602 ; counter[27] ; counter[1]  ; clk_i        ; clk_i       ; 1.000        ; -0.041     ; 1.548      ;
; -0.599 ; counter[27] ; clk_c       ; clk_i        ; clk_i       ; 1.000        ; -0.041     ; 1.545      ;
; -0.598 ; counter[5]  ; counter[25] ; clk_i        ; clk_i       ; 1.000        ; -0.038     ; 1.547      ;
; -0.596 ; counter[0]  ; counter[22] ; clk_i        ; clk_i       ; 1.000        ; -0.038     ; 1.545      ;
; -0.594 ; counter[27] ; counter[0]  ; clk_i        ; clk_i       ; 1.000        ; -0.041     ; 1.540      ;
; -0.594 ; counter[5]  ; counter[24] ; clk_i        ; clk_i       ; 1.000        ; -0.038     ; 1.543      ;
; -0.592 ; counter[27] ; counter[5]  ; clk_i        ; clk_i       ; 1.000        ; -0.041     ; 1.538      ;
; -0.584 ; counter[2]  ; counter[26] ; clk_i        ; clk_i       ; 1.000        ; -0.036     ; 1.535      ;
; -0.583 ; counter[6]  ; counter[30] ; clk_i        ; clk_i       ; 1.000        ; -0.036     ; 1.534      ;
; -0.579 ; counter[1]  ; counter[21] ; clk_i        ; clk_i       ; 1.000        ; -0.038     ; 1.528      ;
; -0.575 ; counter[1]  ; counter[20] ; clk_i        ; clk_i       ; 1.000        ; -0.038     ; 1.524      ;
; -0.575 ; counter[4]  ; counter[25] ; clk_i        ; clk_i       ; 1.000        ; -0.038     ; 1.524      ;
; -0.568 ; counter[9]  ; counter[31] ; clk_i        ; clk_i       ; 1.000        ; -0.036     ; 1.519      ;
; -0.568 ; counter[7]  ; counter[29] ; clk_i        ; clk_i       ; 1.000        ; -0.036     ; 1.519      ;
; -0.564 ; counter[9]  ; counter[30] ; clk_i        ; clk_i       ; 1.000        ; -0.036     ; 1.515      ;
; -0.564 ; counter[7]  ; counter[28] ; clk_i        ; clk_i       ; 1.000        ; -0.036     ; 1.515      ;
; -0.564 ; counter[3]  ; counter[25] ; clk_i        ; clk_i       ; 1.000        ; -0.036     ; 1.515      ;
; -0.560 ; counter[3]  ; counter[24] ; clk_i        ; clk_i       ; 1.000        ; -0.036     ; 1.511      ;
; -0.554 ; counter[8]  ; counter[31] ; clk_i        ; clk_i       ; 1.000        ; -0.036     ; 1.505      ;
; -0.554 ; counter[6]  ; counter[29] ; clk_i        ; clk_i       ; 1.000        ; -0.036     ; 1.505      ;
; -0.554 ; counter[2]  ; counter[25] ; clk_i        ; clk_i       ; 1.000        ; -0.036     ; 1.505      ;
; -0.554 ; counter[0]  ; counter[21] ; clk_i        ; clk_i       ; 1.000        ; -0.038     ; 1.503      ;
; -0.545 ; counter[4]  ; counter[24] ; clk_i        ; clk_i       ; 1.000        ; -0.038     ; 1.494      ;
; -0.530 ; counter[5]  ; counter[23] ; clk_i        ; clk_i       ; 1.000        ; -0.038     ; 1.479      ;
; -0.528 ; counter[0]  ; counter[20] ; clk_i        ; clk_i       ; 1.000        ; -0.038     ; 1.477      ;
; -0.526 ; counter[5]  ; counter[22] ; clk_i        ; clk_i       ; 1.000        ; -0.038     ; 1.475      ;
; -0.516 ; counter[8]  ; counter[30] ; clk_i        ; clk_i       ; 1.000        ; -0.036     ; 1.467      ;
; -0.516 ; counter[2]  ; counter[24] ; clk_i        ; clk_i       ; 1.000        ; -0.036     ; 1.467      ;
; -0.515 ; counter[6]  ; counter[28] ; clk_i        ; clk_i       ; 1.000        ; -0.036     ; 1.466      ;
; -0.511 ; counter[1]  ; counter[19] ; clk_i        ; clk_i       ; 1.000        ; -0.038     ; 1.460      ;
; -0.507 ; counter[1]  ; counter[18] ; clk_i        ; clk_i       ; 1.000        ; -0.038     ; 1.456      ;
; -0.507 ; counter[4]  ; counter[23] ; clk_i        ; clk_i       ; 1.000        ; -0.038     ; 1.456      ;
; -0.500 ; counter[9]  ; counter[29] ; clk_i        ; clk_i       ; 1.000        ; -0.036     ; 1.451      ;
; -0.500 ; counter[7]  ; counter[27] ; clk_i        ; clk_i       ; 1.000        ; -0.036     ; 1.451      ;
; -0.496 ; counter[11] ; counter[31] ; clk_i        ; clk_i       ; 1.000        ; -0.036     ; 1.447      ;
; -0.496 ; counter[9]  ; counter[28] ; clk_i        ; clk_i       ; 1.000        ; -0.036     ; 1.447      ;
; -0.496 ; counter[7]  ; counter[26] ; clk_i        ; clk_i       ; 1.000        ; -0.036     ; 1.447      ;
; -0.496 ; counter[3]  ; counter[23] ; clk_i        ; clk_i       ; 1.000        ; -0.036     ; 1.447      ;
; -0.492 ; counter[11] ; counter[30] ; clk_i        ; clk_i       ; 1.000        ; -0.036     ; 1.443      ;
; -0.492 ; counter[3]  ; counter[22] ; clk_i        ; clk_i       ; 1.000        ; -0.036     ; 1.443      ;
; -0.486 ; counter[10] ; counter[31] ; clk_i        ; clk_i       ; 1.000        ; -0.036     ; 1.437      ;
; -0.486 ; counter[8]  ; counter[29] ; clk_i        ; clk_i       ; 1.000        ; -0.036     ; 1.437      ;
; -0.486 ; counter[6]  ; counter[27] ; clk_i        ; clk_i       ; 1.000        ; -0.036     ; 1.437      ;
; -0.486 ; counter[2]  ; counter[23] ; clk_i        ; clk_i       ; 1.000        ; -0.036     ; 1.437      ;
; -0.486 ; counter[0]  ; counter[19] ; clk_i        ; clk_i       ; 1.000        ; -0.038     ; 1.435      ;
; -0.477 ; counter[4]  ; counter[22] ; clk_i        ; clk_i       ; 1.000        ; -0.038     ; 1.426      ;
; -0.469 ; counter[1]  ; counter[5]  ; clk_i        ; clk_i       ; 1.000        ; -0.040     ; 1.416      ;
; -0.462 ; counter[5]  ; counter[21] ; clk_i        ; clk_i       ; 1.000        ; -0.038     ; 1.411      ;
; -0.460 ; counter[0]  ; counter[18] ; clk_i        ; clk_i       ; 1.000        ; -0.038     ; 1.409      ;
; -0.458 ; counter[5]  ; counter[20] ; clk_i        ; clk_i       ; 1.000        ; -0.038     ; 1.407      ;
; -0.448 ; counter[10] ; counter[30] ; clk_i        ; clk_i       ; 1.000        ; -0.036     ; 1.399      ;
; -0.448 ; counter[8]  ; counter[28] ; clk_i        ; clk_i       ; 1.000        ; -0.036     ; 1.399      ;
; -0.448 ; counter[2]  ; counter[22] ; clk_i        ; clk_i       ; 1.000        ; -0.036     ; 1.399      ;
; -0.447 ; counter[6]  ; counter[26] ; clk_i        ; clk_i       ; 1.000        ; -0.036     ; 1.398      ;
+--------+-------------+-------------+--------------+-------------+--------------+------------+------------+


+----------------------------------------------------------------------------------------------------------+
; Fast 1200mV 0C Model Hold: 'clk_i'                                                                       ;
+--------+-------------+-------------+--------------+-------------+--------------+------------+------------+
; Slack  ; From Node   ; To Node     ; Launch Clock ; Latch Clock ; Relationship ; Clock Skew ; Data Delay ;
+--------+-------------+-------------+--------------+-------------+--------------+------------+------------+
; -1.510 ; clk_c       ; clk_c       ; clk_c        ; clk_i       ; 0.000        ; 1.598      ; 0.307      ;
; -1.003 ; clk_c       ; clk_c       ; clk_c        ; clk_i       ; -0.500       ; 1.598      ; 0.314      ;
; 0.300  ; counter[15] ; counter[15] ; clk_i        ; clk_i       ; 0.000        ; 0.039      ; 0.423      ;
; 0.301  ; counter[31] ; counter[31] ; clk_i        ; clk_i       ; 0.000        ; 0.039      ; 0.424      ;
; 0.301  ; counter[13] ; counter[13] ; clk_i        ; clk_i       ; 0.000        ; 0.039      ; 0.424      ;
; 0.301  ; counter[3]  ; counter[3]  ; clk_i        ; clk_i       ; 0.000        ; 0.039      ; 0.424      ;
; 0.302  ; counter[29] ; counter[29] ; clk_i        ; clk_i       ; 0.000        ; 0.039      ; 0.425      ;
; 0.302  ; counter[27] ; counter[27] ; clk_i        ; clk_i       ; 0.000        ; 0.039      ; 0.425      ;
; 0.302  ; counter[21] ; counter[21] ; clk_i        ; clk_i       ; 0.000        ; 0.039      ; 0.425      ;
; 0.302  ; counter[19] ; counter[19] ; clk_i        ; clk_i       ; 0.000        ; 0.039      ; 0.425      ;
; 0.302  ; counter[17] ; counter[17] ; clk_i        ; clk_i       ; 0.000        ; 0.039      ; 0.425      ;
; 0.302  ; counter[11] ; counter[11] ; clk_i        ; clk_i       ; 0.000        ; 0.039      ; 0.425      ;
; 0.302  ; counter[7]  ; counter[7]  ; clk_i        ; clk_i       ; 0.000        ; 0.039      ; 0.425      ;
; 0.302  ; counter[6]  ; counter[6]  ; clk_i        ; clk_i       ; 0.000        ; 0.039      ; 0.425      ;
; 0.303  ; counter[23] ; counter[23] ; clk_i        ; clk_i       ; 0.000        ; 0.039      ; 0.426      ;
; 0.303  ; counter[25] ; counter[25] ; clk_i        ; clk_i       ; 0.000        ; 0.039      ; 0.426      ;
; 0.303  ; counter[22] ; counter[22] ; clk_i        ; clk_i       ; 0.000        ; 0.039      ; 0.426      ;
; 0.303  ; counter[16] ; counter[16] ; clk_i        ; clk_i       ; 0.000        ; 0.039      ; 0.426      ;
; 0.303  ; counter[14] ; counter[14] ; clk_i        ; clk_i       ; 0.000        ; 0.039      ; 0.426      ;
; 0.303  ; counter[9]  ; counter[9]  ; clk_i        ; clk_i       ; 0.000        ; 0.039      ; 0.426      ;
; 0.303  ; counter[8]  ; counter[8]  ; clk_i        ; clk_i       ; 0.000        ; 0.039      ; 0.426      ;
; 0.303  ; counter[2]  ; counter[2]  ; clk_i        ; clk_i       ; 0.000        ; 0.039      ; 0.426      ;
; 0.304  ; counter[20] ; counter[20] ; clk_i        ; clk_i       ; 0.000        ; 0.039      ; 0.427      ;
; 0.304  ; counter[30] ; counter[30] ; clk_i        ; clk_i       ; 0.000        ; 0.039      ; 0.427      ;
; 0.304  ; counter[24] ; counter[24] ; clk_i        ; clk_i       ; 0.000        ; 0.039      ; 0.427      ;
; 0.304  ; counter[18] ; counter[18] ; clk_i        ; clk_i       ; 0.000        ; 0.039      ; 0.427      ;
; 0.304  ; counter[12] ; counter[12] ; clk_i        ; clk_i       ; 0.000        ; 0.039      ; 0.427      ;
; 0.304  ; counter[10] ; counter[10] ; clk_i        ; clk_i       ; 0.000        ; 0.039      ; 0.427      ;
; 0.305  ; counter[28] ; counter[28] ; clk_i        ; clk_i       ; 0.000        ; 0.039      ; 0.428      ;
; 0.305  ; counter[26] ; counter[26] ; clk_i        ; clk_i       ; 0.000        ; 0.039      ; 0.428      ;
; 0.446  ; counter[15] ; counter[16] ; clk_i        ; clk_i       ; 0.000        ; 0.042      ; 0.572      ;
; 0.450  ; counter[13] ; counter[14] ; clk_i        ; clk_i       ; 0.000        ; 0.039      ; 0.573      ;
; 0.451  ; counter[21] ; counter[22] ; clk_i        ; clk_i       ; 0.000        ; 0.039      ; 0.574      ;
; 0.451  ; counter[7]  ; counter[8]  ; clk_i        ; clk_i       ; 0.000        ; 0.039      ; 0.574      ;
; 0.451  ; counter[19] ; counter[20] ; clk_i        ; clk_i       ; 0.000        ; 0.039      ; 0.574      ;
; 0.451  ; counter[29] ; counter[30] ; clk_i        ; clk_i       ; 0.000        ; 0.039      ; 0.574      ;
; 0.451  ; counter[17] ; counter[18] ; clk_i        ; clk_i       ; 0.000        ; 0.039      ; 0.574      ;
; 0.451  ; counter[11] ; counter[12] ; clk_i        ; clk_i       ; 0.000        ; 0.039      ; 0.574      ;
; 0.451  ; counter[27] ; counter[28] ; clk_i        ; clk_i       ; 0.000        ; 0.039      ; 0.574      ;
; 0.452  ; counter[23] ; counter[24] ; clk_i        ; clk_i       ; 0.000        ; 0.039      ; 0.575      ;
; 0.452  ; counter[9]  ; counter[10] ; clk_i        ; clk_i       ; 0.000        ; 0.039      ; 0.575      ;
; 0.452  ; counter[25] ; counter[26] ; clk_i        ; clk_i       ; 0.000        ; 0.039      ; 0.575      ;
; 0.460  ; counter[6]  ; counter[7]  ; clk_i        ; clk_i       ; 0.000        ; 0.039      ; 0.583      ;
; 0.461  ; counter[14] ; counter[15] ; clk_i        ; clk_i       ; 0.000        ; 0.039      ; 0.584      ;
; 0.461  ; counter[2]  ; counter[3]  ; clk_i        ; clk_i       ; 0.000        ; 0.039      ; 0.584      ;
; 0.461  ; counter[16] ; counter[17] ; clk_i        ; clk_i       ; 0.000        ; 0.039      ; 0.584      ;
; 0.461  ; counter[22] ; counter[23] ; clk_i        ; clk_i       ; 0.000        ; 0.039      ; 0.584      ;
; 0.461  ; counter[8]  ; counter[9]  ; clk_i        ; clk_i       ; 0.000        ; 0.039      ; 0.584      ;
; 0.461  ; counter[14] ; counter[16] ; clk_i        ; clk_i       ; 0.000        ; 0.042      ; 0.587      ;
; 0.462  ; counter[30] ; counter[31] ; clk_i        ; clk_i       ; 0.000        ; 0.039      ; 0.585      ;
; 0.462  ; counter[12] ; counter[13] ; clk_i        ; clk_i       ; 0.000        ; 0.039      ; 0.585      ;
; 0.462  ; counter[20] ; counter[21] ; clk_i        ; clk_i       ; 0.000        ; 0.039      ; 0.585      ;
; 0.462  ; counter[18] ; counter[19] ; clk_i        ; clk_i       ; 0.000        ; 0.039      ; 0.585      ;
; 0.462  ; counter[10] ; counter[11] ; clk_i        ; clk_i       ; 0.000        ; 0.039      ; 0.585      ;
; 0.462  ; counter[24] ; counter[25] ; clk_i        ; clk_i       ; 0.000        ; 0.039      ; 0.585      ;
; 0.463  ; counter[28] ; counter[29] ; clk_i        ; clk_i       ; 0.000        ; 0.039      ; 0.586      ;
; 0.463  ; counter[26] ; counter[27] ; clk_i        ; clk_i       ; 0.000        ; 0.039      ; 0.586      ;
; 0.463  ; counter[6]  ; counter[8]  ; clk_i        ; clk_i       ; 0.000        ; 0.039      ; 0.586      ;
; 0.464  ; counter[16] ; counter[18] ; clk_i        ; clk_i       ; 0.000        ; 0.039      ; 0.587      ;
; 0.464  ; counter[22] ; counter[24] ; clk_i        ; clk_i       ; 0.000        ; 0.039      ; 0.587      ;
; 0.464  ; counter[8]  ; counter[10] ; clk_i        ; clk_i       ; 0.000        ; 0.039      ; 0.587      ;
; 0.465  ; counter[12] ; counter[14] ; clk_i        ; clk_i       ; 0.000        ; 0.039      ; 0.588      ;
; 0.465  ; counter[20] ; counter[22] ; clk_i        ; clk_i       ; 0.000        ; 0.039      ; 0.588      ;
; 0.465  ; counter[18] ; counter[20] ; clk_i        ; clk_i       ; 0.000        ; 0.039      ; 0.588      ;
; 0.465  ; counter[10] ; counter[12] ; clk_i        ; clk_i       ; 0.000        ; 0.039      ; 0.588      ;
; 0.465  ; counter[24] ; counter[26] ; clk_i        ; clk_i       ; 0.000        ; 0.039      ; 0.588      ;
; 0.466  ; counter[28] ; counter[30] ; clk_i        ; clk_i       ; 0.000        ; 0.039      ; 0.589      ;
; 0.466  ; counter[26] ; counter[28] ; clk_i        ; clk_i       ; 0.000        ; 0.039      ; 0.589      ;
; 0.509  ; counter[15] ; counter[17] ; clk_i        ; clk_i       ; 0.000        ; 0.042      ; 0.635      ;
; 0.512  ; counter[15] ; counter[18] ; clk_i        ; clk_i       ; 0.000        ; 0.042      ; 0.638      ;
; 0.513  ; counter[13] ; counter[15] ; clk_i        ; clk_i       ; 0.000        ; 0.039      ; 0.636      ;
; 0.513  ; counter[13] ; counter[16] ; clk_i        ; clk_i       ; 0.000        ; 0.042      ; 0.639      ;
; 0.514  ; counter[21] ; counter[23] ; clk_i        ; clk_i       ; 0.000        ; 0.039      ; 0.637      ;
; 0.514  ; counter[7]  ; counter[9]  ; clk_i        ; clk_i       ; 0.000        ; 0.039      ; 0.637      ;
; 0.514  ; counter[29] ; counter[31] ; clk_i        ; clk_i       ; 0.000        ; 0.039      ; 0.637      ;
; 0.514  ; counter[11] ; counter[13] ; clk_i        ; clk_i       ; 0.000        ; 0.039      ; 0.637      ;
; 0.514  ; counter[19] ; counter[21] ; clk_i        ; clk_i       ; 0.000        ; 0.039      ; 0.637      ;
; 0.514  ; counter[17] ; counter[19] ; clk_i        ; clk_i       ; 0.000        ; 0.039      ; 0.637      ;
; 0.514  ; counter[27] ; counter[29] ; clk_i        ; clk_i       ; 0.000        ; 0.039      ; 0.637      ;
; 0.515  ; counter[9]  ; counter[11] ; clk_i        ; clk_i       ; 0.000        ; 0.039      ; 0.638      ;
; 0.515  ; counter[23] ; counter[25] ; clk_i        ; clk_i       ; 0.000        ; 0.039      ; 0.638      ;
; 0.515  ; counter[25] ; counter[27] ; clk_i        ; clk_i       ; 0.000        ; 0.039      ; 0.638      ;
; 0.516  ; counter[3]  ; counter[6]  ; clk_i        ; clk_i       ; 0.000        ; 0.039      ; 0.639      ;
; 0.517  ; counter[21] ; counter[24] ; clk_i        ; clk_i       ; 0.000        ; 0.039      ; 0.640      ;
; 0.517  ; counter[7]  ; counter[10] ; clk_i        ; clk_i       ; 0.000        ; 0.039      ; 0.640      ;
; 0.517  ; counter[11] ; counter[14] ; clk_i        ; clk_i       ; 0.000        ; 0.039      ; 0.640      ;
; 0.517  ; counter[19] ; counter[22] ; clk_i        ; clk_i       ; 0.000        ; 0.039      ; 0.640      ;
; 0.517  ; counter[17] ; counter[20] ; clk_i        ; clk_i       ; 0.000        ; 0.039      ; 0.640      ;
; 0.517  ; counter[27] ; counter[30] ; clk_i        ; clk_i       ; 0.000        ; 0.039      ; 0.640      ;
; 0.518  ; counter[9]  ; counter[12] ; clk_i        ; clk_i       ; 0.000        ; 0.039      ; 0.641      ;
; 0.518  ; counter[23] ; counter[26] ; clk_i        ; clk_i       ; 0.000        ; 0.039      ; 0.641      ;
; 0.518  ; counter[25] ; counter[28] ; clk_i        ; clk_i       ; 0.000        ; 0.039      ; 0.641      ;
; 0.520  ; counter[1]  ; counter[2]  ; clk_i        ; clk_i       ; 0.000        ; 0.038      ; 0.642      ;
; 0.524  ; counter[14] ; counter[17] ; clk_i        ; clk_i       ; 0.000        ; 0.042      ; 0.650      ;
; 0.526  ; counter[6]  ; counter[9]  ; clk_i        ; clk_i       ; 0.000        ; 0.039      ; 0.649      ;
; 0.527  ; counter[14] ; counter[18] ; clk_i        ; clk_i       ; 0.000        ; 0.042      ; 0.653      ;
; 0.527  ; counter[16] ; counter[19] ; clk_i        ; clk_i       ; 0.000        ; 0.039      ; 0.650      ;
; 0.527  ; counter[8]  ; counter[11] ; clk_i        ; clk_i       ; 0.000        ; 0.039      ; 0.650      ;
; 0.527  ; counter[22] ; counter[25] ; clk_i        ; clk_i       ; 0.000        ; 0.039      ; 0.650      ;
; 0.527  ; counter[0]  ; counter[2]  ; clk_i        ; clk_i       ; 0.000        ; 0.038      ; 0.649      ;
+--------+-------------+-------------+--------------+-------------+--------------+------------+------------+


+---------------------------------------------------------------------------------------------------------------------------------------------------------------------------------------+
; Fast 1200mV 0C Model Hold: 'clk_c'                                                                                                                                                    ;
+-------+------------------------------------------------+--------------------------------------------------------+--------------+-------------+--------------+------------+------------+
; Slack ; From Node                                      ; To Node                                                ; Launch Clock ; Latch Clock ; Relationship ; Clock Skew ; Data Delay ;
+-------+------------------------------------------------+--------------------------------------------------------+--------------+-------------+--------------+------------+------------+
; 0.182 ; integ:integ|pc[0]                              ; integ:integ|pc[0]                                      ; clk_c        ; clk_c       ; 0.000        ; 0.041      ; 0.307      ;
; 0.186 ; integ:integ|data_memory:data_mem|io_mem[1][28] ; integ:integ|data_memory:data_mem|systemoutput_o[0][28] ; clk_c        ; clk_c       ; 0.000        ; 0.044      ; 0.314      ;
; 0.187 ; integ:integ|data_memory:data_mem|io_mem[0][0]  ; integ:integ|data_memory:data_mem|systemoutput_o[1][0]  ; clk_c        ; clk_c       ; 0.000        ; 0.044      ; 0.315      ;
; 0.187 ; integ:integ|data_memory:data_mem|io_mem[0][2]  ; integ:integ|data_memory:data_mem|systemoutput_o[1][2]  ; clk_c        ; clk_c       ; 0.000        ; 0.044      ; 0.315      ;
; 0.187 ; integ:integ|data_memory:data_mem|io_mem[0][15] ; integ:integ|data_memory:data_mem|systemoutput_o[1][15] ; clk_c        ; clk_c       ; 0.000        ; 0.043      ; 0.314      ;
; 0.187 ; integ:integ|data_memory:data_mem|io_mem[0][14] ; integ:integ|data_memory:data_mem|systemoutput_o[1][14] ; clk_c        ; clk_c       ; 0.000        ; 0.043      ; 0.314      ;
; 0.197 ; integ:integ|data_memory:data_mem|io_mem[1][13] ; integ:integ|data_memory:data_mem|systemoutput_o[0][13] ; clk_c        ; clk_c       ; 0.000        ; 0.044      ; 0.325      ;
; 0.257 ; integ:integ|data_memory:data_mem|io_mem[0][31] ; integ:integ|data_memory:data_mem|systemoutput_o[1][31] ; clk_c        ; clk_c       ; 0.000        ; 0.041      ; 0.382      ;
; 0.257 ; integ:integ|data_memory:data_mem|io_mem[1][21] ; integ:integ|data_memory:data_mem|systemoutput_o[0][21] ; clk_c        ; clk_c       ; 0.000        ; 0.043      ; 0.384      ;
; 0.257 ; integ:integ|data_memory:data_mem|io_mem[0][4]  ; integ:integ|data_memory:data_mem|systemoutput_o[1][4]  ; clk_c        ; clk_c       ; 0.000        ; 0.045      ; 0.386      ;
; 0.259 ; integ:integ|data_memory:data_mem|io_mem[1][10] ; integ:integ|data_memory:data_mem|systemoutput_o[0][10] ; clk_c        ; clk_c       ; 0.000        ; 0.044      ; 0.387      ;
; 0.260 ; integ:integ|data_memory:data_mem|io_mem[0][12] ; integ:integ|data_memory:data_mem|systemoutput_o[1][12] ; clk_c        ; clk_c       ; 0.000        ; 0.043      ; 0.387      ;
; 0.260 ; integ:integ|data_memory:data_mem|io_mem[0][11] ; integ:integ|data_memory:data_mem|systemoutput_o[1][11] ; clk_c        ; clk_c       ; 0.000        ; 0.044      ; 0.388      ;
; 0.260 ; integ:integ|data_memory:data_mem|io_mem[0][10] ; integ:integ|data_memory:data_mem|systemoutput_o[1][10] ; clk_c        ; clk_c       ; 0.000        ; 0.044      ; 0.388      ;
; 0.261 ; integ:integ|data_memory:data_mem|io_mem[0][6]  ; integ:integ|data_memory:data_mem|systemoutput_o[1][6]  ; clk_c        ; clk_c       ; 0.000        ; 0.044      ; 0.389      ;
; 0.263 ; integ:integ|data_memory:data_mem|io_mem[0][30] ; integ:integ|data_memory:data_mem|systemoutput_o[1][30] ; clk_c        ; clk_c       ; 0.000        ; 0.041      ; 0.388      ;
; 0.263 ; integ:integ|data_memory:data_mem|io_mem[1][0]  ; integ:integ|data_memory:data_mem|systemoutput_o[0][0]  ; clk_c        ; clk_c       ; 0.000        ; 0.044      ; 0.391      ;
; 0.264 ; integ:integ|data_memory:data_mem|io_mem[0][9]  ; integ:integ|data_memory:data_mem|systemoutput_o[1][9]  ; clk_c        ; clk_c       ; 0.000        ; 0.041      ; 0.389      ;
; 0.264 ; integ:integ|data_memory:data_mem|io_mem[0][20] ; integ:integ|data_memory:data_mem|systemoutput_o[1][20] ; clk_c        ; clk_c       ; 0.000        ; 0.041      ; 0.389      ;
; 0.264 ; integ:integ|data_memory:data_mem|io_mem[0][7]  ; integ:integ|data_memory:data_mem|systemoutput_o[1][7]  ; clk_c        ; clk_c       ; 0.000        ; 0.044      ; 0.392      ;
; 0.268 ; integ:integ|data_memory:data_mem|io_mem[0][21] ; integ:integ|data_memory:data_mem|systemoutput_o[1][21] ; clk_c        ; clk_c       ; 0.000        ; 0.041      ; 0.393      ;
; 0.271 ; integ:integ|data_memory:data_mem|io_mem[1][1]  ; integ:integ|data_memory:data_mem|systemoutput_o[0][1]  ; clk_c        ; clk_c       ; 0.000        ; 0.044      ; 0.399      ;
; 0.271 ; integ:integ|data_memory:data_mem|io_mem[1][5]  ; integ:integ|data_memory:data_mem|systemoutput_o[0][5]  ; clk_c        ; clk_c       ; 0.000        ; 0.044      ; 0.399      ;
; 0.328 ; integ:integ|data_memory:data_mem|io_mem[0][3]  ; integ:integ|data_memory:data_mem|systemoutput_o[1][3]  ; clk_c        ; clk_c       ; 0.000        ; 0.045      ; 0.457      ;
; 0.329 ; integ:integ|data_memory:data_mem|io_mem[1][15] ; integ:integ|data_memory:data_mem|systemoutput_o[0][15] ; clk_c        ; clk_c       ; 0.000        ; 0.044      ; 0.457      ;
; 0.331 ; integ:integ|data_memory:data_mem|io_mem[0][27] ; integ:integ|data_memory:data_mem|systemoutput_o[1][27] ; clk_c        ; clk_c       ; 0.000        ; 0.042      ; 0.457      ;
; 0.331 ; integ:integ|data_memory:data_mem|io_mem[1][15] ; integ:integ|data_memory:data_mem|io_data[15]           ; clk_c        ; clk_c       ; 0.000        ; 0.044      ; 0.459      ;
; 0.331 ; integ:integ|data_memory:data_mem|io_mem[1][14] ; integ:integ|data_memory:data_mem|io_data[14]           ; clk_c        ; clk_c       ; 0.000        ; 0.044      ; 0.459      ;
; 0.331 ; integ:integ|data_memory:data_mem|io_mem[0][5]  ; integ:integ|data_memory:data_mem|systemoutput_o[1][5]  ; clk_c        ; clk_c       ; 0.000        ; 0.044      ; 0.459      ;
; 0.332 ; integ:integ|data_memory:data_mem|io_mem[1][22] ; integ:integ|data_memory:data_mem|io_data[22]           ; clk_c        ; clk_c       ; 0.000        ; 0.042      ; 0.458      ;
; 0.332 ; integ:integ|data_memory:data_mem|io_mem[1][18] ; integ:integ|data_memory:data_mem|io_data[18]           ; clk_c        ; clk_c       ; 0.000        ; 0.042      ; 0.458      ;
; 0.332 ; integ:integ|data_memory:data_mem|io_mem[1][30] ; integ:integ|data_memory:data_mem|io_data[30]           ; clk_c        ; clk_c       ; 0.000        ; 0.044      ; 0.460      ;
; 0.334 ; integ:integ|data_memory:data_mem|io_mem[1][23] ; integ:integ|data_memory:data_mem|io_data[23]           ; clk_c        ; clk_c       ; 0.000        ; 0.042      ; 0.460      ;
; 0.336 ; integ:integ|data_memory:data_mem|io_mem[2][29] ; integ:integ|data_memory:data_mem|io_data[29]           ; clk_c        ; clk_c       ; 0.000        ; 0.044      ; 0.464      ;
; 0.338 ; integ:integ|data_memory:data_mem|io_mem[2][11] ; integ:integ|data_memory:data_mem|io_data[11]           ; clk_c        ; clk_c       ; 0.000        ; 0.043      ; 0.465      ;
; 0.340 ; integ:integ|data_memory:data_mem|io_mem[3][30] ; integ:integ|data_memory:data_mem|io_data[30]           ; clk_c        ; clk_c       ; 0.000        ; 0.044      ; 0.468      ;
; 0.343 ; integ:integ|data_memory:data_mem|io_mem[3][23] ; integ:integ|data_memory:data_mem|io_data[23]           ; clk_c        ; clk_c       ; 0.000        ; 0.042      ; 0.469      ;
; 0.358 ; integ:integ|data_memory:data_mem|io_mem[1][30] ; integ:integ|data_memory:data_mem|systemoutput_o[0][30] ; clk_c        ; clk_c       ; 0.000        ; 0.044      ; 0.486      ;
; 0.359 ; integ:integ|data_memory:data_mem|io_mem[1][14] ; integ:integ|data_memory:data_mem|systemoutput_o[0][14] ; clk_c        ; clk_c       ; 0.000        ; 0.044      ; 0.487      ;
; 0.361 ; integ:integ|data_memory:data_mem|io_mem[0][13] ; integ:integ|data_memory:data_mem|systemoutput_o[1][13] ; clk_c        ; clk_c       ; 0.000        ; 0.044      ; 0.489      ;
; 0.363 ; integ:integ|data_memory:data_mem|io_mem[1][23] ; integ:integ|data_memory:data_mem|systemoutput_o[0][23] ; clk_c        ; clk_c       ; 0.000        ; 0.046      ; 0.493      ;
; 0.366 ; integ:integ|data_memory:data_mem|io_mem[0][24] ; integ:integ|data_memory:data_mem|systemoutput_o[1][24] ; clk_c        ; clk_c       ; 0.000        ; 0.037      ; 0.487      ;
; 0.395 ; integ:integ|data_memory:data_mem|io_mem[3][3]  ; integ:integ|data_memory:data_mem|io_data[3]            ; clk_c        ; clk_c       ; 0.000        ; 0.045      ; 0.524      ;
; 0.399 ; integ:integ|data_memory:data_mem|io_mem[1][10] ; integ:integ|data_memory:data_mem|io_data[10]           ; clk_c        ; clk_c       ; 0.000        ; 0.044      ; 0.527      ;
; 0.403 ; integ:integ|data_memory:data_mem|io_mem[2][3]  ; integ:integ|data_memory:data_mem|io_data[3]            ; clk_c        ; clk_c       ; 0.000        ; 0.045      ; 0.532      ;
; 0.407 ; integ:integ|data_memory:data_mem|io_mem[3][10] ; integ:integ|data_memory:data_mem|io_data[10]           ; clk_c        ; clk_c       ; 0.000        ; 0.044      ; 0.535      ;
; 0.423 ; integ:integ|data_memory:data_mem|io_mem[0][1]  ; integ:integ|data_memory:data_mem|systemoutput_o[1][1]  ; clk_c        ; clk_c       ; 0.000        ; 0.043      ; 0.550      ;
; 0.438 ; integ:integ|data_memory:data_mem|io_mem[3][29] ; integ:integ|data_memory:data_mem|io_data[29]           ; clk_c        ; clk_c       ; 0.000        ; 0.044      ; 0.566      ;
; 0.439 ; integ:integ|data_memory:data_mem|io_mem[3][14] ; integ:integ|data_memory:data_mem|io_data[14]           ; clk_c        ; clk_c       ; 0.000        ; 0.044      ; 0.567      ;
; 0.439 ; integ:integ|data_memory:data_mem|io_mem[3][18] ; integ:integ|data_memory:data_mem|io_data[18]           ; clk_c        ; clk_c       ; 0.000        ; 0.042      ; 0.565      ;
; 0.440 ; integ:integ|data_memory:data_mem|io_mem[3][15] ; integ:integ|data_memory:data_mem|io_data[15]           ; clk_c        ; clk_c       ; 0.000        ; 0.044      ; 0.568      ;
; 0.440 ; integ:integ|data_memory:data_mem|io_mem[3][11] ; integ:integ|data_memory:data_mem|io_data[11]           ; clk_c        ; clk_c       ; 0.000        ; 0.043      ; 0.567      ;
; 0.441 ; integ:integ|data_memory:data_mem|io_mem[1][31] ; integ:integ|data_memory:data_mem|systemoutput_o[0][31] ; clk_c        ; clk_c       ; 0.000        ; 0.045      ; 0.570      ;
; 0.441 ; integ:integ|data_memory:data_mem|io_mem[3][22] ; integ:integ|data_memory:data_mem|io_data[22]           ; clk_c        ; clk_c       ; 0.000        ; 0.042      ; 0.567      ;
; 0.444 ; integ:integ|data_memory:data_mem|io_mem[1][16] ; integ:integ|data_memory:data_mem|systemoutput_o[0][16] ; clk_c        ; clk_c       ; 0.000        ; 0.035      ; 0.563      ;
; 0.467 ; integ:integ|data_memory:data_mem|io_mem[0][28] ; integ:integ|data_memory:data_mem|systemoutput_o[1][28] ; clk_c        ; clk_c       ; 0.000        ; 0.066      ; 0.617      ;
; 0.488 ; integ:integ|data_memory:data_mem|io_mem[1][28] ; integ:integ|data_memory:data_mem|io_data[28]           ; clk_c        ; clk_c       ; 0.000        ; 0.044      ; 0.616      ;
; 0.493 ; integ:integ|data_memory:data_mem|io_mem[1][8]  ; integ:integ|data_memory:data_mem|systemoutput_o[0][8]  ; clk_c        ; clk_c       ; 0.000        ; 0.031      ; 0.608      ;
; 0.497 ; integ:integ|data_memory:data_mem|io_mem[0][19] ; integ:integ|data_memory:data_mem|systemoutput_o[1][19] ; clk_c        ; clk_c       ; 0.000        ; 0.066      ; 0.647      ;
; 0.497 ; integ:integ|data_memory:data_mem|io_mem[3][28] ; integ:integ|data_memory:data_mem|io_data[28]           ; clk_c        ; clk_c       ; 0.000        ; 0.044      ; 0.625      ;
; 0.498 ; integ:integ|data_memory:data_mem|io_mem[2][16] ; integ:integ|data_memory:data_mem|io_data[16]           ; clk_c        ; clk_c       ; 0.000        ; 0.042      ; 0.624      ;
; 0.500 ; integ:integ|data_memory:data_mem|io_mem[3][16] ; integ:integ|data_memory:data_mem|io_data[16]           ; clk_c        ; clk_c       ; 0.000        ; 0.042      ; 0.626      ;
; 0.504 ; integ:integ|data_memory:data_mem|io_mem[0][25] ; integ:integ|data_memory:data_mem|systemoutput_o[1][25] ; clk_c        ; clk_c       ; 0.000        ; 0.050      ; 0.638      ;
; 0.509 ; integ:integ|data_memory:data_mem|io_mem[0][22] ; integ:integ|data_memory:data_mem|systemoutput_o[1][22] ; clk_c        ; clk_c       ; 0.000        ; 0.050      ; 0.643      ;
; 0.514 ; integ:integ|data_memory:data_mem|io_mem[1][26] ; integ:integ|data_memory:data_mem|systemoutput_o[0][26] ; clk_c        ; clk_c       ; 0.000        ; 0.052      ; 0.650      ;
; 0.514 ; integ:integ|data_memory:data_mem|io_mem[1][18] ; integ:integ|data_memory:data_mem|systemoutput_o[0][18] ; clk_c        ; clk_c       ; 0.000        ; 0.038      ; 0.636      ;
; 0.518 ; integ:integ|data_memory:data_mem|io_mem[1][25] ; integ:integ|data_memory:data_mem|systemoutput_o[0][25] ; clk_c        ; clk_c       ; 0.000        ; 0.053      ; 0.655      ;
; 0.541 ; integ:integ|data_memory:data_mem|io_mem[1][9]  ; integ:integ|data_memory:data_mem|systemoutput_o[0][9]  ; clk_c        ; clk_c       ; 0.000        ; 0.020      ; 0.645      ;
; 0.546 ; integ:integ|data_memory:data_mem|io_mem[1][11] ; integ:integ|data_memory:data_mem|systemoutput_o[0][11] ; clk_c        ; clk_c       ; 0.000        ; 0.015      ; 0.645      ;
; 0.551 ; integ:integ|data_memory:data_mem|io_mem[0][29] ; integ:integ|data_memory:data_mem|systemoutput_o[1][29] ; clk_c        ; clk_c       ; 0.000        ; 0.018      ; 0.653      ;
; 0.553 ; integ:integ|data_memory:data_mem|io_mem[1][27] ; integ:integ|data_memory:data_mem|systemoutput_o[0][27] ; clk_c        ; clk_c       ; 0.000        ; 0.042      ; 0.679      ;
; 0.560 ; integ:integ|data_memory:data_mem|io_mem[0][15] ; integ:integ|data_memory:data_mem|io_data[15]           ; clk_c        ; clk_c       ; 0.000        ; 0.045      ; 0.689      ;
; 0.560 ; integ:integ|data_memory:data_mem|io_mem[0][14] ; integ:integ|data_memory:data_mem|io_data[14]           ; clk_c        ; clk_c       ; 0.000        ; 0.045      ; 0.689      ;
; 0.562 ; integ:integ|data_memory:data_mem|io_mem[0][18] ; integ:integ|data_memory:data_mem|io_data[18]           ; clk_c        ; clk_c       ; 0.000        ; 0.041      ; 0.687      ;
; 0.567 ; integ:integ|data_memory:data_mem|io_mem[0][23] ; integ:integ|data_memory:data_mem|systemoutput_o[1][23] ; clk_c        ; clk_c       ; 0.000        ; 0.051      ; 0.702      ;
; 0.567 ; integ:integ|data_memory:data_mem|io_mem[2][15] ; integ:integ|data_memory:data_mem|io_data[15]           ; clk_c        ; clk_c       ; 0.000        ; 0.045      ; 0.696      ;
; 0.569 ; integ:integ|data_memory:data_mem|io_mem[2][14] ; integ:integ|data_memory:data_mem|io_data[14]           ; clk_c        ; clk_c       ; 0.000        ; 0.045      ; 0.698      ;
; 0.570 ; integ:integ|data_memory:data_mem|io_mem[2][18] ; integ:integ|data_memory:data_mem|io_data[18]           ; clk_c        ; clk_c       ; 0.000        ; 0.041      ; 0.695      ;
; 0.584 ; integ:integ|data_memory:data_mem|io_mem[0][29] ; integ:integ|data_memory:data_mem|io_data[29]           ; clk_c        ; clk_c       ; 0.000        ; 0.044      ; 0.712      ;
; 0.587 ; integ:integ|data_memory:data_mem|io_mem[1][20] ; integ:integ|data_memory:data_mem|systemoutput_o[0][20] ; clk_c        ; clk_c       ; 0.000        ; 0.057      ; 0.728      ;
; 0.587 ; integ:integ|data_memory:data_mem|io_mem[0][3]  ; integ:integ|data_memory:data_mem|io_data[3]            ; clk_c        ; clk_c       ; 0.000        ; 0.045      ; 0.716      ;
; 0.603 ; integ:integ|data_memory:data_mem|io_mem[0][17] ; integ:integ|data_memory:data_mem|systemoutput_o[1][17] ; clk_c        ; clk_c       ; 0.000        ; 0.075      ; 0.762      ;
; 0.629 ; integ:integ|data_memory:data_mem|io_mem[1][7]  ; integ:integ|data_memory:data_mem|systemoutput_o[0][7]  ; clk_c        ; clk_c       ; 0.000        ; 0.060      ; 0.773      ;
; 0.646 ; integ:integ|data_memory:data_mem|io_mem[0][8]  ; integ:integ|data_memory:data_mem|systemoutput_o[1][8]  ; clk_c        ; clk_c       ; 0.000        ; 0.034      ; 0.764      ;
; 0.658 ; integ:integ|data_memory:data_mem|io_mem[0][26] ; integ:integ|data_memory:data_mem|systemoutput_o[1][26] ; clk_c        ; clk_c       ; 0.000        ; 0.017      ; 0.759      ;
; 0.683 ; integ:integ|data_memory:data_mem|io_mem[1][29] ; integ:integ|data_memory:data_mem|systemoutput_o[0][29] ; clk_c        ; clk_c       ; 0.000        ; 0.098      ; 0.865      ;
; 0.686 ; integ:integ|data_memory:data_mem|io_mem[1][24] ; integ:integ|data_memory:data_mem|systemoutput_o[0][24] ; clk_c        ; clk_c       ; 0.000        ; 0.052      ; 0.822      ;
; 0.693 ; integ:integ|data_memory:data_mem|io_mem[0][22] ; integ:integ|data_memory:data_mem|io_data[22]           ; clk_c        ; clk_c       ; 0.000        ; 0.048      ; 0.825      ;
; 0.700 ; integ:integ|data_memory:data_mem|io_mem[2][22] ; integ:integ|data_memory:data_mem|io_data[22]           ; clk_c        ; clk_c       ; 0.000        ; 0.048      ; 0.832      ;
; 0.704 ; integ:integ|data_memory:data_mem|io_mem[1][19] ; integ:integ|data_memory:data_mem|systemoutput_o[0][19] ; clk_c        ; clk_c       ; 0.000        ; 0.055      ; 0.843      ;
; 0.715 ; integ:integ|data_memory:data_mem|io_mem[1][3]  ; integ:integ|data_memory:data_mem|systemoutput_o[0][3]  ; clk_c        ; clk_c       ; 0.000        ; 0.051      ; 0.850      ;
; 0.723 ; integ:integ|data_memory:data_mem|io_mem[1][17] ; integ:integ|data_memory:data_mem|systemoutput_o[0][17] ; clk_c        ; clk_c       ; 0.000        ; 0.058      ; 0.865      ;
; 0.734 ; integ:integ|pc[30]                             ; integ:integ|pc[30]                                     ; clk_c        ; clk_c       ; 0.000        ; 0.040      ; 0.858      ;
; 0.766 ; integ:integ|data_memory:data_mem|io_mem[0][16] ; integ:integ|data_memory:data_mem|systemoutput_o[1][16] ; clk_c        ; clk_c       ; 0.000        ; 0.081      ; 0.931      ;
; 0.779 ; integ:integ|data_memory:data_mem|io_mem[1][3]  ; integ:integ|data_memory:data_mem|io_data[3]            ; clk_c        ; clk_c       ; 0.000        ; 0.043      ; 0.906      ;
; 0.818 ; integ:integ|pc[20]                             ; integ:integ|pc[20]                                     ; clk_c        ; clk_c       ; 0.000        ; 0.040      ; 0.942      ;
; 0.823 ; integ:integ|data_memory:data_mem|io_mem[0][16] ; integ:integ|data_memory:data_mem|io_data[16]           ; clk_c        ; clk_c       ; 0.000        ; 0.048      ; 0.955      ;
; 0.836 ; integ:integ|data_memory:data_mem|io_mem[0][10] ; integ:integ|data_memory:data_mem|io_data[10]           ; clk_c        ; clk_c       ; 0.000        ; 0.036      ; 0.956      ;
; 0.841 ; integ:integ|pc[19]                             ; integ:integ|pc[19]                                     ; clk_c        ; clk_c       ; 0.000        ; 0.040      ; 0.965      ;
; 0.849 ; integ:integ|data_memory:data_mem|io_mem[0][18] ; integ:integ|data_memory:data_mem|systemoutput_o[1][18] ; clk_c        ; clk_c       ; 0.000        ; 0.070      ; 1.003      ;
+-------+------------------------------------------------+--------------------------------------------------------+--------------+-------------+--------------+------------+------------+


----------------------------------------------
; Fast 1200mV 0C Model Metastability Summary ;
----------------------------------------------
No synchronizer chains to report.


+-------------------------------------------------------------------------------------+
; Multicorner Timing Analysis Summary                                                 ;
+------------------+--------------+--------+----------+---------+---------------------+
; Clock            ; Setup        ; Hold   ; Recovery ; Removal ; Minimum Pulse Width ;
+------------------+--------------+--------+----------+---------+---------------------+
; Worst-case Slack ; -197.616     ; -2.799 ; N/A      ; N/A     ; -3.000              ;
;  clk_c           ; -197.616     ; 0.182  ; N/A      ; N/A     ; -1.285              ;
;  clk_i           ; -2.847       ; -2.799 ; N/A      ; N/A     ; -3.000              ;
; Design-wide TNS  ; -6385020.333 ; -2.799 ; 0.0      ; 0.0     ; -43797.085          ;
;  clk_c           ; -6384953.420 ; 0.000  ; N/A      ; N/A     ; -43751.680          ;
;  clk_i           ; -66.913      ; -2.799 ; N/A      ; N/A     ; -45.405             ;
+------------------+--------------+--------+----------+---------+---------------------+


+------------------------------------------------------------------------------------------------------------------------------------------------------------------------------------------------------------------------------------------------------------------------------------------------------------------------------------------------------------------------------------------------------------------------+
; Board Trace Model Assignments                                                                                                                                                                                                                                                                                                                                                                                          ;
+---------------------+--------------+-------------------+-------------------------+-------------------------+---------------+---------------------+----------------+------------------+--------+------------------+------------------------+------------------------+--------------+---------------+-----------------+-------+---------------------+--------------------+---------------+-----------------+-------------+
; Pin                 ; I/O Standard ; Near Tline Length ; Near Tline L per Length ; Near Tline C per Length ; Near Series R ; Near Differential R ; Near Pull-up R ; Near Pull-down R ; Near C ; Far Tline Length ; Far Tline L per Length ; Far Tline C per Length ; Far Series R ; Far Pull-up R ; Far Pull-down R ; Far C ; Termination Voltage ; Far Differential R ; EBD File Name ; EBD Signal Name ; EBD Far-end ;
+---------------------+--------------+-------------------+-------------------------+-------------------------+---------------+---------------------+----------------+------------------+--------+------------------+------------------------+------------------------+--------------+---------------+-----------------+-------+---------------------+--------------------+---------------+-----------------+-------------+
; systemoutput[0][0]  ; 2.5 V        ; 0 in              ; 0 H/in                  ; 0 F/in                  ; short         ; -                   ; open           ; open             ; open   ; 0 in             ; 0 H/in                 ; 0 F/in                 ; short        ; open          ; open            ; open  ; 0 V                 ; -                  ; n/a           ; n/a             ; n/a         ;
; systemoutput[0][1]  ; 2.5 V        ; 0 in              ; 0 H/in                  ; 0 F/in                  ; short         ; -                   ; open           ; open             ; open   ; 0 in             ; 0 H/in                 ; 0 F/in                 ; short        ; open          ; open            ; open  ; 0 V                 ; -                  ; n/a           ; n/a             ; n/a         ;
; systemoutput[0][2]  ; 2.5 V        ; 0 in              ; 0 H/in                  ; 0 F/in                  ; short         ; -                   ; open           ; open             ; open   ; 0 in             ; 0 H/in                 ; 0 F/in                 ; short        ; open          ; open            ; open  ; 0 V                 ; -                  ; n/a           ; n/a             ; n/a         ;
; systemoutput[0][3]  ; 2.5 V        ; 0 in              ; 0 H/in                  ; 0 F/in                  ; short         ; -                   ; open           ; open             ; open   ; 0 in             ; 0 H/in                 ; 0 F/in                 ; short        ; open          ; open            ; open  ; 0 V                 ; -                  ; n/a           ; n/a             ; n/a         ;
; systemoutput[0][4]  ; 2.5 V        ; 0 in              ; 0 H/in                  ; 0 F/in                  ; short         ; -                   ; open           ; open             ; open   ; 0 in             ; 0 H/in                 ; 0 F/in                 ; short        ; open          ; open            ; open  ; 0 V                 ; -                  ; n/a           ; n/a             ; n/a         ;
; systemoutput[0][5]  ; 2.5 V        ; 0 in              ; 0 H/in                  ; 0 F/in                  ; short         ; -                   ; open           ; open             ; open   ; 0 in             ; 0 H/in                 ; 0 F/in                 ; short        ; open          ; open            ; open  ; 0 V                 ; -                  ; n/a           ; n/a             ; n/a         ;
; systemoutput[0][6]  ; 2.5 V        ; 0 in              ; 0 H/in                  ; 0 F/in                  ; short         ; -                   ; open           ; open             ; open   ; 0 in             ; 0 H/in                 ; 0 F/in                 ; short        ; open          ; open            ; open  ; 0 V                 ; -                  ; n/a           ; n/a             ; n/a         ;
; systemoutput[0][7]  ; 2.5 V        ; 0 in              ; 0 H/in                  ; 0 F/in                  ; short         ; -                   ; open           ; open             ; open   ; 0 in             ; 0 H/in                 ; 0 F/in                 ; short        ; open          ; open            ; open  ; 0 V                 ; -                  ; n/a           ; n/a             ; n/a         ;
; systemoutput[0][8]  ; 2.5 V        ; 0 in              ; 0 H/in                  ; 0 F/in                  ; short         ; -                   ; open           ; open             ; open   ; 0 in             ; 0 H/in                 ; 0 F/in                 ; short        ; open          ; open            ; open  ; 0 V                 ; -                  ; n/a           ; n/a             ; n/a         ;
; systemoutput[0][9]  ; 2.5 V        ; 0 in              ; 0 H/in                  ; 0 F/in                  ; short         ; -                   ; open           ; open             ; open   ; 0 in             ; 0 H/in                 ; 0 F/in                 ; short        ; open          ; open            ; open  ; 0 V                 ; -                  ; n/a           ; n/a             ; n/a         ;
; systemoutput[0][10] ; 2.5 V        ; 0 in              ; 0 H/in                  ; 0 F/in                  ; short         ; -                   ; open           ; open             ; open   ; 0 in             ; 0 H/in                 ; 0 F/in                 ; short        ; open          ; open            ; open  ; 0 V                 ; -                  ; n/a           ; n/a             ; n/a         ;
; systemoutput[0][11] ; 2.5 V        ; 0 in              ; 0 H/in                  ; 0 F/in                  ; short         ; -                   ; open           ; open             ; open   ; 0 in             ; 0 H/in                 ; 0 F/in                 ; short        ; open          ; open            ; open  ; 0 V                 ; -                  ; n/a           ; n/a             ; n/a         ;
; systemoutput[0][12] ; 2.5 V        ; 0 in              ; 0 H/in                  ; 0 F/in                  ; short         ; -                   ; open           ; open             ; open   ; 0 in             ; 0 H/in                 ; 0 F/in                 ; short        ; open          ; open            ; open  ; 0 V                 ; -                  ; n/a           ; n/a             ; n/a         ;
; systemoutput[0][13] ; 2.5 V        ; 0 in              ; 0 H/in                  ; 0 F/in                  ; short         ; -                   ; open           ; open             ; open   ; 0 in             ; 0 H/in                 ; 0 F/in                 ; short        ; open          ; open            ; open  ; 0 V                 ; -                  ; n/a           ; n/a             ; n/a         ;
; systemoutput[0][14] ; 2.5 V        ; 0 in              ; 0 H/in                  ; 0 F/in                  ; short         ; -                   ; open           ; open             ; open   ; 0 in             ; 0 H/in                 ; 0 F/in                 ; short        ; open          ; open            ; open  ; 0 V                 ; -                  ; n/a           ; n/a             ; n/a         ;
; systemoutput[0][15] ; 2.5 V        ; 0 in              ; 0 H/in                  ; 0 F/in                  ; short         ; -                   ; open           ; open             ; open   ; 0 in             ; 0 H/in                 ; 0 F/in                 ; short        ; open          ; open            ; open  ; 0 V                 ; -                  ; n/a           ; n/a             ; n/a         ;
; systemoutput[0][16] ; 2.5 V        ; 0 in              ; 0 H/in                  ; 0 F/in                  ; short         ; -                   ; open           ; open             ; open   ; 0 in             ; 0 H/in                 ; 0 F/in                 ; short        ; open          ; open            ; open  ; 0 V                 ; -                  ; n/a           ; n/a             ; n/a         ;
; systemoutput[0][17] ; 2.5 V        ; 0 in              ; 0 H/in                  ; 0 F/in                  ; short         ; -                   ; open           ; open             ; open   ; 0 in             ; 0 H/in                 ; 0 F/in                 ; short        ; open          ; open            ; open  ; 0 V                 ; -                  ; n/a           ; n/a             ; n/a         ;
; systemoutput[0][18] ; 2.5 V        ; 0 in              ; 0 H/in                  ; 0 F/in                  ; short         ; -                   ; open           ; open             ; open   ; 0 in             ; 0 H/in                 ; 0 F/in                 ; short        ; open          ; open            ; open  ; 0 V                 ; -                  ; n/a           ; n/a             ; n/a         ;
; systemoutput[0][19] ; 2.5 V        ; 0 in              ; 0 H/in                  ; 0 F/in                  ; short         ; -                   ; open           ; open             ; open   ; 0 in             ; 0 H/in                 ; 0 F/in                 ; short        ; open          ; open            ; open  ; 0 V                 ; -                  ; n/a           ; n/a             ; n/a         ;
; systemoutput[0][20] ; 2.5 V        ; 0 in              ; 0 H/in                  ; 0 F/in                  ; short         ; -                   ; open           ; open             ; open   ; 0 in             ; 0 H/in                 ; 0 F/in                 ; short        ; open          ; open            ; open  ; 0 V                 ; -                  ; n/a           ; n/a             ; n/a         ;
; systemoutput[0][21] ; 2.5 V        ; 0 in              ; 0 H/in                  ; 0 F/in                  ; short         ; -                   ; open           ; open             ; open   ; 0 in             ; 0 H/in                 ; 0 F/in                 ; short        ; open          ; open            ; open  ; 0 V                 ; -                  ; n/a           ; n/a             ; n/a         ;
; systemoutput[0][22] ; 2.5 V        ; 0 in              ; 0 H/in                  ; 0 F/in                  ; short         ; -                   ; open           ; open             ; open   ; 0 in             ; 0 H/in                 ; 0 F/in                 ; short        ; open          ; open            ; open  ; 0 V                 ; -                  ; n/a           ; n/a             ; n/a         ;
; systemoutput[0][23] ; 2.5 V        ; 0 in              ; 0 H/in                  ; 0 F/in                  ; short         ; -                   ; open           ; open             ; open   ; 0 in             ; 0 H/in                 ; 0 F/in                 ; short        ; open          ; open            ; open  ; 0 V                 ; -                  ; n/a           ; n/a             ; n/a         ;
; systemoutput[0][24] ; 2.5 V        ; 0 in              ; 0 H/in                  ; 0 F/in                  ; short         ; -                   ; open           ; open             ; open   ; 0 in             ; 0 H/in                 ; 0 F/in                 ; short        ; open          ; open            ; open  ; 0 V                 ; -                  ; n/a           ; n/a             ; n/a         ;
; systemoutput[0][25] ; 2.5 V        ; 0 in              ; 0 H/in                  ; 0 F/in                  ; short         ; -                   ; open           ; open             ; open   ; 0 in             ; 0 H/in                 ; 0 F/in                 ; short        ; open          ; open            ; open  ; 0 V                 ; -                  ; n/a           ; n/a             ; n/a         ;
; systemoutput[0][26] ; 2.5 V        ; 0 in              ; 0 H/in                  ; 0 F/in                  ; short         ; -                   ; open           ; open             ; open   ; 0 in             ; 0 H/in                 ; 0 F/in                 ; short        ; open          ; open            ; open  ; 0 V                 ; -                  ; n/a           ; n/a             ; n/a         ;
; systemoutput[0][27] ; 2.5 V        ; 0 in              ; 0 H/in                  ; 0 F/in                  ; short         ; -                   ; open           ; open             ; open   ; 0 in             ; 0 H/in                 ; 0 F/in                 ; short        ; open          ; open            ; open  ; 0 V                 ; -                  ; n/a           ; n/a             ; n/a         ;
; systemoutput[0][28] ; 2.5 V        ; 0 in              ; 0 H/in                  ; 0 F/in                  ; short         ; -                   ; open           ; open             ; open   ; 0 in             ; 0 H/in                 ; 0 F/in                 ; short        ; open          ; open            ; open  ; 0 V                 ; -                  ; n/a           ; n/a             ; n/a         ;
; systemoutput[0][29] ; 2.5 V        ; 0 in              ; 0 H/in                  ; 0 F/in                  ; short         ; -                   ; open           ; open             ; open   ; 0 in             ; 0 H/in                 ; 0 F/in                 ; short        ; open          ; open            ; open  ; 0 V                 ; -                  ; n/a           ; n/a             ; n/a         ;
; systemoutput[0][30] ; 2.5 V        ; 0 in              ; 0 H/in                  ; 0 F/in                  ; short         ; -                   ; open           ; open             ; open   ; 0 in             ; 0 H/in                 ; 0 F/in                 ; short        ; open          ; open            ; open  ; 0 V                 ; -                  ; n/a           ; n/a             ; n/a         ;
; systemoutput[0][31] ; 2.5 V        ; 0 in              ; 0 H/in                  ; 0 F/in                  ; short         ; -                   ; open           ; open             ; open   ; 0 in             ; 0 H/in                 ; 0 F/in                 ; short        ; open          ; open            ; open  ; 0 V                 ; -                  ; n/a           ; n/a             ; n/a         ;
; systemoutput[1][0]  ; 2.5 V        ; 0 in              ; 0 H/in                  ; 0 F/in                  ; short         ; -                   ; open           ; open             ; open   ; 0 in             ; 0 H/in                 ; 0 F/in                 ; short        ; open          ; open            ; open  ; 0 V                 ; -                  ; n/a           ; n/a             ; n/a         ;
; systemoutput[1][1]  ; 2.5 V        ; 0 in              ; 0 H/in                  ; 0 F/in                  ; short         ; -                   ; open           ; open             ; open   ; 0 in             ; 0 H/in                 ; 0 F/in                 ; short        ; open          ; open            ; open  ; 0 V                 ; -                  ; n/a           ; n/a             ; n/a         ;
; systemoutput[1][2]  ; 2.5 V        ; 0 in              ; 0 H/in                  ; 0 F/in                  ; short         ; -                   ; open           ; open             ; open   ; 0 in             ; 0 H/in                 ; 0 F/in                 ; short        ; open          ; open            ; open  ; 0 V                 ; -                  ; n/a           ; n/a             ; n/a         ;
; systemoutput[1][3]  ; 2.5 V        ; 0 in              ; 0 H/in                  ; 0 F/in                  ; short         ; -                   ; open           ; open             ; open   ; 0 in             ; 0 H/in                 ; 0 F/in                 ; short        ; open          ; open            ; open  ; 0 V                 ; -                  ; n/a           ; n/a             ; n/a         ;
; systemoutput[1][4]  ; 2.5 V        ; 0 in              ; 0 H/in                  ; 0 F/in                  ; short         ; -                   ; open           ; open             ; open   ; 0 in             ; 0 H/in                 ; 0 F/in                 ; short        ; open          ; open            ; open  ; 0 V                 ; -                  ; n/a           ; n/a             ; n/a         ;
; systemoutput[1][5]  ; 2.5 V        ; 0 in              ; 0 H/in                  ; 0 F/in                  ; short         ; -                   ; open           ; open             ; open   ; 0 in             ; 0 H/in                 ; 0 F/in                 ; short        ; open          ; open            ; open  ; 0 V                 ; -                  ; n/a           ; n/a             ; n/a         ;
; systemoutput[1][6]  ; 2.5 V        ; 0 in              ; 0 H/in                  ; 0 F/in                  ; short         ; -                   ; open           ; open             ; open   ; 0 in             ; 0 H/in                 ; 0 F/in                 ; short        ; open          ; open            ; open  ; 0 V                 ; -                  ; n/a           ; n/a             ; n/a         ;
; systemoutput[1][7]  ; 2.5 V        ; 0 in              ; 0 H/in                  ; 0 F/in                  ; short         ; -                   ; open           ; open             ; open   ; 0 in             ; 0 H/in                 ; 0 F/in                 ; short        ; open          ; open            ; open  ; 0 V                 ; -                  ; n/a           ; n/a             ; n/a         ;
; systemoutput[1][8]  ; 2.5 V        ; 0 in              ; 0 H/in                  ; 0 F/in                  ; short         ; -                   ; open           ; open             ; open   ; 0 in             ; 0 H/in                 ; 0 F/in                 ; short        ; open          ; open            ; open  ; 0 V                 ; -                  ; n/a           ; n/a             ; n/a         ;
; systemoutput[1][9]  ; 2.5 V        ; 0 in              ; 0 H/in                  ; 0 F/in                  ; short         ; -                   ; open           ; open             ; open   ; 0 in             ; 0 H/in                 ; 0 F/in                 ; short        ; open          ; open            ; open  ; 0 V                 ; -                  ; n/a           ; n/a             ; n/a         ;
; systemoutput[1][10] ; 2.5 V        ; 0 in              ; 0 H/in                  ; 0 F/in                  ; short         ; -                   ; open           ; open             ; open   ; 0 in             ; 0 H/in                 ; 0 F/in                 ; short        ; open          ; open            ; open  ; 0 V                 ; -                  ; n/a           ; n/a             ; n/a         ;
; systemoutput[1][11] ; 2.5 V        ; 0 in              ; 0 H/in                  ; 0 F/in                  ; short         ; -                   ; open           ; open             ; open   ; 0 in             ; 0 H/in                 ; 0 F/in                 ; short        ; open          ; open            ; open  ; 0 V                 ; -                  ; n/a           ; n/a             ; n/a         ;
; systemoutput[1][12] ; 2.5 V        ; 0 in              ; 0 H/in                  ; 0 F/in                  ; short         ; -                   ; open           ; open             ; open   ; 0 in             ; 0 H/in                 ; 0 F/in                 ; short        ; open          ; open            ; open  ; 0 V                 ; -                  ; n/a           ; n/a             ; n/a         ;
; systemoutput[1][13] ; 2.5 V        ; 0 in              ; 0 H/in                  ; 0 F/in                  ; short         ; -                   ; open           ; open             ; open   ; 0 in             ; 0 H/in                 ; 0 F/in                 ; short        ; open          ; open            ; open  ; 0 V                 ; -                  ; n/a           ; n/a             ; n/a         ;
; systemoutput[1][14] ; 2.5 V        ; 0 in              ; 0 H/in                  ; 0 F/in                  ; short         ; -                   ; open           ; open             ; open   ; 0 in             ; 0 H/in                 ; 0 F/in                 ; short        ; open          ; open            ; open  ; 0 V                 ; -                  ; n/a           ; n/a             ; n/a         ;
; systemoutput[1][15] ; 2.5 V        ; 0 in              ; 0 H/in                  ; 0 F/in                  ; short         ; -                   ; open           ; open             ; open   ; 0 in             ; 0 H/in                 ; 0 F/in                 ; short        ; open          ; open            ; open  ; 0 V                 ; -                  ; n/a           ; n/a             ; n/a         ;
; systemoutput[1][16] ; 2.5 V        ; 0 in              ; 0 H/in                  ; 0 F/in                  ; short         ; -                   ; open           ; open             ; open   ; 0 in             ; 0 H/in                 ; 0 F/in                 ; short        ; open          ; open            ; open  ; 0 V                 ; -                  ; n/a           ; n/a             ; n/a         ;
; systemoutput[1][17] ; 2.5 V        ; 0 in              ; 0 H/in                  ; 0 F/in                  ; short         ; -                   ; open           ; open             ; open   ; 0 in             ; 0 H/in                 ; 0 F/in                 ; short        ; open          ; open            ; open  ; 0 V                 ; -                  ; n/a           ; n/a             ; n/a         ;
; systemoutput[1][18] ; 2.5 V        ; 0 in              ; 0 H/in                  ; 0 F/in                  ; short         ; -                   ; open           ; open             ; open   ; 0 in             ; 0 H/in                 ; 0 F/in                 ; short        ; open          ; open            ; open  ; 0 V                 ; -                  ; n/a           ; n/a             ; n/a         ;
; systemoutput[1][19] ; 2.5 V        ; 0 in              ; 0 H/in                  ; 0 F/in                  ; short         ; -                   ; open           ; open             ; open   ; 0 in             ; 0 H/in                 ; 0 F/in                 ; short        ; open          ; open            ; open  ; 0 V                 ; -                  ; n/a           ; n/a             ; n/a         ;
; systemoutput[1][20] ; 2.5 V        ; 0 in              ; 0 H/in                  ; 0 F/in                  ; short         ; -                   ; open           ; open             ; open   ; 0 in             ; 0 H/in                 ; 0 F/in                 ; short        ; open          ; open            ; open  ; 0 V                 ; -                  ; n/a           ; n/a             ; n/a         ;
; systemoutput[1][21] ; 2.5 V        ; 0 in              ; 0 H/in                  ; 0 F/in                  ; short         ; -                   ; open           ; open             ; open   ; 0 in             ; 0 H/in                 ; 0 F/in                 ; short        ; open          ; open            ; open  ; 0 V                 ; -                  ; n/a           ; n/a             ; n/a         ;
; systemoutput[1][22] ; 2.5 V        ; 0 in              ; 0 H/in                  ; 0 F/in                  ; short         ; -                   ; open           ; open             ; open   ; 0 in             ; 0 H/in                 ; 0 F/in                 ; short        ; open          ; open            ; open  ; 0 V                 ; -                  ; n/a           ; n/a             ; n/a         ;
; systemoutput[1][23] ; 2.5 V        ; 0 in              ; 0 H/in                  ; 0 F/in                  ; short         ; -                   ; open           ; open             ; open   ; 0 in             ; 0 H/in                 ; 0 F/in                 ; short        ; open          ; open            ; open  ; 0 V                 ; -                  ; n/a           ; n/a             ; n/a         ;
; systemoutput[1][24] ; 2.5 V        ; 0 in              ; 0 H/in                  ; 0 F/in                  ; short         ; -                   ; open           ; open             ; open   ; 0 in             ; 0 H/in                 ; 0 F/in                 ; short        ; open          ; open            ; open  ; 0 V                 ; -                  ; n/a           ; n/a             ; n/a         ;
; systemoutput[1][25] ; 2.5 V        ; 0 in              ; 0 H/in                  ; 0 F/in                  ; short         ; -                   ; open           ; open             ; open   ; 0 in             ; 0 H/in                 ; 0 F/in                 ; short        ; open          ; open            ; open  ; 0 V                 ; -                  ; n/a           ; n/a             ; n/a         ;
; systemoutput[1][26] ; 2.5 V        ; 0 in              ; 0 H/in                  ; 0 F/in                  ; short         ; -                   ; open           ; open             ; open   ; 0 in             ; 0 H/in                 ; 0 F/in                 ; short        ; open          ; open            ; open  ; 0 V                 ; -                  ; n/a           ; n/a             ; n/a         ;
; systemoutput[1][27] ; 2.5 V        ; 0 in              ; 0 H/in                  ; 0 F/in                  ; short         ; -                   ; open           ; open             ; open   ; 0 in             ; 0 H/in                 ; 0 F/in                 ; short        ; open          ; open            ; open  ; 0 V                 ; -                  ; n/a           ; n/a             ; n/a         ;
; systemoutput[1][28] ; 2.5 V        ; 0 in              ; 0 H/in                  ; 0 F/in                  ; short         ; -                   ; open           ; open             ; open   ; 0 in             ; 0 H/in                 ; 0 F/in                 ; short        ; open          ; open            ; open  ; 0 V                 ; -                  ; n/a           ; n/a             ; n/a         ;
; systemoutput[1][29] ; 2.5 V        ; 0 in              ; 0 H/in                  ; 0 F/in                  ; short         ; -                   ; open           ; open             ; open   ; 0 in             ; 0 H/in                 ; 0 F/in                 ; short        ; open          ; open            ; open  ; 0 V                 ; -                  ; n/a           ; n/a             ; n/a         ;
; systemoutput[1][30] ; 2.5 V        ; 0 in              ; 0 H/in                  ; 0 F/in                  ; short         ; -                   ; open           ; open             ; open   ; 0 in             ; 0 H/in                 ; 0 F/in                 ; short        ; open          ; open            ; open  ; 0 V                 ; -                  ; n/a           ; n/a             ; n/a         ;
; systemoutput[1][31] ; 2.5 V        ; 0 in              ; 0 H/in                  ; 0 F/in                  ; short         ; -                   ; open           ; open             ; open   ; 0 in             ; 0 H/in                 ; 0 F/in                 ; short        ; open          ; open            ; open  ; 0 V                 ; -                  ; n/a           ; n/a             ; n/a         ;
; ~ALTERA_DCLK~       ; 2.5 V        ; 0 in              ; 0 H/in                  ; 0 F/in                  ; short         ; -                   ; open           ; open             ; open   ; 0 in             ; 0 H/in                 ; 0 F/in                 ; short        ; open          ; open            ; open  ; 0 V                 ; -                  ; n/a           ; n/a             ; n/a         ;
; ~ALTERA_nCEO~       ; 2.5 V        ; 0 in              ; 0 H/in                  ; 0 F/in                  ; short         ; -                   ; open           ; open             ; open   ; 0 in             ; 0 H/in                 ; 0 F/in                 ; short        ; open          ; open            ; open  ; 0 V                 ; -                  ; n/a           ; n/a             ; n/a         ;
+---------------------+--------------+-------------------+-------------------------+-------------------------+---------------+---------------------+----------------+------------------+--------+------------------+------------------------+------------------------+--------------+---------------+-----------------+-------+---------------------+--------------------+---------------+-----------------+-------------+


+----------------------------------------------------------------------------+
; Input Transition Times                                                     ;
+-------------------------+--------------+-----------------+-----------------+
; Pin                     ; I/O Standard ; 10-90 Rise Time ; 90-10 Fall Time ;
+-------------------------+--------------+-----------------+-----------------+
; clk_i                   ; 2.5 V        ; 2000 ps         ; 2000 ps         ;
; RESET                   ; 2.5 V        ; 2000 ps         ; 2000 ps         ;
; systeminput[1][0]       ; 2.5 V        ; 2000 ps         ; 2000 ps         ;
; systeminput[0][0]       ; 2.5 V        ; 2000 ps         ; 2000 ps         ;
; systeminput[1][8]       ; 2.5 V        ; 2000 ps         ; 2000 ps         ;
; systeminput[0][8]       ; 2.5 V        ; 2000 ps         ; 2000 ps         ;
; systeminput[1][24]      ; 2.5 V        ; 2000 ps         ; 2000 ps         ;
; systeminput[0][24]      ; 2.5 V        ; 2000 ps         ; 2000 ps         ;
; systeminput[1][16]      ; 2.5 V        ; 2000 ps         ; 2000 ps         ;
; systeminput[0][16]      ; 2.5 V        ; 2000 ps         ; 2000 ps         ;
; systeminput[1][1]       ; 2.5 V        ; 2000 ps         ; 2000 ps         ;
; systeminput[0][1]       ; 2.5 V        ; 2000 ps         ; 2000 ps         ;
; systeminput[1][9]       ; 2.5 V        ; 2000 ps         ; 2000 ps         ;
; systeminput[0][9]       ; 2.5 V        ; 2000 ps         ; 2000 ps         ;
; systeminput[1][25]      ; 2.5 V        ; 2000 ps         ; 2000 ps         ;
; systeminput[0][25]      ; 2.5 V        ; 2000 ps         ; 2000 ps         ;
; systeminput[1][17]      ; 2.5 V        ; 2000 ps         ; 2000 ps         ;
; systeminput[0][17]      ; 2.5 V        ; 2000 ps         ; 2000 ps         ;
; systeminput[1][7]       ; 2.5 V        ; 2000 ps         ; 2000 ps         ;
; systeminput[0][7]       ; 2.5 V        ; 2000 ps         ; 2000 ps         ;
; systeminput[1][15]      ; 2.5 V        ; 2000 ps         ; 2000 ps         ;
; systeminput[0][15]      ; 2.5 V        ; 2000 ps         ; 2000 ps         ;
; systeminput[1][31]      ; 2.5 V        ; 2000 ps         ; 2000 ps         ;
; systeminput[0][31]      ; 2.5 V        ; 2000 ps         ; 2000 ps         ;
; systeminput[1][23]      ; 2.5 V        ; 2000 ps         ; 2000 ps         ;
; systeminput[0][23]      ; 2.5 V        ; 2000 ps         ; 2000 ps         ;
; systeminput[1][2]       ; 2.5 V        ; 2000 ps         ; 2000 ps         ;
; systeminput[0][2]       ; 2.5 V        ; 2000 ps         ; 2000 ps         ;
; systeminput[1][10]      ; 2.5 V        ; 2000 ps         ; 2000 ps         ;
; systeminput[0][10]      ; 2.5 V        ; 2000 ps         ; 2000 ps         ;
; systeminput[1][26]      ; 2.5 V        ; 2000 ps         ; 2000 ps         ;
; systeminput[0][26]      ; 2.5 V        ; 2000 ps         ; 2000 ps         ;
; systeminput[1][18]      ; 2.5 V        ; 2000 ps         ; 2000 ps         ;
; systeminput[0][18]      ; 2.5 V        ; 2000 ps         ; 2000 ps         ;
; systeminput[1][3]       ; 2.5 V        ; 2000 ps         ; 2000 ps         ;
; systeminput[0][3]       ; 2.5 V        ; 2000 ps         ; 2000 ps         ;
; systeminput[1][11]      ; 2.5 V        ; 2000 ps         ; 2000 ps         ;
; systeminput[0][11]      ; 2.5 V        ; 2000 ps         ; 2000 ps         ;
; systeminput[1][27]      ; 2.5 V        ; 2000 ps         ; 2000 ps         ;
; systeminput[0][27]      ; 2.5 V        ; 2000 ps         ; 2000 ps         ;
; systeminput[1][19]      ; 2.5 V        ; 2000 ps         ; 2000 ps         ;
; systeminput[0][19]      ; 2.5 V        ; 2000 ps         ; 2000 ps         ;
; systeminput[1][4]       ; 2.5 V        ; 2000 ps         ; 2000 ps         ;
; systeminput[0][4]       ; 2.5 V        ; 2000 ps         ; 2000 ps         ;
; systeminput[1][12]      ; 2.5 V        ; 2000 ps         ; 2000 ps         ;
; systeminput[0][12]      ; 2.5 V        ; 2000 ps         ; 2000 ps         ;
; systeminput[1][28]      ; 2.5 V        ; 2000 ps         ; 2000 ps         ;
; systeminput[0][28]      ; 2.5 V        ; 2000 ps         ; 2000 ps         ;
; systeminput[1][20]      ; 2.5 V        ; 2000 ps         ; 2000 ps         ;
; systeminput[0][20]      ; 2.5 V        ; 2000 ps         ; 2000 ps         ;
; systeminput[1][5]       ; 2.5 V        ; 2000 ps         ; 2000 ps         ;
; systeminput[0][5]       ; 2.5 V        ; 2000 ps         ; 2000 ps         ;
; systeminput[1][13]      ; 2.5 V        ; 2000 ps         ; 2000 ps         ;
; systeminput[0][13]      ; 2.5 V        ; 2000 ps         ; 2000 ps         ;
; systeminput[1][29]      ; 2.5 V        ; 2000 ps         ; 2000 ps         ;
; systeminput[0][29]      ; 2.5 V        ; 2000 ps         ; 2000 ps         ;
; systeminput[1][21]      ; 2.5 V        ; 2000 ps         ; 2000 ps         ;
; systeminput[0][21]      ; 2.5 V        ; 2000 ps         ; 2000 ps         ;
; systeminput[1][6]       ; 2.5 V        ; 2000 ps         ; 2000 ps         ;
; systeminput[0][6]       ; 2.5 V        ; 2000 ps         ; 2000 ps         ;
; systeminput[1][14]      ; 2.5 V        ; 2000 ps         ; 2000 ps         ;
; systeminput[0][14]      ; 2.5 V        ; 2000 ps         ; 2000 ps         ;
; systeminput[1][30]      ; 2.5 V        ; 2000 ps         ; 2000 ps         ;
; systeminput[0][30]      ; 2.5 V        ; 2000 ps         ; 2000 ps         ;
; systeminput[1][22]      ; 2.5 V        ; 2000 ps         ; 2000 ps         ;
; systeminput[0][22]      ; 2.5 V        ; 2000 ps         ; 2000 ps         ;
; ~ALTERA_ASDO_DATA1~     ; 2.5 V        ; 2000 ps         ; 2000 ps         ;
; ~ALTERA_FLASH_nCE_nCSO~ ; 2.5 V        ; 2000 ps         ; 2000 ps         ;
; ~ALTERA_DATA0~          ; 2.5 V        ; 2000 ps         ; 2000 ps         ;
+-------------------------+--------------+-----------------+-----------------+


+--------------------------------------------------------------------------------------------------------------------------------------------------------------------------------------------------------------------------------------------------------------------------------------------------------------------------------------------------------------------------------------------------------------------------------------------------------------------------------------------------------------------------------------------------------------------------------------------------------------------------------------------------------------------------------------------------+
; Signal Integrity Metrics (Slow 1200mv 0c Model)                                                                                                                                                                                                                                                                                                                                                                                                                                                                                                                                                                                                                                                  ;
+---------------------+--------------+---------------------+---------------------+------------------------------+------------------------------+---------------------+---------------------+--------------------------------------+--------------------------------------+-----------------------------+-----------------------------+----------------------------+----------------------------+-----------------------------+-----------------------------+--------------------+--------------------+-------------------------------------+-------------------------------------+----------------------------+----------------------------+---------------------------+---------------------------+
; Pin                 ; I/O Standard ; Board Delay on Rise ; Board Delay on Fall ; Steady State Voh at FPGA Pin ; Steady State Vol at FPGA Pin ; Voh Max at FPGA Pin ; Vol Min at FPGA Pin ; Ringback Voltage on Rise at FPGA Pin ; Ringback Voltage on Fall at FPGA Pin ; 10-90 Rise Time at FPGA Pin ; 90-10 Fall Time at FPGA Pin ; Monotonic Rise at FPGA Pin ; Monotonic Fall at FPGA Pin ; Steady State Voh at Far-end ; Steady State Vol at Far-end ; Voh Max at Far-end ; Vol Min at Far-end ; Ringback Voltage on Rise at Far-end ; Ringback Voltage on Fall at Far-end ; 10-90 Rise Time at Far-end ; 90-10 Fall Time at Far-end ; Monotonic Rise at Far-end ; Monotonic Fall at Far-end ;
+---------------------+--------------+---------------------+---------------------+------------------------------+------------------------------+---------------------+---------------------+--------------------------------------+--------------------------------------+-----------------------------+-----------------------------+----------------------------+----------------------------+-----------------------------+-----------------------------+--------------------+--------------------+-------------------------------------+-------------------------------------+----------------------------+----------------------------+---------------------------+---------------------------+
; systemoutput[0][0]  ; 2.5 V        ; 0 s                 ; 0 s                 ; 2.32 V                       ; 4.49e-09 V                   ; 2.38 V              ; -0.00552 V          ; 0.096 V                              ; 0.019 V                              ; 4.18e-10 s                  ; 3.59e-10 s                  ; No                         ; Yes                        ; 2.32 V                      ; 4.49e-09 V                  ; 2.38 V             ; -0.00552 V         ; 0.096 V                             ; 0.019 V                             ; 4.18e-10 s                 ; 3.59e-10 s                 ; No                        ; Yes                       ;
; systemoutput[0][1]  ; 2.5 V        ; 0 s                 ; 0 s                 ; 2.32 V                       ; 4.49e-09 V                   ; 2.33 V              ; -0.00467 V          ; 0.226 V                              ; 0.087 V                              ; 2.91e-09 s                  ; 2.74e-09 s                  ; Yes                        ; Yes                        ; 2.32 V                      ; 4.49e-09 V                  ; 2.33 V             ; -0.00467 V         ; 0.226 V                             ; 0.087 V                             ; 2.91e-09 s                 ; 2.74e-09 s                 ; Yes                       ; Yes                       ;
; systemoutput[0][2]  ; 2.5 V        ; 0 s                 ; 0 s                 ; 2.32 V                       ; 4.49e-09 V                   ; 2.38 V              ; -0.00552 V          ; 0.096 V                              ; 0.019 V                              ; 4.18e-10 s                  ; 3.59e-10 s                  ; No                         ; Yes                        ; 2.32 V                      ; 4.49e-09 V                  ; 2.38 V             ; -0.00552 V         ; 0.096 V                             ; 0.019 V                             ; 4.18e-10 s                 ; 3.59e-10 s                 ; No                        ; Yes                       ;
; systemoutput[0][3]  ; 2.5 V        ; 0 s                 ; 0 s                 ; 2.32 V                       ; 3.07e-09 V                   ; 2.38 V              ; -0.0144 V           ; 0.227 V                              ; 0.024 V                              ; 3.14e-10 s                  ; 3.39e-10 s                  ; Yes                        ; Yes                        ; 2.32 V                      ; 3.07e-09 V                  ; 2.38 V             ; -0.0144 V          ; 0.227 V                             ; 0.024 V                             ; 3.14e-10 s                 ; 3.39e-10 s                 ; Yes                       ; Yes                       ;
; systemoutput[0][4]  ; 2.5 V        ; 0 s                 ; 0 s                 ; 2.32 V                       ; 3.07e-09 V                   ; 2.38 V              ; -0.0144 V           ; 0.227 V                              ; 0.024 V                              ; 3.14e-10 s                  ; 3.39e-10 s                  ; Yes                        ; Yes                        ; 2.32 V                      ; 3.07e-09 V                  ; 2.38 V             ; -0.0144 V          ; 0.227 V                             ; 0.024 V                             ; 3.14e-10 s                 ; 3.39e-10 s                 ; Yes                       ; Yes                       ;
; systemoutput[0][5]  ; 2.5 V        ; 0 s                 ; 0 s                 ; 2.32 V                       ; 3.07e-09 V                   ; 2.33 V              ; -0.00496 V          ; 0.223 V                              ; 0.086 V                              ; 2.9e-09 s                   ; 2.73e-09 s                  ; Yes                        ; Yes                        ; 2.32 V                      ; 3.07e-09 V                  ; 2.33 V             ; -0.00496 V         ; 0.223 V                             ; 0.086 V                             ; 2.9e-09 s                  ; 2.73e-09 s                 ; Yes                       ; Yes                       ;
; systemoutput[0][6]  ; 2.5 V        ; 0 s                 ; 0 s                 ; 2.32 V                       ; 3.07e-09 V                   ; 2.38 V              ; -0.0144 V           ; 0.227 V                              ; 0.024 V                              ; 3.14e-10 s                  ; 3.39e-10 s                  ; Yes                        ; Yes                        ; 2.32 V                      ; 3.07e-09 V                  ; 2.38 V             ; -0.0144 V          ; 0.227 V                             ; 0.024 V                             ; 3.14e-10 s                 ; 3.39e-10 s                 ; Yes                       ; Yes                       ;
; systemoutput[0][7]  ; 2.5 V        ; 0 s                 ; 0 s                 ; 2.32 V                       ; 4.49e-09 V                   ; 2.38 V              ; -0.00552 V          ; 0.096 V                              ; 0.019 V                              ; 4.18e-10 s                  ; 3.59e-10 s                  ; No                         ; Yes                        ; 2.32 V                      ; 4.49e-09 V                  ; 2.38 V             ; -0.00552 V         ; 0.096 V                             ; 0.019 V                             ; 4.18e-10 s                 ; 3.59e-10 s                 ; No                        ; Yes                       ;
; systemoutput[0][8]  ; 2.5 V        ; 0 s                 ; 0 s                 ; 2.32 V                       ; 3.07e-09 V                   ; 2.38 V              ; -0.0144 V           ; 0.227 V                              ; 0.024 V                              ; 3.14e-10 s                  ; 3.39e-10 s                  ; Yes                        ; Yes                        ; 2.32 V                      ; 3.07e-09 V                  ; 2.38 V             ; -0.0144 V          ; 0.227 V                             ; 0.024 V                             ; 3.14e-10 s                 ; 3.39e-10 s                 ; Yes                       ; Yes                       ;
; systemoutput[0][9]  ; 2.5 V        ; 0 s                 ; 0 s                 ; 2.32 V                       ; 3.07e-09 V                   ; 2.37 V              ; -0.00994 V          ; 0.186 V                              ; 0.028 V                              ; 4.98e-10 s                  ; 4.96e-10 s                  ; Yes                        ; Yes                        ; 2.32 V                      ; 3.07e-09 V                  ; 2.37 V             ; -0.00994 V         ; 0.186 V                             ; 0.028 V                             ; 4.98e-10 s                 ; 4.96e-10 s                 ; Yes                       ; Yes                       ;
; systemoutput[0][10] ; 2.5 V        ; 0 s                 ; 0 s                 ; 2.32 V                       ; 3.07e-09 V                   ; 2.37 V              ; -0.00994 V          ; 0.186 V                              ; 0.028 V                              ; 4.98e-10 s                  ; 4.96e-10 s                  ; Yes                        ; Yes                        ; 2.32 V                      ; 3.07e-09 V                  ; 2.37 V             ; -0.00994 V         ; 0.186 V                             ; 0.028 V                             ; 4.98e-10 s                 ; 4.96e-10 s                 ; Yes                       ; Yes                       ;
; systemoutput[0][11] ; 2.5 V        ; 0 s                 ; 0 s                 ; 2.32 V                       ; 3.07e-09 V                   ; 2.37 V              ; -0.00994 V          ; 0.186 V                              ; 0.028 V                              ; 4.98e-10 s                  ; 4.96e-10 s                  ; Yes                        ; Yes                        ; 2.32 V                      ; 3.07e-09 V                  ; 2.37 V             ; -0.00994 V         ; 0.186 V                             ; 0.028 V                             ; 4.98e-10 s                 ; 4.96e-10 s                 ; Yes                       ; Yes                       ;
; systemoutput[0][12] ; 2.5 V        ; 0 s                 ; 0 s                 ; 2.32 V                       ; 3.07e-09 V                   ; 2.37 V              ; -0.00994 V          ; 0.186 V                              ; 0.028 V                              ; 4.98e-10 s                  ; 4.96e-10 s                  ; Yes                        ; Yes                        ; 2.32 V                      ; 3.07e-09 V                  ; 2.37 V             ; -0.00994 V         ; 0.186 V                             ; 0.028 V                             ; 4.98e-10 s                 ; 4.96e-10 s                 ; Yes                       ; Yes                       ;
; systemoutput[0][13] ; 2.5 V        ; 0 s                 ; 0 s                 ; 2.32 V                       ; 3.07e-09 V                   ; 2.33 V              ; -0.00496 V          ; 0.223 V                              ; 0.086 V                              ; 2.9e-09 s                   ; 2.73e-09 s                  ; Yes                        ; Yes                        ; 2.32 V                      ; 3.07e-09 V                  ; 2.33 V             ; -0.00496 V         ; 0.223 V                             ; 0.086 V                             ; 2.9e-09 s                  ; 2.73e-09 s                 ; Yes                       ; Yes                       ;
; systemoutput[0][14] ; 2.5 V        ; 0 s                 ; 0 s                 ; 2.32 V                       ; 3.07e-09 V                   ; 2.33 V              ; -0.00496 V          ; 0.223 V                              ; 0.086 V                              ; 2.9e-09 s                   ; 2.73e-09 s                  ; Yes                        ; Yes                        ; 2.32 V                      ; 3.07e-09 V                  ; 2.33 V             ; -0.00496 V         ; 0.223 V                             ; 0.086 V                             ; 2.9e-09 s                  ; 2.73e-09 s                 ; Yes                       ; Yes                       ;
; systemoutput[0][15] ; 2.5 V        ; 0 s                 ; 0 s                 ; 2.32 V                       ; 4.49e-09 V                   ; 2.38 V              ; -0.00552 V          ; 0.096 V                              ; 0.019 V                              ; 4.18e-10 s                  ; 3.59e-10 s                  ; No                         ; Yes                        ; 2.32 V                      ; 4.49e-09 V                  ; 2.38 V             ; -0.00552 V         ; 0.096 V                             ; 0.019 V                             ; 4.18e-10 s                 ; 3.59e-10 s                 ; No                        ; Yes                       ;
; systemoutput[0][16] ; 2.5 V        ; 0 s                 ; 0 s                 ; 2.32 V                       ; 3.07e-09 V                   ; 2.37 V              ; -0.00994 V          ; 0.186 V                              ; 0.028 V                              ; 4.98e-10 s                  ; 4.96e-10 s                  ; Yes                        ; Yes                        ; 2.32 V                      ; 3.07e-09 V                  ; 2.37 V             ; -0.00994 V         ; 0.186 V                             ; 0.028 V                             ; 4.98e-10 s                 ; 4.96e-10 s                 ; Yes                       ; Yes                       ;
; systemoutput[0][17] ; 2.5 V        ; 0 s                 ; 0 s                 ; 2.32 V                       ; 3.07e-09 V                   ; 2.37 V              ; -0.00994 V          ; 0.186 V                              ; 0.028 V                              ; 4.98e-10 s                  ; 4.96e-10 s                  ; Yes                        ; Yes                        ; 2.32 V                      ; 3.07e-09 V                  ; 2.37 V             ; -0.00994 V         ; 0.186 V                             ; 0.028 V                             ; 4.98e-10 s                 ; 4.96e-10 s                 ; Yes                       ; Yes                       ;
; systemoutput[0][18] ; 2.5 V        ; 0 s                 ; 0 s                 ; 2.32 V                       ; 3.07e-09 V                   ; 2.37 V              ; -0.00994 V          ; 0.186 V                              ; 0.028 V                              ; 4.98e-10 s                  ; 4.96e-10 s                  ; Yes                        ; Yes                        ; 2.32 V                      ; 3.07e-09 V                  ; 2.37 V             ; -0.00994 V         ; 0.186 V                             ; 0.028 V                             ; 4.98e-10 s                 ; 4.96e-10 s                 ; Yes                       ; Yes                       ;
; systemoutput[0][19] ; 2.5 V        ; 0 s                 ; 0 s                 ; 2.32 V                       ; 3.07e-09 V                   ; 2.37 V              ; -0.00994 V          ; 0.186 V                              ; 0.028 V                              ; 4.98e-10 s                  ; 4.96e-10 s                  ; Yes                        ; Yes                        ; 2.32 V                      ; 3.07e-09 V                  ; 2.37 V             ; -0.00994 V         ; 0.186 V                             ; 0.028 V                             ; 4.98e-10 s                 ; 4.96e-10 s                 ; Yes                       ; Yes                       ;
; systemoutput[0][20] ; 2.5 V        ; 0 s                 ; 0 s                 ; 2.32 V                       ; 3.07e-09 V                   ; 2.37 V              ; -0.00994 V          ; 0.186 V                              ; 0.028 V                              ; 4.98e-10 s                  ; 4.96e-10 s                  ; Yes                        ; Yes                        ; 2.32 V                      ; 3.07e-09 V                  ; 2.37 V             ; -0.00994 V         ; 0.186 V                             ; 0.028 V                             ; 4.98e-10 s                 ; 4.96e-10 s                 ; Yes                       ; Yes                       ;
; systemoutput[0][21] ; 2.5 V        ; 0 s                 ; 0 s                 ; 2.32 V                       ; 3.07e-09 V                   ; 2.37 V              ; -0.00994 V          ; 0.186 V                              ; 0.028 V                              ; 4.98e-10 s                  ; 4.96e-10 s                  ; Yes                        ; Yes                        ; 2.32 V                      ; 3.07e-09 V                  ; 2.37 V             ; -0.00994 V         ; 0.186 V                             ; 0.028 V                             ; 4.98e-10 s                 ; 4.96e-10 s                 ; Yes                       ; Yes                       ;
; systemoutput[0][22] ; 2.5 V        ; 0 s                 ; 0 s                 ; 2.32 V                       ; 3.07e-09 V                   ; 2.37 V              ; -0.00994 V          ; 0.186 V                              ; 0.028 V                              ; 4.98e-10 s                  ; 4.96e-10 s                  ; Yes                        ; Yes                        ; 2.32 V                      ; 3.07e-09 V                  ; 2.37 V             ; -0.00994 V         ; 0.186 V                             ; 0.028 V                             ; 4.98e-10 s                 ; 4.96e-10 s                 ; Yes                       ; Yes                       ;
; systemoutput[0][23] ; 2.5 V        ; 0 s                 ; 0 s                 ; 2.32 V                       ; 3.07e-09 V                   ; 2.37 V              ; -0.00994 V          ; 0.186 V                              ; 0.028 V                              ; 4.98e-10 s                  ; 4.96e-10 s                  ; Yes                        ; Yes                        ; 2.32 V                      ; 3.07e-09 V                  ; 2.37 V             ; -0.00994 V         ; 0.186 V                             ; 0.028 V                             ; 4.98e-10 s                 ; 4.96e-10 s                 ; Yes                       ; Yes                       ;
; systemoutput[0][24] ; 2.5 V        ; 0 s                 ; 0 s                 ; 2.32 V                       ; 3.07e-09 V                   ; 2.37 V              ; -0.00994 V          ; 0.186 V                              ; 0.028 V                              ; 4.98e-10 s                  ; 4.96e-10 s                  ; Yes                        ; Yes                        ; 2.32 V                      ; 3.07e-09 V                  ; 2.37 V             ; -0.00994 V         ; 0.186 V                             ; 0.028 V                             ; 4.98e-10 s                 ; 4.96e-10 s                 ; Yes                       ; Yes                       ;
; systemoutput[0][25] ; 2.5 V        ; 0 s                 ; 0 s                 ; 2.32 V                       ; 3.07e-09 V                   ; 2.38 V              ; -0.0144 V           ; 0.227 V                              ; 0.024 V                              ; 3.14e-10 s                  ; 3.39e-10 s                  ; Yes                        ; Yes                        ; 2.32 V                      ; 3.07e-09 V                  ; 2.38 V             ; -0.0144 V          ; 0.227 V                             ; 0.024 V                             ; 3.14e-10 s                 ; 3.39e-10 s                 ; Yes                       ; Yes                       ;
; systemoutput[0][26] ; 2.5 V        ; 0 s                 ; 0 s                 ; 2.32 V                       ; 4.49e-09 V                   ; 2.33 V              ; -0.00467 V          ; 0.226 V                              ; 0.087 V                              ; 2.91e-09 s                  ; 2.74e-09 s                  ; Yes                        ; Yes                        ; 2.32 V                      ; 4.49e-09 V                  ; 2.33 V             ; -0.00467 V         ; 0.226 V                             ; 0.087 V                             ; 2.91e-09 s                 ; 2.74e-09 s                 ; Yes                       ; Yes                       ;
; systemoutput[0][27] ; 2.5 V        ; 0 s                 ; 0 s                 ; 2.32 V                       ; 4.49e-09 V                   ; 2.38 V              ; -0.00552 V          ; 0.096 V                              ; 0.019 V                              ; 4.18e-10 s                  ; 3.59e-10 s                  ; No                         ; Yes                        ; 2.32 V                      ; 4.49e-09 V                  ; 2.38 V             ; -0.00552 V         ; 0.096 V                             ; 0.019 V                             ; 4.18e-10 s                 ; 3.59e-10 s                 ; No                        ; Yes                       ;
; systemoutput[0][28] ; 2.5 V        ; 0 s                 ; 0 s                 ; 2.32 V                       ; 4.49e-09 V                   ; 2.38 V              ; -0.00552 V          ; 0.096 V                              ; 0.019 V                              ; 4.18e-10 s                  ; 3.59e-10 s                  ; No                         ; Yes                        ; 2.32 V                      ; 4.49e-09 V                  ; 2.38 V             ; -0.00552 V         ; 0.096 V                             ; 0.019 V                             ; 4.18e-10 s                 ; 3.59e-10 s                 ; No                        ; Yes                       ;
; systemoutput[0][29] ; 2.5 V        ; 0 s                 ; 0 s                 ; 2.32 V                       ; 4.49e-09 V                   ; 2.38 V              ; -0.00552 V          ; 0.096 V                              ; 0.019 V                              ; 4.18e-10 s                  ; 3.59e-10 s                  ; No                         ; Yes                        ; 2.32 V                      ; 4.49e-09 V                  ; 2.38 V             ; -0.00552 V         ; 0.096 V                             ; 0.019 V                             ; 4.18e-10 s                 ; 3.59e-10 s                 ; No                        ; Yes                       ;
; systemoutput[0][30] ; 2.5 V        ; 0 s                 ; 0 s                 ; 2.32 V                       ; 4.49e-09 V                   ; 2.38 V              ; -0.00552 V          ; 0.096 V                              ; 0.019 V                              ; 4.18e-10 s                  ; 3.59e-10 s                  ; No                         ; Yes                        ; 2.32 V                      ; 4.49e-09 V                  ; 2.38 V             ; -0.00552 V         ; 0.096 V                             ; 0.019 V                             ; 4.18e-10 s                 ; 3.59e-10 s                 ; No                        ; Yes                       ;
; systemoutput[0][31] ; 2.5 V        ; 0 s                 ; 0 s                 ; 2.32 V                       ; 4.49e-09 V                   ; 2.33 V              ; -0.00467 V          ; 0.226 V                              ; 0.087 V                              ; 2.91e-09 s                  ; 2.74e-09 s                  ; Yes                        ; Yes                        ; 2.32 V                      ; 4.49e-09 V                  ; 2.33 V             ; -0.00467 V         ; 0.226 V                             ; 0.087 V                             ; 2.91e-09 s                 ; 2.74e-09 s                 ; Yes                       ; Yes                       ;
; systemoutput[1][0]  ; 2.5 V        ; 0 s                 ; 0 s                 ; 2.32 V                       ; 4.49e-09 V                   ; 2.38 V              ; -0.00552 V          ; 0.096 V                              ; 0.019 V                              ; 4.18e-10 s                  ; 3.59e-10 s                  ; No                         ; Yes                        ; 2.32 V                      ; 4.49e-09 V                  ; 2.38 V             ; -0.00552 V         ; 0.096 V                             ; 0.019 V                             ; 4.18e-10 s                 ; 3.59e-10 s                 ; No                        ; Yes                       ;
; systemoutput[1][1]  ; 2.5 V        ; 0 s                 ; 0 s                 ; 2.32 V                       ; 4.49e-09 V                   ; 2.33 V              ; -0.00467 V          ; 0.226 V                              ; 0.087 V                              ; 2.91e-09 s                  ; 2.74e-09 s                  ; Yes                        ; Yes                        ; 2.32 V                      ; 4.49e-09 V                  ; 2.33 V             ; -0.00467 V         ; 0.226 V                             ; 0.087 V                             ; 2.91e-09 s                 ; 2.74e-09 s                 ; Yes                       ; Yes                       ;
; systemoutput[1][2]  ; 2.5 V        ; 0 s                 ; 0 s                 ; 2.32 V                       ; 4.49e-09 V                   ; 2.38 V              ; -0.00552 V          ; 0.096 V                              ; 0.019 V                              ; 4.18e-10 s                  ; 3.59e-10 s                  ; No                         ; Yes                        ; 2.32 V                      ; 4.49e-09 V                  ; 2.38 V             ; -0.00552 V         ; 0.096 V                             ; 0.019 V                             ; 4.18e-10 s                 ; 3.59e-10 s                 ; No                        ; Yes                       ;
; systemoutput[1][3]  ; 2.5 V        ; 0 s                 ; 0 s                 ; 2.32 V                       ; 4.49e-09 V                   ; 2.38 V              ; -0.00552 V          ; 0.096 V                              ; 0.019 V                              ; 4.18e-10 s                  ; 3.59e-10 s                  ; No                         ; Yes                        ; 2.32 V                      ; 4.49e-09 V                  ; 2.38 V             ; -0.00552 V         ; 0.096 V                             ; 0.019 V                             ; 4.18e-10 s                 ; 3.59e-10 s                 ; No                        ; Yes                       ;
; systemoutput[1][4]  ; 2.5 V        ; 0 s                 ; 0 s                 ; 2.32 V                       ; 4.49e-09 V                   ; 2.38 V              ; -0.00552 V          ; 0.096 V                              ; 0.019 V                              ; 4.18e-10 s                  ; 3.59e-10 s                  ; No                         ; Yes                        ; 2.32 V                      ; 4.49e-09 V                  ; 2.38 V             ; -0.00552 V         ; 0.096 V                             ; 0.019 V                             ; 4.18e-10 s                 ; 3.59e-10 s                 ; No                        ; Yes                       ;
; systemoutput[1][5]  ; 2.5 V        ; 0 s                 ; 0 s                 ; 2.32 V                       ; 4.49e-09 V                   ; 2.38 V              ; -0.00552 V          ; 0.096 V                              ; 0.019 V                              ; 4.18e-10 s                  ; 3.59e-10 s                  ; No                         ; Yes                        ; 2.32 V                      ; 4.49e-09 V                  ; 2.38 V             ; -0.00552 V         ; 0.096 V                             ; 0.019 V                             ; 4.18e-10 s                 ; 3.59e-10 s                 ; No                        ; Yes                       ;
; systemoutput[1][6]  ; 2.5 V        ; 0 s                 ; 0 s                 ; 2.32 V                       ; 4.49e-09 V                   ; 2.38 V              ; -0.00552 V          ; 0.096 V                              ; 0.019 V                              ; 4.18e-10 s                  ; 3.59e-10 s                  ; No                         ; Yes                        ; 2.32 V                      ; 4.49e-09 V                  ; 2.38 V             ; -0.00552 V         ; 0.096 V                             ; 0.019 V                             ; 4.18e-10 s                 ; 3.59e-10 s                 ; No                        ; Yes                       ;
; systemoutput[1][7]  ; 2.5 V        ; 0 s                 ; 0 s                 ; 2.32 V                       ; 4.49e-09 V                   ; 2.38 V              ; -0.00552 V          ; 0.096 V                              ; 0.019 V                              ; 4.18e-10 s                  ; 3.59e-10 s                  ; No                         ; Yes                        ; 2.32 V                      ; 4.49e-09 V                  ; 2.38 V             ; -0.00552 V         ; 0.096 V                             ; 0.019 V                             ; 4.18e-10 s                 ; 3.59e-10 s                 ; No                        ; Yes                       ;
; systemoutput[1][8]  ; 2.5 V        ; 0 s                 ; 0 s                 ; 2.32 V                       ; 3.07e-09 V                   ; 2.37 V              ; -0.00994 V          ; 0.186 V                              ; 0.028 V                              ; 4.98e-10 s                  ; 4.96e-10 s                  ; Yes                        ; Yes                        ; 2.32 V                      ; 3.07e-09 V                  ; 2.37 V             ; -0.00994 V         ; 0.186 V                             ; 0.028 V                             ; 4.98e-10 s                 ; 4.96e-10 s                 ; Yes                       ; Yes                       ;
; systemoutput[1][9]  ; 2.5 V        ; 0 s                 ; 0 s                 ; 2.32 V                       ; 3.07e-09 V                   ; 2.37 V              ; -0.00994 V          ; 0.186 V                              ; 0.028 V                              ; 4.98e-10 s                  ; 4.96e-10 s                  ; Yes                        ; Yes                        ; 2.32 V                      ; 3.07e-09 V                  ; 2.37 V             ; -0.00994 V         ; 0.186 V                             ; 0.028 V                             ; 4.98e-10 s                 ; 4.96e-10 s                 ; Yes                       ; Yes                       ;
; systemoutput[1][10] ; 2.5 V        ; 0 s                 ; 0 s                 ; 2.32 V                       ; 4.49e-09 V                   ; 2.38 V              ; -0.00552 V          ; 0.096 V                              ; 0.019 V                              ; 4.18e-10 s                  ; 3.59e-10 s                  ; No                         ; Yes                        ; 2.32 V                      ; 4.49e-09 V                  ; 2.38 V             ; -0.00552 V         ; 0.096 V                             ; 0.019 V                             ; 4.18e-10 s                 ; 3.59e-10 s                 ; No                        ; Yes                       ;
; systemoutput[1][11] ; 2.5 V        ; 0 s                 ; 0 s                 ; 2.32 V                       ; 4.49e-09 V                   ; 2.38 V              ; -0.00552 V          ; 0.096 V                              ; 0.019 V                              ; 4.18e-10 s                  ; 3.59e-10 s                  ; No                         ; Yes                        ; 2.32 V                      ; 4.49e-09 V                  ; 2.38 V             ; -0.00552 V         ; 0.096 V                             ; 0.019 V                             ; 4.18e-10 s                 ; 3.59e-10 s                 ; No                        ; Yes                       ;
; systemoutput[1][12] ; 2.5 V        ; 0 s                 ; 0 s                 ; 2.32 V                       ; 4.49e-09 V                   ; 2.38 V              ; -0.00552 V          ; 0.096 V                              ; 0.019 V                              ; 4.18e-10 s                  ; 3.59e-10 s                  ; No                         ; Yes                        ; 2.32 V                      ; 4.49e-09 V                  ; 2.38 V             ; -0.00552 V         ; 0.096 V                             ; 0.019 V                             ; 4.18e-10 s                 ; 3.59e-10 s                 ; No                        ; Yes                       ;
; systemoutput[1][13] ; 2.5 V        ; 0 s                 ; 0 s                 ; 2.32 V                       ; 4.49e-09 V                   ; 2.38 V              ; -0.00552 V          ; 0.096 V                              ; 0.019 V                              ; 4.18e-10 s                  ; 3.59e-10 s                  ; No                         ; Yes                        ; 2.32 V                      ; 4.49e-09 V                  ; 2.38 V             ; -0.00552 V         ; 0.096 V                             ; 0.019 V                             ; 4.18e-10 s                 ; 3.59e-10 s                 ; No                        ; Yes                       ;
; systemoutput[1][14] ; 2.5 V        ; 0 s                 ; 0 s                 ; 2.32 V                       ; 4.49e-09 V                   ; 2.38 V              ; -0.00552 V          ; 0.096 V                              ; 0.019 V                              ; 4.18e-10 s                  ; 3.59e-10 s                  ; No                         ; Yes                        ; 2.32 V                      ; 4.49e-09 V                  ; 2.38 V             ; -0.00552 V         ; 0.096 V                             ; 0.019 V                             ; 4.18e-10 s                 ; 3.59e-10 s                 ; No                        ; Yes                       ;
; systemoutput[1][15] ; 2.5 V        ; 0 s                 ; 0 s                 ; 2.32 V                       ; 4.49e-09 V                   ; 2.38 V              ; -0.00552 V          ; 0.096 V                              ; 0.019 V                              ; 4.18e-10 s                  ; 3.59e-10 s                  ; No                         ; Yes                        ; 2.32 V                      ; 4.49e-09 V                  ; 2.38 V             ; -0.00552 V         ; 0.096 V                             ; 0.019 V                             ; 4.18e-10 s                 ; 3.59e-10 s                 ; No                        ; Yes                       ;
; systemoutput[1][16] ; 2.5 V        ; 0 s                 ; 0 s                 ; 2.32 V                       ; 3.07e-09 V                   ; 2.37 V              ; -0.00994 V          ; 0.186 V                              ; 0.028 V                              ; 4.98e-10 s                  ; 4.96e-10 s                  ; Yes                        ; Yes                        ; 2.32 V                      ; 3.07e-09 V                  ; 2.37 V             ; -0.00994 V         ; 0.186 V                             ; 0.028 V                             ; 4.98e-10 s                 ; 4.96e-10 s                 ; Yes                       ; Yes                       ;
; systemoutput[1][17] ; 2.5 V        ; 0 s                 ; 0 s                 ; 2.32 V                       ; 3.07e-09 V                   ; 2.37 V              ; -0.00994 V          ; 0.186 V                              ; 0.028 V                              ; 4.98e-10 s                  ; 4.96e-10 s                  ; Yes                        ; Yes                        ; 2.32 V                      ; 3.07e-09 V                  ; 2.37 V             ; -0.00994 V         ; 0.186 V                             ; 0.028 V                             ; 4.98e-10 s                 ; 4.96e-10 s                 ; Yes                       ; Yes                       ;
; systemoutput[1][18] ; 2.5 V        ; 0 s                 ; 0 s                 ; 2.32 V                       ; 3.07e-09 V                   ; 2.37 V              ; -0.00994 V          ; 0.186 V                              ; 0.028 V                              ; 4.98e-10 s                  ; 4.96e-10 s                  ; Yes                        ; Yes                        ; 2.32 V                      ; 3.07e-09 V                  ; 2.37 V             ; -0.00994 V         ; 0.186 V                             ; 0.028 V                             ; 4.98e-10 s                 ; 4.96e-10 s                 ; Yes                       ; Yes                       ;
; systemoutput[1][19] ; 2.5 V        ; 0 s                 ; 0 s                 ; 2.32 V                       ; 3.07e-09 V                   ; 2.37 V              ; -0.00994 V          ; 0.186 V                              ; 0.028 V                              ; 4.98e-10 s                  ; 4.96e-10 s                  ; Yes                        ; Yes                        ; 2.32 V                      ; 3.07e-09 V                  ; 2.37 V             ; -0.00994 V         ; 0.186 V                             ; 0.028 V                             ; 4.98e-10 s                 ; 4.96e-10 s                 ; Yes                       ; Yes                       ;
; systemoutput[1][20] ; 2.5 V        ; 0 s                 ; 0 s                 ; 2.32 V                       ; 4.49e-09 V                   ; 2.38 V              ; -0.00552 V          ; 0.096 V                              ; 0.019 V                              ; 4.18e-10 s                  ; 3.59e-10 s                  ; No                         ; Yes                        ; 2.32 V                      ; 4.49e-09 V                  ; 2.38 V             ; -0.00552 V         ; 0.096 V                             ; 0.019 V                             ; 4.18e-10 s                 ; 3.59e-10 s                 ; No                        ; Yes                       ;
; systemoutput[1][21] ; 2.5 V        ; 0 s                 ; 0 s                 ; 2.32 V                       ; 4.49e-09 V                   ; 2.38 V              ; -0.00552 V          ; 0.096 V                              ; 0.019 V                              ; 4.18e-10 s                  ; 3.59e-10 s                  ; No                         ; Yes                        ; 2.32 V                      ; 4.49e-09 V                  ; 2.38 V             ; -0.00552 V         ; 0.096 V                             ; 0.019 V                             ; 4.18e-10 s                 ; 3.59e-10 s                 ; No                        ; Yes                       ;
; systemoutput[1][22] ; 2.5 V        ; 0 s                 ; 0 s                 ; 2.32 V                       ; 4.49e-09 V                   ; 2.38 V              ; -0.00552 V          ; 0.096 V                              ; 0.019 V                              ; 4.18e-10 s                  ; 3.59e-10 s                  ; No                         ; Yes                        ; 2.32 V                      ; 4.49e-09 V                  ; 2.38 V             ; -0.00552 V         ; 0.096 V                             ; 0.019 V                             ; 4.18e-10 s                 ; 3.59e-10 s                 ; No                        ; Yes                       ;
; systemoutput[1][23] ; 2.5 V        ; 0 s                 ; 0 s                 ; 2.32 V                       ; 3.07e-09 V                   ; 2.37 V              ; -0.00994 V          ; 0.186 V                              ; 0.028 V                              ; 4.98e-10 s                  ; 4.96e-10 s                  ; Yes                        ; Yes                        ; 2.32 V                      ; 3.07e-09 V                  ; 2.37 V             ; -0.00994 V         ; 0.186 V                             ; 0.028 V                             ; 4.98e-10 s                 ; 4.96e-10 s                 ; Yes                       ; Yes                       ;
; systemoutput[1][24] ; 2.5 V        ; 0 s                 ; 0 s                 ; 2.32 V                       ; 4.49e-09 V                   ; 2.38 V              ; -0.00552 V          ; 0.096 V                              ; 0.019 V                              ; 4.18e-10 s                  ; 3.59e-10 s                  ; No                         ; Yes                        ; 2.32 V                      ; 4.49e-09 V                  ; 2.38 V             ; -0.00552 V         ; 0.096 V                             ; 0.019 V                             ; 4.18e-10 s                 ; 3.59e-10 s                 ; No                        ; Yes                       ;
; systemoutput[1][25] ; 2.5 V        ; 0 s                 ; 0 s                 ; 2.32 V                       ; 4.49e-09 V                   ; 2.38 V              ; -0.00552 V          ; 0.096 V                              ; 0.019 V                              ; 4.18e-10 s                  ; 3.59e-10 s                  ; No                         ; Yes                        ; 2.32 V                      ; 4.49e-09 V                  ; 2.38 V             ; -0.00552 V         ; 0.096 V                             ; 0.019 V                             ; 4.18e-10 s                 ; 3.59e-10 s                 ; No                        ; Yes                       ;
; systemoutput[1][26] ; 2.5 V        ; 0 s                 ; 0 s                 ; 2.32 V                       ; 4.49e-09 V                   ; 2.38 V              ; -0.00552 V          ; 0.096 V                              ; 0.019 V                              ; 4.18e-10 s                  ; 3.59e-10 s                  ; No                         ; Yes                        ; 2.32 V                      ; 4.49e-09 V                  ; 2.38 V             ; -0.00552 V         ; 0.096 V                             ; 0.019 V                             ; 4.18e-10 s                 ; 3.59e-10 s                 ; No                        ; Yes                       ;
; systemoutput[1][27] ; 2.5 V        ; 0 s                 ; 0 s                 ; 2.32 V                       ; 4.49e-09 V                   ; 2.38 V              ; -0.00552 V          ; 0.096 V                              ; 0.019 V                              ; 4.18e-10 s                  ; 3.59e-10 s                  ; No                         ; Yes                        ; 2.32 V                      ; 4.49e-09 V                  ; 2.38 V             ; -0.00552 V         ; 0.096 V                             ; 0.019 V                             ; 4.18e-10 s                 ; 3.59e-10 s                 ; No                        ; Yes                       ;
; systemoutput[1][28] ; 2.5 V        ; 0 s                 ; 0 s                 ; 2.32 V                       ; 4.49e-09 V                   ; 2.38 V              ; -0.00552 V          ; 0.096 V                              ; 0.019 V                              ; 4.18e-10 s                  ; 3.59e-10 s                  ; No                         ; Yes                        ; 2.32 V                      ; 4.49e-09 V                  ; 2.38 V             ; -0.00552 V         ; 0.096 V                             ; 0.019 V                             ; 4.18e-10 s                 ; 3.59e-10 s                 ; No                        ; Yes                       ;
; systemoutput[1][29] ; 2.5 V        ; 0 s                 ; 0 s                 ; 2.32 V                       ; 4.49e-09 V                   ; 2.38 V              ; -0.00552 V          ; 0.096 V                              ; 0.019 V                              ; 4.18e-10 s                  ; 3.59e-10 s                  ; No                         ; Yes                        ; 2.32 V                      ; 4.49e-09 V                  ; 2.38 V             ; -0.00552 V         ; 0.096 V                             ; 0.019 V                             ; 4.18e-10 s                 ; 3.59e-10 s                 ; No                        ; Yes                       ;
; systemoutput[1][30] ; 2.5 V        ; 0 s                 ; 0 s                 ; 2.32 V                       ; 4.49e-09 V                   ; 2.38 V              ; -0.00552 V          ; 0.096 V                              ; 0.019 V                              ; 4.18e-10 s                  ; 3.59e-10 s                  ; No                         ; Yes                        ; 2.32 V                      ; 4.49e-09 V                  ; 2.38 V             ; -0.00552 V         ; 0.096 V                             ; 0.019 V                             ; 4.18e-10 s                 ; 3.59e-10 s                 ; No                        ; Yes                       ;
; systemoutput[1][31] ; 2.5 V        ; 0 s                 ; 0 s                 ; 2.32 V                       ; 4.49e-09 V                   ; 2.38 V              ; -0.00552 V          ; 0.096 V                              ; 0.019 V                              ; 4.18e-10 s                  ; 3.59e-10 s                  ; No                         ; Yes                        ; 2.32 V                      ; 4.49e-09 V                  ; 2.38 V             ; -0.00552 V         ; 0.096 V                             ; 0.019 V                             ; 4.18e-10 s                 ; 3.59e-10 s                 ; No                        ; Yes                       ;
; ~ALTERA_DCLK~       ; 2.5 V        ; 0 s                 ; 0 s                 ; 2.32 V                       ; 2.67e-09 V                   ; 2.38 V              ; -0.0485 V           ; 0.167 V                              ; 0.096 V                              ; 2.95e-10 s                  ; 2.73e-10 s                  ; Yes                        ; Yes                        ; 2.32 V                      ; 2.67e-09 V                  ; 2.38 V             ; -0.0485 V          ; 0.167 V                             ; 0.096 V                             ; 2.95e-10 s                 ; 2.73e-10 s                 ; Yes                       ; Yes                       ;
; ~ALTERA_nCEO~       ; 2.5 V        ; 0 s                 ; 0 s                 ; 2.32 V                       ; 4.18e-09 V                   ; 2.38 V              ; -0.00483 V          ; 0.152 V                              ; 0.012 V                              ; 4.81e-10 s                  ; 6.29e-10 s                  ; Yes                        ; Yes                        ; 2.32 V                      ; 4.18e-09 V                  ; 2.38 V             ; -0.00483 V         ; 0.152 V                             ; 0.012 V                             ; 4.81e-10 s                 ; 6.29e-10 s                 ; Yes                       ; Yes                       ;
+---------------------+--------------+---------------------+---------------------+------------------------------+------------------------------+---------------------+---------------------+--------------------------------------+--------------------------------------+-----------------------------+-----------------------------+----------------------------+----------------------------+-----------------------------+-----------------------------+--------------------+--------------------+-------------------------------------+-------------------------------------+----------------------------+----------------------------+---------------------------+---------------------------+


+--------------------------------------------------------------------------------------------------------------------------------------------------------------------------------------------------------------------------------------------------------------------------------------------------------------------------------------------------------------------------------------------------------------------------------------------------------------------------------------------------------------------------------------------------------------------------------------------------------------------------------------------------------------------------------------------------+
; Signal Integrity Metrics (Slow 1200mv 85c Model)                                                                                                                                                                                                                                                                                                                                                                                                                                                                                                                                                                                                                                                 ;
+---------------------+--------------+---------------------+---------------------+------------------------------+------------------------------+---------------------+---------------------+--------------------------------------+--------------------------------------+-----------------------------+-----------------------------+----------------------------+----------------------------+-----------------------------+-----------------------------+--------------------+--------------------+-------------------------------------+-------------------------------------+----------------------------+----------------------------+---------------------------+---------------------------+
; Pin                 ; I/O Standard ; Board Delay on Rise ; Board Delay on Fall ; Steady State Voh at FPGA Pin ; Steady State Vol at FPGA Pin ; Voh Max at FPGA Pin ; Vol Min at FPGA Pin ; Ringback Voltage on Rise at FPGA Pin ; Ringback Voltage on Fall at FPGA Pin ; 10-90 Rise Time at FPGA Pin ; 90-10 Fall Time at FPGA Pin ; Monotonic Rise at FPGA Pin ; Monotonic Fall at FPGA Pin ; Steady State Voh at Far-end ; Steady State Vol at Far-end ; Voh Max at Far-end ; Vol Min at Far-end ; Ringback Voltage on Rise at Far-end ; Ringback Voltage on Fall at Far-end ; 10-90 Rise Time at Far-end ; 90-10 Fall Time at Far-end ; Monotonic Rise at Far-end ; Monotonic Fall at Far-end ;
+---------------------+--------------+---------------------+---------------------+------------------------------+------------------------------+---------------------+---------------------+--------------------------------------+--------------------------------------+-----------------------------+-----------------------------+----------------------------+----------------------------+-----------------------------+-----------------------------+--------------------+--------------------+-------------------------------------+-------------------------------------+----------------------------+----------------------------+---------------------------+---------------------------+
; systemoutput[0][0]  ; 2.5 V        ; 0 s                 ; 0 s                 ; 2.32 V                       ; 6.92e-07 V                   ; 2.35 V              ; -0.00996 V          ; 0.121 V                              ; 0.03 V                               ; 4.64e-10 s                  ; 4.47e-10 s                  ; Yes                        ; Yes                        ; 2.32 V                      ; 6.92e-07 V                  ; 2.35 V             ; -0.00996 V         ; 0.121 V                             ; 0.03 V                              ; 4.64e-10 s                 ; 4.47e-10 s                 ; Yes                       ; Yes                       ;
; systemoutput[0][1]  ; 2.5 V        ; 0 s                 ; 0 s                 ; 2.32 V                       ; 6.92e-07 V                   ; 2.33 V              ; -0.00265 V          ; 0.133 V                              ; 0.056 V                              ; 3.55e-09 s                  ; 3.31e-09 s                  ; Yes                        ; Yes                        ; 2.32 V                      ; 6.92e-07 V                  ; 2.33 V             ; -0.00265 V         ; 0.133 V                             ; 0.056 V                             ; 3.55e-09 s                 ; 3.31e-09 s                 ; Yes                       ; Yes                       ;
; systemoutput[0][2]  ; 2.5 V        ; 0 s                 ; 0 s                 ; 2.32 V                       ; 6.92e-07 V                   ; 2.35 V              ; -0.00996 V          ; 0.121 V                              ; 0.03 V                               ; 4.64e-10 s                  ; 4.47e-10 s                  ; Yes                        ; Yes                        ; 2.32 V                      ; 6.92e-07 V                  ; 2.35 V             ; -0.00996 V         ; 0.121 V                             ; 0.03 V                              ; 4.64e-10 s                 ; 4.47e-10 s                 ; Yes                       ; Yes                       ;
; systemoutput[0][3]  ; 2.5 V        ; 0 s                 ; 0 s                 ; 2.32 V                       ; 4.67e-07 V                   ; 2.36 V              ; -0.00552 V          ; 0.11 V                               ; 0.007 V                              ; 4.54e-10 s                  ; 4.35e-10 s                  ; Yes                        ; Yes                        ; 2.32 V                      ; 4.67e-07 V                  ; 2.36 V             ; -0.00552 V         ; 0.11 V                              ; 0.007 V                             ; 4.54e-10 s                 ; 4.35e-10 s                 ; Yes                       ; Yes                       ;
; systemoutput[0][4]  ; 2.5 V        ; 0 s                 ; 0 s                 ; 2.32 V                       ; 4.67e-07 V                   ; 2.36 V              ; -0.00552 V          ; 0.11 V                               ; 0.007 V                              ; 4.54e-10 s                  ; 4.35e-10 s                  ; Yes                        ; Yes                        ; 2.32 V                      ; 4.67e-07 V                  ; 2.36 V             ; -0.00552 V         ; 0.11 V                              ; 0.007 V                             ; 4.54e-10 s                 ; 4.35e-10 s                 ; Yes                       ; Yes                       ;
; systemoutput[0][5]  ; 2.5 V        ; 0 s                 ; 0 s                 ; 2.32 V                       ; 4.67e-07 V                   ; 2.33 V              ; -0.00269 V          ; 0.13 V                               ; 0.055 V                              ; 3.54e-09 s                  ; 3.29e-09 s                  ; Yes                        ; Yes                        ; 2.32 V                      ; 4.67e-07 V                  ; 2.33 V             ; -0.00269 V         ; 0.13 V                              ; 0.055 V                             ; 3.54e-09 s                 ; 3.29e-09 s                 ; Yes                       ; Yes                       ;
; systemoutput[0][6]  ; 2.5 V        ; 0 s                 ; 0 s                 ; 2.32 V                       ; 4.67e-07 V                   ; 2.36 V              ; -0.00552 V          ; 0.11 V                               ; 0.007 V                              ; 4.54e-10 s                  ; 4.35e-10 s                  ; Yes                        ; Yes                        ; 2.32 V                      ; 4.67e-07 V                  ; 2.36 V             ; -0.00552 V         ; 0.11 V                              ; 0.007 V                             ; 4.54e-10 s                 ; 4.35e-10 s                 ; Yes                       ; Yes                       ;
; systemoutput[0][7]  ; 2.5 V        ; 0 s                 ; 0 s                 ; 2.32 V                       ; 6.92e-07 V                   ; 2.35 V              ; -0.00996 V          ; 0.121 V                              ; 0.03 V                               ; 4.64e-10 s                  ; 4.47e-10 s                  ; Yes                        ; Yes                        ; 2.32 V                      ; 6.92e-07 V                  ; 2.35 V             ; -0.00996 V         ; 0.121 V                             ; 0.03 V                              ; 4.64e-10 s                 ; 4.47e-10 s                 ; Yes                       ; Yes                       ;
; systemoutput[0][8]  ; 2.5 V        ; 0 s                 ; 0 s                 ; 2.32 V                       ; 4.67e-07 V                   ; 2.36 V              ; -0.00552 V          ; 0.11 V                               ; 0.007 V                              ; 4.54e-10 s                  ; 4.35e-10 s                  ; Yes                        ; Yes                        ; 2.32 V                      ; 4.67e-07 V                  ; 2.36 V             ; -0.00552 V         ; 0.11 V                              ; 0.007 V                             ; 4.54e-10 s                 ; 4.35e-10 s                 ; Yes                       ; Yes                       ;
; systemoutput[0][9]  ; 2.5 V        ; 0 s                 ; 0 s                 ; 2.32 V                       ; 4.67e-07 V                   ; 2.35 V              ; -0.00942 V          ; 0.116 V                              ; 0.033 V                              ; 6.66e-10 s                  ; 6.27e-10 s                  ; Yes                        ; Yes                        ; 2.32 V                      ; 4.67e-07 V                  ; 2.35 V             ; -0.00942 V         ; 0.116 V                             ; 0.033 V                             ; 6.66e-10 s                 ; 6.27e-10 s                 ; Yes                       ; Yes                       ;
; systemoutput[0][10] ; 2.5 V        ; 0 s                 ; 0 s                 ; 2.32 V                       ; 4.67e-07 V                   ; 2.35 V              ; -0.00942 V          ; 0.116 V                              ; 0.033 V                              ; 6.66e-10 s                  ; 6.27e-10 s                  ; Yes                        ; Yes                        ; 2.32 V                      ; 4.67e-07 V                  ; 2.35 V             ; -0.00942 V         ; 0.116 V                             ; 0.033 V                             ; 6.66e-10 s                 ; 6.27e-10 s                 ; Yes                       ; Yes                       ;
; systemoutput[0][11] ; 2.5 V        ; 0 s                 ; 0 s                 ; 2.32 V                       ; 4.67e-07 V                   ; 2.35 V              ; -0.00942 V          ; 0.116 V                              ; 0.033 V                              ; 6.66e-10 s                  ; 6.27e-10 s                  ; Yes                        ; Yes                        ; 2.32 V                      ; 4.67e-07 V                  ; 2.35 V             ; -0.00942 V         ; 0.116 V                             ; 0.033 V                             ; 6.66e-10 s                 ; 6.27e-10 s                 ; Yes                       ; Yes                       ;
; systemoutput[0][12] ; 2.5 V        ; 0 s                 ; 0 s                 ; 2.32 V                       ; 4.67e-07 V                   ; 2.35 V              ; -0.00942 V          ; 0.116 V                              ; 0.033 V                              ; 6.66e-10 s                  ; 6.27e-10 s                  ; Yes                        ; Yes                        ; 2.32 V                      ; 4.67e-07 V                  ; 2.35 V             ; -0.00942 V         ; 0.116 V                             ; 0.033 V                             ; 6.66e-10 s                 ; 6.27e-10 s                 ; Yes                       ; Yes                       ;
; systemoutput[0][13] ; 2.5 V        ; 0 s                 ; 0 s                 ; 2.32 V                       ; 4.67e-07 V                   ; 2.33 V              ; -0.00269 V          ; 0.13 V                               ; 0.055 V                              ; 3.54e-09 s                  ; 3.29e-09 s                  ; Yes                        ; Yes                        ; 2.32 V                      ; 4.67e-07 V                  ; 2.33 V             ; -0.00269 V         ; 0.13 V                              ; 0.055 V                             ; 3.54e-09 s                 ; 3.29e-09 s                 ; Yes                       ; Yes                       ;
; systemoutput[0][14] ; 2.5 V        ; 0 s                 ; 0 s                 ; 2.32 V                       ; 4.67e-07 V                   ; 2.33 V              ; -0.00269 V          ; 0.13 V                               ; 0.055 V                              ; 3.54e-09 s                  ; 3.29e-09 s                  ; Yes                        ; Yes                        ; 2.32 V                      ; 4.67e-07 V                  ; 2.33 V             ; -0.00269 V         ; 0.13 V                              ; 0.055 V                             ; 3.54e-09 s                 ; 3.29e-09 s                 ; Yes                       ; Yes                       ;
; systemoutput[0][15] ; 2.5 V        ; 0 s                 ; 0 s                 ; 2.32 V                       ; 6.92e-07 V                   ; 2.35 V              ; -0.00996 V          ; 0.121 V                              ; 0.03 V                               ; 4.64e-10 s                  ; 4.47e-10 s                  ; Yes                        ; Yes                        ; 2.32 V                      ; 6.92e-07 V                  ; 2.35 V             ; -0.00996 V         ; 0.121 V                             ; 0.03 V                              ; 4.64e-10 s                 ; 4.47e-10 s                 ; Yes                       ; Yes                       ;
; systemoutput[0][16] ; 2.5 V        ; 0 s                 ; 0 s                 ; 2.32 V                       ; 4.67e-07 V                   ; 2.35 V              ; -0.00942 V          ; 0.116 V                              ; 0.033 V                              ; 6.66e-10 s                  ; 6.27e-10 s                  ; Yes                        ; Yes                        ; 2.32 V                      ; 4.67e-07 V                  ; 2.35 V             ; -0.00942 V         ; 0.116 V                             ; 0.033 V                             ; 6.66e-10 s                 ; 6.27e-10 s                 ; Yes                       ; Yes                       ;
; systemoutput[0][17] ; 2.5 V        ; 0 s                 ; 0 s                 ; 2.32 V                       ; 4.67e-07 V                   ; 2.35 V              ; -0.00942 V          ; 0.116 V                              ; 0.033 V                              ; 6.66e-10 s                  ; 6.27e-10 s                  ; Yes                        ; Yes                        ; 2.32 V                      ; 4.67e-07 V                  ; 2.35 V             ; -0.00942 V         ; 0.116 V                             ; 0.033 V                             ; 6.66e-10 s                 ; 6.27e-10 s                 ; Yes                       ; Yes                       ;
; systemoutput[0][18] ; 2.5 V        ; 0 s                 ; 0 s                 ; 2.32 V                       ; 4.67e-07 V                   ; 2.35 V              ; -0.00942 V          ; 0.116 V                              ; 0.033 V                              ; 6.66e-10 s                  ; 6.27e-10 s                  ; Yes                        ; Yes                        ; 2.32 V                      ; 4.67e-07 V                  ; 2.35 V             ; -0.00942 V         ; 0.116 V                             ; 0.033 V                             ; 6.66e-10 s                 ; 6.27e-10 s                 ; Yes                       ; Yes                       ;
; systemoutput[0][19] ; 2.5 V        ; 0 s                 ; 0 s                 ; 2.32 V                       ; 4.67e-07 V                   ; 2.35 V              ; -0.00942 V          ; 0.116 V                              ; 0.033 V                              ; 6.66e-10 s                  ; 6.27e-10 s                  ; Yes                        ; Yes                        ; 2.32 V                      ; 4.67e-07 V                  ; 2.35 V             ; -0.00942 V         ; 0.116 V                             ; 0.033 V                             ; 6.66e-10 s                 ; 6.27e-10 s                 ; Yes                       ; Yes                       ;
; systemoutput[0][20] ; 2.5 V        ; 0 s                 ; 0 s                 ; 2.32 V                       ; 4.67e-07 V                   ; 2.35 V              ; -0.00942 V          ; 0.116 V                              ; 0.033 V                              ; 6.66e-10 s                  ; 6.27e-10 s                  ; Yes                        ; Yes                        ; 2.32 V                      ; 4.67e-07 V                  ; 2.35 V             ; -0.00942 V         ; 0.116 V                             ; 0.033 V                             ; 6.66e-10 s                 ; 6.27e-10 s                 ; Yes                       ; Yes                       ;
; systemoutput[0][21] ; 2.5 V        ; 0 s                 ; 0 s                 ; 2.32 V                       ; 4.67e-07 V                   ; 2.35 V              ; -0.00942 V          ; 0.116 V                              ; 0.033 V                              ; 6.66e-10 s                  ; 6.27e-10 s                  ; Yes                        ; Yes                        ; 2.32 V                      ; 4.67e-07 V                  ; 2.35 V             ; -0.00942 V         ; 0.116 V                             ; 0.033 V                             ; 6.66e-10 s                 ; 6.27e-10 s                 ; Yes                       ; Yes                       ;
; systemoutput[0][22] ; 2.5 V        ; 0 s                 ; 0 s                 ; 2.32 V                       ; 4.67e-07 V                   ; 2.35 V              ; -0.00942 V          ; 0.116 V                              ; 0.033 V                              ; 6.66e-10 s                  ; 6.27e-10 s                  ; Yes                        ; Yes                        ; 2.32 V                      ; 4.67e-07 V                  ; 2.35 V             ; -0.00942 V         ; 0.116 V                             ; 0.033 V                             ; 6.66e-10 s                 ; 6.27e-10 s                 ; Yes                       ; Yes                       ;
; systemoutput[0][23] ; 2.5 V        ; 0 s                 ; 0 s                 ; 2.32 V                       ; 4.67e-07 V                   ; 2.35 V              ; -0.00942 V          ; 0.116 V                              ; 0.033 V                              ; 6.66e-10 s                  ; 6.27e-10 s                  ; Yes                        ; Yes                        ; 2.32 V                      ; 4.67e-07 V                  ; 2.35 V             ; -0.00942 V         ; 0.116 V                             ; 0.033 V                             ; 6.66e-10 s                 ; 6.27e-10 s                 ; Yes                       ; Yes                       ;
; systemoutput[0][24] ; 2.5 V        ; 0 s                 ; 0 s                 ; 2.32 V                       ; 4.67e-07 V                   ; 2.35 V              ; -0.00942 V          ; 0.116 V                              ; 0.033 V                              ; 6.66e-10 s                  ; 6.27e-10 s                  ; Yes                        ; Yes                        ; 2.32 V                      ; 4.67e-07 V                  ; 2.35 V             ; -0.00942 V         ; 0.116 V                             ; 0.033 V                             ; 6.66e-10 s                 ; 6.27e-10 s                 ; Yes                       ; Yes                       ;
; systemoutput[0][25] ; 2.5 V        ; 0 s                 ; 0 s                 ; 2.32 V                       ; 4.67e-07 V                   ; 2.36 V              ; -0.00552 V          ; 0.11 V                               ; 0.007 V                              ; 4.54e-10 s                  ; 4.35e-10 s                  ; Yes                        ; Yes                        ; 2.32 V                      ; 4.67e-07 V                  ; 2.36 V             ; -0.00552 V         ; 0.11 V                              ; 0.007 V                             ; 4.54e-10 s                 ; 4.35e-10 s                 ; Yes                       ; Yes                       ;
; systemoutput[0][26] ; 2.5 V        ; 0 s                 ; 0 s                 ; 2.32 V                       ; 6.92e-07 V                   ; 2.33 V              ; -0.00265 V          ; 0.133 V                              ; 0.056 V                              ; 3.55e-09 s                  ; 3.31e-09 s                  ; Yes                        ; Yes                        ; 2.32 V                      ; 6.92e-07 V                  ; 2.33 V             ; -0.00265 V         ; 0.133 V                             ; 0.056 V                             ; 3.55e-09 s                 ; 3.31e-09 s                 ; Yes                       ; Yes                       ;
; systemoutput[0][27] ; 2.5 V        ; 0 s                 ; 0 s                 ; 2.32 V                       ; 6.92e-07 V                   ; 2.35 V              ; -0.00996 V          ; 0.121 V                              ; 0.03 V                               ; 4.64e-10 s                  ; 4.47e-10 s                  ; Yes                        ; Yes                        ; 2.32 V                      ; 6.92e-07 V                  ; 2.35 V             ; -0.00996 V         ; 0.121 V                             ; 0.03 V                              ; 4.64e-10 s                 ; 4.47e-10 s                 ; Yes                       ; Yes                       ;
; systemoutput[0][28] ; 2.5 V        ; 0 s                 ; 0 s                 ; 2.32 V                       ; 6.92e-07 V                   ; 2.35 V              ; -0.00996 V          ; 0.121 V                              ; 0.03 V                               ; 4.64e-10 s                  ; 4.47e-10 s                  ; Yes                        ; Yes                        ; 2.32 V                      ; 6.92e-07 V                  ; 2.35 V             ; -0.00996 V         ; 0.121 V                             ; 0.03 V                              ; 4.64e-10 s                 ; 4.47e-10 s                 ; Yes                       ; Yes                       ;
; systemoutput[0][29] ; 2.5 V        ; 0 s                 ; 0 s                 ; 2.32 V                       ; 6.92e-07 V                   ; 2.35 V              ; -0.00996 V          ; 0.121 V                              ; 0.03 V                               ; 4.64e-10 s                  ; 4.47e-10 s                  ; Yes                        ; Yes                        ; 2.32 V                      ; 6.92e-07 V                  ; 2.35 V             ; -0.00996 V         ; 0.121 V                             ; 0.03 V                              ; 4.64e-10 s                 ; 4.47e-10 s                 ; Yes                       ; Yes                       ;
; systemoutput[0][30] ; 2.5 V        ; 0 s                 ; 0 s                 ; 2.32 V                       ; 6.92e-07 V                   ; 2.35 V              ; -0.00996 V          ; 0.121 V                              ; 0.03 V                               ; 4.64e-10 s                  ; 4.47e-10 s                  ; Yes                        ; Yes                        ; 2.32 V                      ; 6.92e-07 V                  ; 2.35 V             ; -0.00996 V         ; 0.121 V                             ; 0.03 V                              ; 4.64e-10 s                 ; 4.47e-10 s                 ; Yes                       ; Yes                       ;
; systemoutput[0][31] ; 2.5 V        ; 0 s                 ; 0 s                 ; 2.32 V                       ; 6.92e-07 V                   ; 2.33 V              ; -0.00265 V          ; 0.133 V                              ; 0.056 V                              ; 3.55e-09 s                  ; 3.31e-09 s                  ; Yes                        ; Yes                        ; 2.32 V                      ; 6.92e-07 V                  ; 2.33 V             ; -0.00265 V         ; 0.133 V                             ; 0.056 V                             ; 3.55e-09 s                 ; 3.31e-09 s                 ; Yes                       ; Yes                       ;
; systemoutput[1][0]  ; 2.5 V        ; 0 s                 ; 0 s                 ; 2.32 V                       ; 6.92e-07 V                   ; 2.35 V              ; -0.00996 V          ; 0.121 V                              ; 0.03 V                               ; 4.64e-10 s                  ; 4.47e-10 s                  ; Yes                        ; Yes                        ; 2.32 V                      ; 6.92e-07 V                  ; 2.35 V             ; -0.00996 V         ; 0.121 V                             ; 0.03 V                              ; 4.64e-10 s                 ; 4.47e-10 s                 ; Yes                       ; Yes                       ;
; systemoutput[1][1]  ; 2.5 V        ; 0 s                 ; 0 s                 ; 2.32 V                       ; 6.92e-07 V                   ; 2.33 V              ; -0.00265 V          ; 0.133 V                              ; 0.056 V                              ; 3.55e-09 s                  ; 3.31e-09 s                  ; Yes                        ; Yes                        ; 2.32 V                      ; 6.92e-07 V                  ; 2.33 V             ; -0.00265 V         ; 0.133 V                             ; 0.056 V                             ; 3.55e-09 s                 ; 3.31e-09 s                 ; Yes                       ; Yes                       ;
; systemoutput[1][2]  ; 2.5 V        ; 0 s                 ; 0 s                 ; 2.32 V                       ; 6.92e-07 V                   ; 2.35 V              ; -0.00996 V          ; 0.121 V                              ; 0.03 V                               ; 4.64e-10 s                  ; 4.47e-10 s                  ; Yes                        ; Yes                        ; 2.32 V                      ; 6.92e-07 V                  ; 2.35 V             ; -0.00996 V         ; 0.121 V                             ; 0.03 V                              ; 4.64e-10 s                 ; 4.47e-10 s                 ; Yes                       ; Yes                       ;
; systemoutput[1][3]  ; 2.5 V        ; 0 s                 ; 0 s                 ; 2.32 V                       ; 6.92e-07 V                   ; 2.35 V              ; -0.00996 V          ; 0.121 V                              ; 0.03 V                               ; 4.64e-10 s                  ; 4.47e-10 s                  ; Yes                        ; Yes                        ; 2.32 V                      ; 6.92e-07 V                  ; 2.35 V             ; -0.00996 V         ; 0.121 V                             ; 0.03 V                              ; 4.64e-10 s                 ; 4.47e-10 s                 ; Yes                       ; Yes                       ;
; systemoutput[1][4]  ; 2.5 V        ; 0 s                 ; 0 s                 ; 2.32 V                       ; 6.92e-07 V                   ; 2.35 V              ; -0.00996 V          ; 0.121 V                              ; 0.03 V                               ; 4.64e-10 s                  ; 4.47e-10 s                  ; Yes                        ; Yes                        ; 2.32 V                      ; 6.92e-07 V                  ; 2.35 V             ; -0.00996 V         ; 0.121 V                             ; 0.03 V                              ; 4.64e-10 s                 ; 4.47e-10 s                 ; Yes                       ; Yes                       ;
; systemoutput[1][5]  ; 2.5 V        ; 0 s                 ; 0 s                 ; 2.32 V                       ; 6.92e-07 V                   ; 2.35 V              ; -0.00996 V          ; 0.121 V                              ; 0.03 V                               ; 4.64e-10 s                  ; 4.47e-10 s                  ; Yes                        ; Yes                        ; 2.32 V                      ; 6.92e-07 V                  ; 2.35 V             ; -0.00996 V         ; 0.121 V                             ; 0.03 V                              ; 4.64e-10 s                 ; 4.47e-10 s                 ; Yes                       ; Yes                       ;
; systemoutput[1][6]  ; 2.5 V        ; 0 s                 ; 0 s                 ; 2.32 V                       ; 6.92e-07 V                   ; 2.35 V              ; -0.00996 V          ; 0.121 V                              ; 0.03 V                               ; 4.64e-10 s                  ; 4.47e-10 s                  ; Yes                        ; Yes                        ; 2.32 V                      ; 6.92e-07 V                  ; 2.35 V             ; -0.00996 V         ; 0.121 V                             ; 0.03 V                              ; 4.64e-10 s                 ; 4.47e-10 s                 ; Yes                       ; Yes                       ;
; systemoutput[1][7]  ; 2.5 V        ; 0 s                 ; 0 s                 ; 2.32 V                       ; 6.92e-07 V                   ; 2.35 V              ; -0.00996 V          ; 0.121 V                              ; 0.03 V                               ; 4.64e-10 s                  ; 4.47e-10 s                  ; Yes                        ; Yes                        ; 2.32 V                      ; 6.92e-07 V                  ; 2.35 V             ; -0.00996 V         ; 0.121 V                             ; 0.03 V                              ; 4.64e-10 s                 ; 4.47e-10 s                 ; Yes                       ; Yes                       ;
; systemoutput[1][8]  ; 2.5 V        ; 0 s                 ; 0 s                 ; 2.32 V                       ; 4.67e-07 V                   ; 2.35 V              ; -0.00942 V          ; 0.116 V                              ; 0.033 V                              ; 6.66e-10 s                  ; 6.27e-10 s                  ; Yes                        ; Yes                        ; 2.32 V                      ; 4.67e-07 V                  ; 2.35 V             ; -0.00942 V         ; 0.116 V                             ; 0.033 V                             ; 6.66e-10 s                 ; 6.27e-10 s                 ; Yes                       ; Yes                       ;
; systemoutput[1][9]  ; 2.5 V        ; 0 s                 ; 0 s                 ; 2.32 V                       ; 4.67e-07 V                   ; 2.35 V              ; -0.00942 V          ; 0.116 V                              ; 0.033 V                              ; 6.66e-10 s                  ; 6.27e-10 s                  ; Yes                        ; Yes                        ; 2.32 V                      ; 4.67e-07 V                  ; 2.35 V             ; -0.00942 V         ; 0.116 V                             ; 0.033 V                             ; 6.66e-10 s                 ; 6.27e-10 s                 ; Yes                       ; Yes                       ;
; systemoutput[1][10] ; 2.5 V        ; 0 s                 ; 0 s                 ; 2.32 V                       ; 6.92e-07 V                   ; 2.35 V              ; -0.00996 V          ; 0.121 V                              ; 0.03 V                               ; 4.64e-10 s                  ; 4.47e-10 s                  ; Yes                        ; Yes                        ; 2.32 V                      ; 6.92e-07 V                  ; 2.35 V             ; -0.00996 V         ; 0.121 V                             ; 0.03 V                              ; 4.64e-10 s                 ; 4.47e-10 s                 ; Yes                       ; Yes                       ;
; systemoutput[1][11] ; 2.5 V        ; 0 s                 ; 0 s                 ; 2.32 V                       ; 6.92e-07 V                   ; 2.35 V              ; -0.00996 V          ; 0.121 V                              ; 0.03 V                               ; 4.64e-10 s                  ; 4.47e-10 s                  ; Yes                        ; Yes                        ; 2.32 V                      ; 6.92e-07 V                  ; 2.35 V             ; -0.00996 V         ; 0.121 V                             ; 0.03 V                              ; 4.64e-10 s                 ; 4.47e-10 s                 ; Yes                       ; Yes                       ;
; systemoutput[1][12] ; 2.5 V        ; 0 s                 ; 0 s                 ; 2.32 V                       ; 6.92e-07 V                   ; 2.35 V              ; -0.00996 V          ; 0.121 V                              ; 0.03 V                               ; 4.64e-10 s                  ; 4.47e-10 s                  ; Yes                        ; Yes                        ; 2.32 V                      ; 6.92e-07 V                  ; 2.35 V             ; -0.00996 V         ; 0.121 V                             ; 0.03 V                              ; 4.64e-10 s                 ; 4.47e-10 s                 ; Yes                       ; Yes                       ;
; systemoutput[1][13] ; 2.5 V        ; 0 s                 ; 0 s                 ; 2.32 V                       ; 6.92e-07 V                   ; 2.35 V              ; -0.00996 V          ; 0.121 V                              ; 0.03 V                               ; 4.64e-10 s                  ; 4.47e-10 s                  ; Yes                        ; Yes                        ; 2.32 V                      ; 6.92e-07 V                  ; 2.35 V             ; -0.00996 V         ; 0.121 V                             ; 0.03 V                              ; 4.64e-10 s                 ; 4.47e-10 s                 ; Yes                       ; Yes                       ;
; systemoutput[1][14] ; 2.5 V        ; 0 s                 ; 0 s                 ; 2.32 V                       ; 6.92e-07 V                   ; 2.35 V              ; -0.00996 V          ; 0.121 V                              ; 0.03 V                               ; 4.64e-10 s                  ; 4.47e-10 s                  ; Yes                        ; Yes                        ; 2.32 V                      ; 6.92e-07 V                  ; 2.35 V             ; -0.00996 V         ; 0.121 V                             ; 0.03 V                              ; 4.64e-10 s                 ; 4.47e-10 s                 ; Yes                       ; Yes                       ;
; systemoutput[1][15] ; 2.5 V        ; 0 s                 ; 0 s                 ; 2.32 V                       ; 6.92e-07 V                   ; 2.35 V              ; -0.00996 V          ; 0.121 V                              ; 0.03 V                               ; 4.64e-10 s                  ; 4.47e-10 s                  ; Yes                        ; Yes                        ; 2.32 V                      ; 6.92e-07 V                  ; 2.35 V             ; -0.00996 V         ; 0.121 V                             ; 0.03 V                              ; 4.64e-10 s                 ; 4.47e-10 s                 ; Yes                       ; Yes                       ;
; systemoutput[1][16] ; 2.5 V        ; 0 s                 ; 0 s                 ; 2.32 V                       ; 4.67e-07 V                   ; 2.35 V              ; -0.00942 V          ; 0.116 V                              ; 0.033 V                              ; 6.66e-10 s                  ; 6.27e-10 s                  ; Yes                        ; Yes                        ; 2.32 V                      ; 4.67e-07 V                  ; 2.35 V             ; -0.00942 V         ; 0.116 V                             ; 0.033 V                             ; 6.66e-10 s                 ; 6.27e-10 s                 ; Yes                       ; Yes                       ;
; systemoutput[1][17] ; 2.5 V        ; 0 s                 ; 0 s                 ; 2.32 V                       ; 4.67e-07 V                   ; 2.35 V              ; -0.00942 V          ; 0.116 V                              ; 0.033 V                              ; 6.66e-10 s                  ; 6.27e-10 s                  ; Yes                        ; Yes                        ; 2.32 V                      ; 4.67e-07 V                  ; 2.35 V             ; -0.00942 V         ; 0.116 V                             ; 0.033 V                             ; 6.66e-10 s                 ; 6.27e-10 s                 ; Yes                       ; Yes                       ;
; systemoutput[1][18] ; 2.5 V        ; 0 s                 ; 0 s                 ; 2.32 V                       ; 4.67e-07 V                   ; 2.35 V              ; -0.00942 V          ; 0.116 V                              ; 0.033 V                              ; 6.66e-10 s                  ; 6.27e-10 s                  ; Yes                        ; Yes                        ; 2.32 V                      ; 4.67e-07 V                  ; 2.35 V             ; -0.00942 V         ; 0.116 V                             ; 0.033 V                             ; 6.66e-10 s                 ; 6.27e-10 s                 ; Yes                       ; Yes                       ;
; systemoutput[1][19] ; 2.5 V        ; 0 s                 ; 0 s                 ; 2.32 V                       ; 4.67e-07 V                   ; 2.35 V              ; -0.00942 V          ; 0.116 V                              ; 0.033 V                              ; 6.66e-10 s                  ; 6.27e-10 s                  ; Yes                        ; Yes                        ; 2.32 V                      ; 4.67e-07 V                  ; 2.35 V             ; -0.00942 V         ; 0.116 V                             ; 0.033 V                             ; 6.66e-10 s                 ; 6.27e-10 s                 ; Yes                       ; Yes                       ;
; systemoutput[1][20] ; 2.5 V        ; 0 s                 ; 0 s                 ; 2.32 V                       ; 6.92e-07 V                   ; 2.35 V              ; -0.00996 V          ; 0.121 V                              ; 0.03 V                               ; 4.64e-10 s                  ; 4.47e-10 s                  ; Yes                        ; Yes                        ; 2.32 V                      ; 6.92e-07 V                  ; 2.35 V             ; -0.00996 V         ; 0.121 V                             ; 0.03 V                              ; 4.64e-10 s                 ; 4.47e-10 s                 ; Yes                       ; Yes                       ;
; systemoutput[1][21] ; 2.5 V        ; 0 s                 ; 0 s                 ; 2.32 V                       ; 6.92e-07 V                   ; 2.35 V              ; -0.00996 V          ; 0.121 V                              ; 0.03 V                               ; 4.64e-10 s                  ; 4.47e-10 s                  ; Yes                        ; Yes                        ; 2.32 V                      ; 6.92e-07 V                  ; 2.35 V             ; -0.00996 V         ; 0.121 V                             ; 0.03 V                              ; 4.64e-10 s                 ; 4.47e-10 s                 ; Yes                       ; Yes                       ;
; systemoutput[1][22] ; 2.5 V        ; 0 s                 ; 0 s                 ; 2.32 V                       ; 6.92e-07 V                   ; 2.35 V              ; -0.00996 V          ; 0.121 V                              ; 0.03 V                               ; 4.64e-10 s                  ; 4.47e-10 s                  ; Yes                        ; Yes                        ; 2.32 V                      ; 6.92e-07 V                  ; 2.35 V             ; -0.00996 V         ; 0.121 V                             ; 0.03 V                              ; 4.64e-10 s                 ; 4.47e-10 s                 ; Yes                       ; Yes                       ;
; systemoutput[1][23] ; 2.5 V        ; 0 s                 ; 0 s                 ; 2.32 V                       ; 4.67e-07 V                   ; 2.35 V              ; -0.00942 V          ; 0.116 V                              ; 0.033 V                              ; 6.66e-10 s                  ; 6.27e-10 s                  ; Yes                        ; Yes                        ; 2.32 V                      ; 4.67e-07 V                  ; 2.35 V             ; -0.00942 V         ; 0.116 V                             ; 0.033 V                             ; 6.66e-10 s                 ; 6.27e-10 s                 ; Yes                       ; Yes                       ;
; systemoutput[1][24] ; 2.5 V        ; 0 s                 ; 0 s                 ; 2.32 V                       ; 6.92e-07 V                   ; 2.35 V              ; -0.00996 V          ; 0.121 V                              ; 0.03 V                               ; 4.64e-10 s                  ; 4.47e-10 s                  ; Yes                        ; Yes                        ; 2.32 V                      ; 6.92e-07 V                  ; 2.35 V             ; -0.00996 V         ; 0.121 V                             ; 0.03 V                              ; 4.64e-10 s                 ; 4.47e-10 s                 ; Yes                       ; Yes                       ;
; systemoutput[1][25] ; 2.5 V        ; 0 s                 ; 0 s                 ; 2.32 V                       ; 6.92e-07 V                   ; 2.35 V              ; -0.00996 V          ; 0.121 V                              ; 0.03 V                               ; 4.64e-10 s                  ; 4.47e-10 s                  ; Yes                        ; Yes                        ; 2.32 V                      ; 6.92e-07 V                  ; 2.35 V             ; -0.00996 V         ; 0.121 V                             ; 0.03 V                              ; 4.64e-10 s                 ; 4.47e-10 s                 ; Yes                       ; Yes                       ;
; systemoutput[1][26] ; 2.5 V        ; 0 s                 ; 0 s                 ; 2.32 V                       ; 6.92e-07 V                   ; 2.35 V              ; -0.00996 V          ; 0.121 V                              ; 0.03 V                               ; 4.64e-10 s                  ; 4.47e-10 s                  ; Yes                        ; Yes                        ; 2.32 V                      ; 6.92e-07 V                  ; 2.35 V             ; -0.00996 V         ; 0.121 V                             ; 0.03 V                              ; 4.64e-10 s                 ; 4.47e-10 s                 ; Yes                       ; Yes                       ;
; systemoutput[1][27] ; 2.5 V        ; 0 s                 ; 0 s                 ; 2.32 V                       ; 6.92e-07 V                   ; 2.35 V              ; -0.00996 V          ; 0.121 V                              ; 0.03 V                               ; 4.64e-10 s                  ; 4.47e-10 s                  ; Yes                        ; Yes                        ; 2.32 V                      ; 6.92e-07 V                  ; 2.35 V             ; -0.00996 V         ; 0.121 V                             ; 0.03 V                              ; 4.64e-10 s                 ; 4.47e-10 s                 ; Yes                       ; Yes                       ;
; systemoutput[1][28] ; 2.5 V        ; 0 s                 ; 0 s                 ; 2.32 V                       ; 6.92e-07 V                   ; 2.35 V              ; -0.00996 V          ; 0.121 V                              ; 0.03 V                               ; 4.64e-10 s                  ; 4.47e-10 s                  ; Yes                        ; Yes                        ; 2.32 V                      ; 6.92e-07 V                  ; 2.35 V             ; -0.00996 V         ; 0.121 V                             ; 0.03 V                              ; 4.64e-10 s                 ; 4.47e-10 s                 ; Yes                       ; Yes                       ;
; systemoutput[1][29] ; 2.5 V        ; 0 s                 ; 0 s                 ; 2.32 V                       ; 6.92e-07 V                   ; 2.35 V              ; -0.00996 V          ; 0.121 V                              ; 0.03 V                               ; 4.64e-10 s                  ; 4.47e-10 s                  ; Yes                        ; Yes                        ; 2.32 V                      ; 6.92e-07 V                  ; 2.35 V             ; -0.00996 V         ; 0.121 V                             ; 0.03 V                              ; 4.64e-10 s                 ; 4.47e-10 s                 ; Yes                       ; Yes                       ;
; systemoutput[1][30] ; 2.5 V        ; 0 s                 ; 0 s                 ; 2.32 V                       ; 6.92e-07 V                   ; 2.35 V              ; -0.00996 V          ; 0.121 V                              ; 0.03 V                               ; 4.64e-10 s                  ; 4.47e-10 s                  ; Yes                        ; Yes                        ; 2.32 V                      ; 6.92e-07 V                  ; 2.35 V             ; -0.00996 V         ; 0.121 V                             ; 0.03 V                              ; 4.64e-10 s                 ; 4.47e-10 s                 ; Yes                       ; Yes                       ;
; systemoutput[1][31] ; 2.5 V        ; 0 s                 ; 0 s                 ; 2.32 V                       ; 6.92e-07 V                   ; 2.35 V              ; -0.00996 V          ; 0.121 V                              ; 0.03 V                               ; 4.64e-10 s                  ; 4.47e-10 s                  ; Yes                        ; Yes                        ; 2.32 V                      ; 6.92e-07 V                  ; 2.35 V             ; -0.00996 V         ; 0.121 V                             ; 0.03 V                              ; 4.64e-10 s                 ; 4.47e-10 s                 ; Yes                       ; Yes                       ;
; ~ALTERA_DCLK~       ; 2.5 V        ; 0 s                 ; 0 s                 ; 2.32 V                       ; 3.75e-07 V                   ; 2.35 V              ; -0.0109 V           ; 0.084 V                              ; 0.027 V                              ; 4.31e-10 s                  ; 3.61e-10 s                  ; Yes                        ; Yes                        ; 2.32 V                      ; 3.75e-07 V                  ; 2.35 V             ; -0.0109 V          ; 0.084 V                             ; 0.027 V                             ; 4.31e-10 s                 ; 3.61e-10 s                 ; Yes                       ; Yes                       ;
; ~ALTERA_nCEO~       ; 2.5 V        ; 0 s                 ; 0 s                 ; 2.32 V                       ; 6.15e-07 V                   ; 2.35 V              ; -0.00712 V          ; 0.093 V                              ; 0.02 V                               ; 6.21e-10 s                  ; 7.9e-10 s                   ; Yes                        ; Yes                        ; 2.32 V                      ; 6.15e-07 V                  ; 2.35 V             ; -0.00712 V         ; 0.093 V                             ; 0.02 V                              ; 6.21e-10 s                 ; 7.9e-10 s                  ; Yes                       ; Yes                       ;
+---------------------+--------------+---------------------+---------------------+------------------------------+------------------------------+---------------------+---------------------+--------------------------------------+--------------------------------------+-----------------------------+-----------------------------+----------------------------+----------------------------+-----------------------------+-----------------------------+--------------------+--------------------+-------------------------------------+-------------------------------------+----------------------------+----------------------------+---------------------------+---------------------------+


+--------------------------------------------------------------------------------------------------------------------------------------------------------------------------------------------------------------------------------------------------------------------------------------------------------------------------------------------------------------------------------------------------------------------------------------------------------------------------------------------------------------------------------------------------------------------------------------------------------------------------------------------------------------------------------------------------+
; Signal Integrity Metrics (Fast 1200mv 0c Model)                                                                                                                                                                                                                                                                                                                                                                                                                                                                                                                                                                                                                                                  ;
+---------------------+--------------+---------------------+---------------------+------------------------------+------------------------------+---------------------+---------------------+--------------------------------------+--------------------------------------+-----------------------------+-----------------------------+----------------------------+----------------------------+-----------------------------+-----------------------------+--------------------+--------------------+-------------------------------------+-------------------------------------+----------------------------+----------------------------+---------------------------+---------------------------+
; Pin                 ; I/O Standard ; Board Delay on Rise ; Board Delay on Fall ; Steady State Voh at FPGA Pin ; Steady State Vol at FPGA Pin ; Voh Max at FPGA Pin ; Vol Min at FPGA Pin ; Ringback Voltage on Rise at FPGA Pin ; Ringback Voltage on Fall at FPGA Pin ; 10-90 Rise Time at FPGA Pin ; 90-10 Fall Time at FPGA Pin ; Monotonic Rise at FPGA Pin ; Monotonic Fall at FPGA Pin ; Steady State Voh at Far-end ; Steady State Vol at Far-end ; Voh Max at Far-end ; Vol Min at Far-end ; Ringback Voltage on Rise at Far-end ; Ringback Voltage on Fall at Far-end ; 10-90 Rise Time at Far-end ; 90-10 Fall Time at Far-end ; Monotonic Rise at Far-end ; Monotonic Fall at Far-end ;
+---------------------+--------------+---------------------+---------------------+------------------------------+------------------------------+---------------------+---------------------+--------------------------------------+--------------------------------------+-----------------------------+-----------------------------+----------------------------+----------------------------+-----------------------------+-----------------------------+--------------------+--------------------+-------------------------------------+-------------------------------------+----------------------------+----------------------------+---------------------------+---------------------------+
; systemoutput[0][0]  ; 2.5 V        ; 0 s                 ; 0 s                 ; 2.62 V                       ; 4.05e-08 V                   ; 2.72 V              ; -0.0349 V           ; 0.173 V                              ; 0.1 V                                ; 2.72e-10 s                  ; 2.69e-10 s                  ; Yes                        ; Yes                        ; 2.62 V                      ; 4.05e-08 V                  ; 2.72 V             ; -0.0349 V          ; 0.173 V                             ; 0.1 V                               ; 2.72e-10 s                 ; 2.69e-10 s                 ; Yes                       ; Yes                       ;
; systemoutput[0][1]  ; 2.5 V        ; 0 s                 ; 0 s                 ; 2.62 V                       ; 4.05e-08 V                   ; 2.64 V              ; -0.0113 V           ; 0.208 V                              ; 0.179 V                              ; 2.38e-09 s                  ; 2.23e-09 s                  ; No                         ; Yes                        ; 2.62 V                      ; 4.05e-08 V                  ; 2.64 V             ; -0.0113 V          ; 0.208 V                             ; 0.179 V                             ; 2.38e-09 s                 ; 2.23e-09 s                 ; No                        ; Yes                       ;
; systemoutput[0][2]  ; 2.5 V        ; 0 s                 ; 0 s                 ; 2.62 V                       ; 4.05e-08 V                   ; 2.72 V              ; -0.0349 V           ; 0.173 V                              ; 0.1 V                                ; 2.72e-10 s                  ; 2.69e-10 s                  ; Yes                        ; Yes                        ; 2.62 V                      ; 4.05e-08 V                  ; 2.72 V             ; -0.0349 V          ; 0.173 V                             ; 0.1 V                               ; 2.72e-10 s                 ; 2.69e-10 s                 ; Yes                       ; Yes                       ;
; systemoutput[0][3]  ; 2.5 V        ; 0 s                 ; 0 s                 ; 2.62 V                       ; 2.74e-08 V                   ; 2.73 V              ; -0.0384 V           ; 0.169 V                              ; 0.089 V                              ; 2.7e-10 s                   ; 2.62e-10 s                  ; Yes                        ; Yes                        ; 2.62 V                      ; 2.74e-08 V                  ; 2.73 V             ; -0.0384 V          ; 0.169 V                             ; 0.089 V                             ; 2.7e-10 s                  ; 2.62e-10 s                 ; Yes                       ; Yes                       ;
; systemoutput[0][4]  ; 2.5 V        ; 0 s                 ; 0 s                 ; 2.62 V                       ; 2.74e-08 V                   ; 2.73 V              ; -0.0384 V           ; 0.169 V                              ; 0.089 V                              ; 2.7e-10 s                   ; 2.62e-10 s                  ; Yes                        ; Yes                        ; 2.62 V                      ; 2.74e-08 V                  ; 2.73 V             ; -0.0384 V          ; 0.169 V                             ; 0.089 V                             ; 2.7e-10 s                  ; 2.62e-10 s                 ; Yes                       ; Yes                       ;
; systemoutput[0][5]  ; 2.5 V        ; 0 s                 ; 0 s                 ; 2.62 V                       ; 2.74e-08 V                   ; 2.64 V              ; -0.0117 V           ; 0.202 V                              ; 0.176 V                              ; 2.38e-09 s                  ; 2.22e-09 s                  ; No                         ; Yes                        ; 2.62 V                      ; 2.74e-08 V                  ; 2.64 V             ; -0.0117 V          ; 0.202 V                             ; 0.176 V                             ; 2.38e-09 s                 ; 2.22e-09 s                 ; No                        ; Yes                       ;
; systemoutput[0][6]  ; 2.5 V        ; 0 s                 ; 0 s                 ; 2.62 V                       ; 2.74e-08 V                   ; 2.73 V              ; -0.0384 V           ; 0.169 V                              ; 0.089 V                              ; 2.7e-10 s                   ; 2.62e-10 s                  ; Yes                        ; Yes                        ; 2.62 V                      ; 2.74e-08 V                  ; 2.73 V             ; -0.0384 V          ; 0.169 V                             ; 0.089 V                             ; 2.7e-10 s                  ; 2.62e-10 s                 ; Yes                       ; Yes                       ;
; systemoutput[0][7]  ; 2.5 V        ; 0 s                 ; 0 s                 ; 2.62 V                       ; 4.05e-08 V                   ; 2.72 V              ; -0.0349 V           ; 0.173 V                              ; 0.1 V                                ; 2.72e-10 s                  ; 2.69e-10 s                  ; Yes                        ; Yes                        ; 2.62 V                      ; 4.05e-08 V                  ; 2.72 V             ; -0.0349 V          ; 0.173 V                             ; 0.1 V                               ; 2.72e-10 s                 ; 2.69e-10 s                 ; Yes                       ; Yes                       ;
; systemoutput[0][8]  ; 2.5 V        ; 0 s                 ; 0 s                 ; 2.62 V                       ; 2.74e-08 V                   ; 2.73 V              ; -0.0384 V           ; 0.169 V                              ; 0.089 V                              ; 2.7e-10 s                   ; 2.62e-10 s                  ; Yes                        ; Yes                        ; 2.62 V                      ; 2.74e-08 V                  ; 2.73 V             ; -0.0384 V          ; 0.169 V                             ; 0.089 V                             ; 2.7e-10 s                  ; 2.62e-10 s                 ; Yes                       ; Yes                       ;
; systemoutput[0][9]  ; 2.5 V        ; 0 s                 ; 0 s                 ; 2.62 V                       ; 2.74e-08 V                   ; 2.71 V              ; -0.0317 V           ; 0.148 V                              ; 0.064 V                              ; 4.51e-10 s                  ; 4.15e-10 s                  ; No                         ; Yes                        ; 2.62 V                      ; 2.74e-08 V                  ; 2.71 V             ; -0.0317 V          ; 0.148 V                             ; 0.064 V                             ; 4.51e-10 s                 ; 4.15e-10 s                 ; No                        ; Yes                       ;
; systemoutput[0][10] ; 2.5 V        ; 0 s                 ; 0 s                 ; 2.62 V                       ; 2.74e-08 V                   ; 2.71 V              ; -0.0317 V           ; 0.148 V                              ; 0.064 V                              ; 4.51e-10 s                  ; 4.15e-10 s                  ; No                         ; Yes                        ; 2.62 V                      ; 2.74e-08 V                  ; 2.71 V             ; -0.0317 V          ; 0.148 V                             ; 0.064 V                             ; 4.51e-10 s                 ; 4.15e-10 s                 ; No                        ; Yes                       ;
; systemoutput[0][11] ; 2.5 V        ; 0 s                 ; 0 s                 ; 2.62 V                       ; 2.74e-08 V                   ; 2.71 V              ; -0.0317 V           ; 0.148 V                              ; 0.064 V                              ; 4.51e-10 s                  ; 4.15e-10 s                  ; No                         ; Yes                        ; 2.62 V                      ; 2.74e-08 V                  ; 2.71 V             ; -0.0317 V          ; 0.148 V                             ; 0.064 V                             ; 4.51e-10 s                 ; 4.15e-10 s                 ; No                        ; Yes                       ;
; systemoutput[0][12] ; 2.5 V        ; 0 s                 ; 0 s                 ; 2.62 V                       ; 2.74e-08 V                   ; 2.71 V              ; -0.0317 V           ; 0.148 V                              ; 0.064 V                              ; 4.51e-10 s                  ; 4.15e-10 s                  ; No                         ; Yes                        ; 2.62 V                      ; 2.74e-08 V                  ; 2.71 V             ; -0.0317 V          ; 0.148 V                             ; 0.064 V                             ; 4.51e-10 s                 ; 4.15e-10 s                 ; No                        ; Yes                       ;
; systemoutput[0][13] ; 2.5 V        ; 0 s                 ; 0 s                 ; 2.62 V                       ; 2.74e-08 V                   ; 2.64 V              ; -0.0117 V           ; 0.202 V                              ; 0.176 V                              ; 2.38e-09 s                  ; 2.22e-09 s                  ; No                         ; Yes                        ; 2.62 V                      ; 2.74e-08 V                  ; 2.64 V             ; -0.0117 V          ; 0.202 V                             ; 0.176 V                             ; 2.38e-09 s                 ; 2.22e-09 s                 ; No                        ; Yes                       ;
; systemoutput[0][14] ; 2.5 V        ; 0 s                 ; 0 s                 ; 2.62 V                       ; 2.74e-08 V                   ; 2.64 V              ; -0.0117 V           ; 0.202 V                              ; 0.176 V                              ; 2.38e-09 s                  ; 2.22e-09 s                  ; No                         ; Yes                        ; 2.62 V                      ; 2.74e-08 V                  ; 2.64 V             ; -0.0117 V          ; 0.202 V                             ; 0.176 V                             ; 2.38e-09 s                 ; 2.22e-09 s                 ; No                        ; Yes                       ;
; systemoutput[0][15] ; 2.5 V        ; 0 s                 ; 0 s                 ; 2.62 V                       ; 4.05e-08 V                   ; 2.72 V              ; -0.0349 V           ; 0.173 V                              ; 0.1 V                                ; 2.72e-10 s                  ; 2.69e-10 s                  ; Yes                        ; Yes                        ; 2.62 V                      ; 4.05e-08 V                  ; 2.72 V             ; -0.0349 V          ; 0.173 V                             ; 0.1 V                               ; 2.72e-10 s                 ; 2.69e-10 s                 ; Yes                       ; Yes                       ;
; systemoutput[0][16] ; 2.5 V        ; 0 s                 ; 0 s                 ; 2.62 V                       ; 2.74e-08 V                   ; 2.71 V              ; -0.0317 V           ; 0.148 V                              ; 0.064 V                              ; 4.51e-10 s                  ; 4.15e-10 s                  ; No                         ; Yes                        ; 2.62 V                      ; 2.74e-08 V                  ; 2.71 V             ; -0.0317 V          ; 0.148 V                             ; 0.064 V                             ; 4.51e-10 s                 ; 4.15e-10 s                 ; No                        ; Yes                       ;
; systemoutput[0][17] ; 2.5 V        ; 0 s                 ; 0 s                 ; 2.62 V                       ; 2.74e-08 V                   ; 2.71 V              ; -0.0317 V           ; 0.148 V                              ; 0.064 V                              ; 4.51e-10 s                  ; 4.15e-10 s                  ; No                         ; Yes                        ; 2.62 V                      ; 2.74e-08 V                  ; 2.71 V             ; -0.0317 V          ; 0.148 V                             ; 0.064 V                             ; 4.51e-10 s                 ; 4.15e-10 s                 ; No                        ; Yes                       ;
; systemoutput[0][18] ; 2.5 V        ; 0 s                 ; 0 s                 ; 2.62 V                       ; 2.74e-08 V                   ; 2.71 V              ; -0.0317 V           ; 0.148 V                              ; 0.064 V                              ; 4.51e-10 s                  ; 4.15e-10 s                  ; No                         ; Yes                        ; 2.62 V                      ; 2.74e-08 V                  ; 2.71 V             ; -0.0317 V          ; 0.148 V                             ; 0.064 V                             ; 4.51e-10 s                 ; 4.15e-10 s                 ; No                        ; Yes                       ;
; systemoutput[0][19] ; 2.5 V        ; 0 s                 ; 0 s                 ; 2.62 V                       ; 2.74e-08 V                   ; 2.71 V              ; -0.0317 V           ; 0.148 V                              ; 0.064 V                              ; 4.51e-10 s                  ; 4.15e-10 s                  ; No                         ; Yes                        ; 2.62 V                      ; 2.74e-08 V                  ; 2.71 V             ; -0.0317 V          ; 0.148 V                             ; 0.064 V                             ; 4.51e-10 s                 ; 4.15e-10 s                 ; No                        ; Yes                       ;
; systemoutput[0][20] ; 2.5 V        ; 0 s                 ; 0 s                 ; 2.62 V                       ; 2.74e-08 V                   ; 2.71 V              ; -0.0317 V           ; 0.148 V                              ; 0.064 V                              ; 4.51e-10 s                  ; 4.15e-10 s                  ; No                         ; Yes                        ; 2.62 V                      ; 2.74e-08 V                  ; 2.71 V             ; -0.0317 V          ; 0.148 V                             ; 0.064 V                             ; 4.51e-10 s                 ; 4.15e-10 s                 ; No                        ; Yes                       ;
; systemoutput[0][21] ; 2.5 V        ; 0 s                 ; 0 s                 ; 2.62 V                       ; 2.74e-08 V                   ; 2.71 V              ; -0.0317 V           ; 0.148 V                              ; 0.064 V                              ; 4.51e-10 s                  ; 4.15e-10 s                  ; No                         ; Yes                        ; 2.62 V                      ; 2.74e-08 V                  ; 2.71 V             ; -0.0317 V          ; 0.148 V                             ; 0.064 V                             ; 4.51e-10 s                 ; 4.15e-10 s                 ; No                        ; Yes                       ;
; systemoutput[0][22] ; 2.5 V        ; 0 s                 ; 0 s                 ; 2.62 V                       ; 2.74e-08 V                   ; 2.71 V              ; -0.0317 V           ; 0.148 V                              ; 0.064 V                              ; 4.51e-10 s                  ; 4.15e-10 s                  ; No                         ; Yes                        ; 2.62 V                      ; 2.74e-08 V                  ; 2.71 V             ; -0.0317 V          ; 0.148 V                             ; 0.064 V                             ; 4.51e-10 s                 ; 4.15e-10 s                 ; No                        ; Yes                       ;
; systemoutput[0][23] ; 2.5 V        ; 0 s                 ; 0 s                 ; 2.62 V                       ; 2.74e-08 V                   ; 2.71 V              ; -0.0317 V           ; 0.148 V                              ; 0.064 V                              ; 4.51e-10 s                  ; 4.15e-10 s                  ; No                         ; Yes                        ; 2.62 V                      ; 2.74e-08 V                  ; 2.71 V             ; -0.0317 V          ; 0.148 V                             ; 0.064 V                             ; 4.51e-10 s                 ; 4.15e-10 s                 ; No                        ; Yes                       ;
; systemoutput[0][24] ; 2.5 V        ; 0 s                 ; 0 s                 ; 2.62 V                       ; 2.74e-08 V                   ; 2.71 V              ; -0.0317 V           ; 0.148 V                              ; 0.064 V                              ; 4.51e-10 s                  ; 4.15e-10 s                  ; No                         ; Yes                        ; 2.62 V                      ; 2.74e-08 V                  ; 2.71 V             ; -0.0317 V          ; 0.148 V                             ; 0.064 V                             ; 4.51e-10 s                 ; 4.15e-10 s                 ; No                        ; Yes                       ;
; systemoutput[0][25] ; 2.5 V        ; 0 s                 ; 0 s                 ; 2.62 V                       ; 2.74e-08 V                   ; 2.73 V              ; -0.0384 V           ; 0.169 V                              ; 0.089 V                              ; 2.7e-10 s                   ; 2.62e-10 s                  ; Yes                        ; Yes                        ; 2.62 V                      ; 2.74e-08 V                  ; 2.73 V             ; -0.0384 V          ; 0.169 V                             ; 0.089 V                             ; 2.7e-10 s                  ; 2.62e-10 s                 ; Yes                       ; Yes                       ;
; systemoutput[0][26] ; 2.5 V        ; 0 s                 ; 0 s                 ; 2.62 V                       ; 4.05e-08 V                   ; 2.64 V              ; -0.0113 V           ; 0.208 V                              ; 0.179 V                              ; 2.38e-09 s                  ; 2.23e-09 s                  ; No                         ; Yes                        ; 2.62 V                      ; 4.05e-08 V                  ; 2.64 V             ; -0.0113 V          ; 0.208 V                             ; 0.179 V                             ; 2.38e-09 s                 ; 2.23e-09 s                 ; No                        ; Yes                       ;
; systemoutput[0][27] ; 2.5 V        ; 0 s                 ; 0 s                 ; 2.62 V                       ; 4.05e-08 V                   ; 2.72 V              ; -0.0349 V           ; 0.173 V                              ; 0.1 V                                ; 2.72e-10 s                  ; 2.69e-10 s                  ; Yes                        ; Yes                        ; 2.62 V                      ; 4.05e-08 V                  ; 2.72 V             ; -0.0349 V          ; 0.173 V                             ; 0.1 V                               ; 2.72e-10 s                 ; 2.69e-10 s                 ; Yes                       ; Yes                       ;
; systemoutput[0][28] ; 2.5 V        ; 0 s                 ; 0 s                 ; 2.62 V                       ; 4.05e-08 V                   ; 2.72 V              ; -0.0349 V           ; 0.173 V                              ; 0.1 V                                ; 2.72e-10 s                  ; 2.69e-10 s                  ; Yes                        ; Yes                        ; 2.62 V                      ; 4.05e-08 V                  ; 2.72 V             ; -0.0349 V          ; 0.173 V                             ; 0.1 V                               ; 2.72e-10 s                 ; 2.69e-10 s                 ; Yes                       ; Yes                       ;
; systemoutput[0][29] ; 2.5 V        ; 0 s                 ; 0 s                 ; 2.62 V                       ; 4.05e-08 V                   ; 2.72 V              ; -0.0349 V           ; 0.173 V                              ; 0.1 V                                ; 2.72e-10 s                  ; 2.69e-10 s                  ; Yes                        ; Yes                        ; 2.62 V                      ; 4.05e-08 V                  ; 2.72 V             ; -0.0349 V          ; 0.173 V                             ; 0.1 V                               ; 2.72e-10 s                 ; 2.69e-10 s                 ; Yes                       ; Yes                       ;
; systemoutput[0][30] ; 2.5 V        ; 0 s                 ; 0 s                 ; 2.62 V                       ; 4.05e-08 V                   ; 2.72 V              ; -0.0349 V           ; 0.173 V                              ; 0.1 V                                ; 2.72e-10 s                  ; 2.69e-10 s                  ; Yes                        ; Yes                        ; 2.62 V                      ; 4.05e-08 V                  ; 2.72 V             ; -0.0349 V          ; 0.173 V                             ; 0.1 V                               ; 2.72e-10 s                 ; 2.69e-10 s                 ; Yes                       ; Yes                       ;
; systemoutput[0][31] ; 2.5 V        ; 0 s                 ; 0 s                 ; 2.62 V                       ; 4.05e-08 V                   ; 2.64 V              ; -0.0113 V           ; 0.208 V                              ; 0.179 V                              ; 2.38e-09 s                  ; 2.23e-09 s                  ; No                         ; Yes                        ; 2.62 V                      ; 4.05e-08 V                  ; 2.64 V             ; -0.0113 V          ; 0.208 V                             ; 0.179 V                             ; 2.38e-09 s                 ; 2.23e-09 s                 ; No                        ; Yes                       ;
; systemoutput[1][0]  ; 2.5 V        ; 0 s                 ; 0 s                 ; 2.62 V                       ; 4.05e-08 V                   ; 2.72 V              ; -0.0349 V           ; 0.173 V                              ; 0.1 V                                ; 2.72e-10 s                  ; 2.69e-10 s                  ; Yes                        ; Yes                        ; 2.62 V                      ; 4.05e-08 V                  ; 2.72 V             ; -0.0349 V          ; 0.173 V                             ; 0.1 V                               ; 2.72e-10 s                 ; 2.69e-10 s                 ; Yes                       ; Yes                       ;
; systemoutput[1][1]  ; 2.5 V        ; 0 s                 ; 0 s                 ; 2.62 V                       ; 4.05e-08 V                   ; 2.64 V              ; -0.0113 V           ; 0.208 V                              ; 0.179 V                              ; 2.38e-09 s                  ; 2.23e-09 s                  ; No                         ; Yes                        ; 2.62 V                      ; 4.05e-08 V                  ; 2.64 V             ; -0.0113 V          ; 0.208 V                             ; 0.179 V                             ; 2.38e-09 s                 ; 2.23e-09 s                 ; No                        ; Yes                       ;
; systemoutput[1][2]  ; 2.5 V        ; 0 s                 ; 0 s                 ; 2.62 V                       ; 4.05e-08 V                   ; 2.72 V              ; -0.0349 V           ; 0.173 V                              ; 0.1 V                                ; 2.72e-10 s                  ; 2.69e-10 s                  ; Yes                        ; Yes                        ; 2.62 V                      ; 4.05e-08 V                  ; 2.72 V             ; -0.0349 V          ; 0.173 V                             ; 0.1 V                               ; 2.72e-10 s                 ; 2.69e-10 s                 ; Yes                       ; Yes                       ;
; systemoutput[1][3]  ; 2.5 V        ; 0 s                 ; 0 s                 ; 2.62 V                       ; 4.05e-08 V                   ; 2.72 V              ; -0.0349 V           ; 0.173 V                              ; 0.1 V                                ; 2.72e-10 s                  ; 2.69e-10 s                  ; Yes                        ; Yes                        ; 2.62 V                      ; 4.05e-08 V                  ; 2.72 V             ; -0.0349 V          ; 0.173 V                             ; 0.1 V                               ; 2.72e-10 s                 ; 2.69e-10 s                 ; Yes                       ; Yes                       ;
; systemoutput[1][4]  ; 2.5 V        ; 0 s                 ; 0 s                 ; 2.62 V                       ; 4.05e-08 V                   ; 2.72 V              ; -0.0349 V           ; 0.173 V                              ; 0.1 V                                ; 2.72e-10 s                  ; 2.69e-10 s                  ; Yes                        ; Yes                        ; 2.62 V                      ; 4.05e-08 V                  ; 2.72 V             ; -0.0349 V          ; 0.173 V                             ; 0.1 V                               ; 2.72e-10 s                 ; 2.69e-10 s                 ; Yes                       ; Yes                       ;
; systemoutput[1][5]  ; 2.5 V        ; 0 s                 ; 0 s                 ; 2.62 V                       ; 4.05e-08 V                   ; 2.72 V              ; -0.0349 V           ; 0.173 V                              ; 0.1 V                                ; 2.72e-10 s                  ; 2.69e-10 s                  ; Yes                        ; Yes                        ; 2.62 V                      ; 4.05e-08 V                  ; 2.72 V             ; -0.0349 V          ; 0.173 V                             ; 0.1 V                               ; 2.72e-10 s                 ; 2.69e-10 s                 ; Yes                       ; Yes                       ;
; systemoutput[1][6]  ; 2.5 V        ; 0 s                 ; 0 s                 ; 2.62 V                       ; 4.05e-08 V                   ; 2.72 V              ; -0.0349 V           ; 0.173 V                              ; 0.1 V                                ; 2.72e-10 s                  ; 2.69e-10 s                  ; Yes                        ; Yes                        ; 2.62 V                      ; 4.05e-08 V                  ; 2.72 V             ; -0.0349 V          ; 0.173 V                             ; 0.1 V                               ; 2.72e-10 s                 ; 2.69e-10 s                 ; Yes                       ; Yes                       ;
; systemoutput[1][7]  ; 2.5 V        ; 0 s                 ; 0 s                 ; 2.62 V                       ; 4.05e-08 V                   ; 2.72 V              ; -0.0349 V           ; 0.173 V                              ; 0.1 V                                ; 2.72e-10 s                  ; 2.69e-10 s                  ; Yes                        ; Yes                        ; 2.62 V                      ; 4.05e-08 V                  ; 2.72 V             ; -0.0349 V          ; 0.173 V                             ; 0.1 V                               ; 2.72e-10 s                 ; 2.69e-10 s                 ; Yes                       ; Yes                       ;
; systemoutput[1][8]  ; 2.5 V        ; 0 s                 ; 0 s                 ; 2.62 V                       ; 2.74e-08 V                   ; 2.71 V              ; -0.0317 V           ; 0.148 V                              ; 0.064 V                              ; 4.51e-10 s                  ; 4.15e-10 s                  ; No                         ; Yes                        ; 2.62 V                      ; 2.74e-08 V                  ; 2.71 V             ; -0.0317 V          ; 0.148 V                             ; 0.064 V                             ; 4.51e-10 s                 ; 4.15e-10 s                 ; No                        ; Yes                       ;
; systemoutput[1][9]  ; 2.5 V        ; 0 s                 ; 0 s                 ; 2.62 V                       ; 2.74e-08 V                   ; 2.71 V              ; -0.0317 V           ; 0.148 V                              ; 0.064 V                              ; 4.51e-10 s                  ; 4.15e-10 s                  ; No                         ; Yes                        ; 2.62 V                      ; 2.74e-08 V                  ; 2.71 V             ; -0.0317 V          ; 0.148 V                             ; 0.064 V                             ; 4.51e-10 s                 ; 4.15e-10 s                 ; No                        ; Yes                       ;
; systemoutput[1][10] ; 2.5 V        ; 0 s                 ; 0 s                 ; 2.62 V                       ; 4.05e-08 V                   ; 2.72 V              ; -0.0349 V           ; 0.173 V                              ; 0.1 V                                ; 2.72e-10 s                  ; 2.69e-10 s                  ; Yes                        ; Yes                        ; 2.62 V                      ; 4.05e-08 V                  ; 2.72 V             ; -0.0349 V          ; 0.173 V                             ; 0.1 V                               ; 2.72e-10 s                 ; 2.69e-10 s                 ; Yes                       ; Yes                       ;
; systemoutput[1][11] ; 2.5 V        ; 0 s                 ; 0 s                 ; 2.62 V                       ; 4.05e-08 V                   ; 2.72 V              ; -0.0349 V           ; 0.173 V                              ; 0.1 V                                ; 2.72e-10 s                  ; 2.69e-10 s                  ; Yes                        ; Yes                        ; 2.62 V                      ; 4.05e-08 V                  ; 2.72 V             ; -0.0349 V          ; 0.173 V                             ; 0.1 V                               ; 2.72e-10 s                 ; 2.69e-10 s                 ; Yes                       ; Yes                       ;
; systemoutput[1][12] ; 2.5 V        ; 0 s                 ; 0 s                 ; 2.62 V                       ; 4.05e-08 V                   ; 2.72 V              ; -0.0349 V           ; 0.173 V                              ; 0.1 V                                ; 2.72e-10 s                  ; 2.69e-10 s                  ; Yes                        ; Yes                        ; 2.62 V                      ; 4.05e-08 V                  ; 2.72 V             ; -0.0349 V          ; 0.173 V                             ; 0.1 V                               ; 2.72e-10 s                 ; 2.69e-10 s                 ; Yes                       ; Yes                       ;
; systemoutput[1][13] ; 2.5 V        ; 0 s                 ; 0 s                 ; 2.62 V                       ; 4.05e-08 V                   ; 2.72 V              ; -0.0349 V           ; 0.173 V                              ; 0.1 V                                ; 2.72e-10 s                  ; 2.69e-10 s                  ; Yes                        ; Yes                        ; 2.62 V                      ; 4.05e-08 V                  ; 2.72 V             ; -0.0349 V          ; 0.173 V                             ; 0.1 V                               ; 2.72e-10 s                 ; 2.69e-10 s                 ; Yes                       ; Yes                       ;
; systemoutput[1][14] ; 2.5 V        ; 0 s                 ; 0 s                 ; 2.62 V                       ; 4.05e-08 V                   ; 2.72 V              ; -0.0349 V           ; 0.173 V                              ; 0.1 V                                ; 2.72e-10 s                  ; 2.69e-10 s                  ; Yes                        ; Yes                        ; 2.62 V                      ; 4.05e-08 V                  ; 2.72 V             ; -0.0349 V          ; 0.173 V                             ; 0.1 V                               ; 2.72e-10 s                 ; 2.69e-10 s                 ; Yes                       ; Yes                       ;
; systemoutput[1][15] ; 2.5 V        ; 0 s                 ; 0 s                 ; 2.62 V                       ; 4.05e-08 V                   ; 2.72 V              ; -0.0349 V           ; 0.173 V                              ; 0.1 V                                ; 2.72e-10 s                  ; 2.69e-10 s                  ; Yes                        ; Yes                        ; 2.62 V                      ; 4.05e-08 V                  ; 2.72 V             ; -0.0349 V          ; 0.173 V                             ; 0.1 V                               ; 2.72e-10 s                 ; 2.69e-10 s                 ; Yes                       ; Yes                       ;
; systemoutput[1][16] ; 2.5 V        ; 0 s                 ; 0 s                 ; 2.62 V                       ; 2.74e-08 V                   ; 2.71 V              ; -0.0317 V           ; 0.148 V                              ; 0.064 V                              ; 4.51e-10 s                  ; 4.15e-10 s                  ; No                         ; Yes                        ; 2.62 V                      ; 2.74e-08 V                  ; 2.71 V             ; -0.0317 V          ; 0.148 V                             ; 0.064 V                             ; 4.51e-10 s                 ; 4.15e-10 s                 ; No                        ; Yes                       ;
; systemoutput[1][17] ; 2.5 V        ; 0 s                 ; 0 s                 ; 2.62 V                       ; 2.74e-08 V                   ; 2.71 V              ; -0.0317 V           ; 0.148 V                              ; 0.064 V                              ; 4.51e-10 s                  ; 4.15e-10 s                  ; No                         ; Yes                        ; 2.62 V                      ; 2.74e-08 V                  ; 2.71 V             ; -0.0317 V          ; 0.148 V                             ; 0.064 V                             ; 4.51e-10 s                 ; 4.15e-10 s                 ; No                        ; Yes                       ;
; systemoutput[1][18] ; 2.5 V        ; 0 s                 ; 0 s                 ; 2.62 V                       ; 2.74e-08 V                   ; 2.71 V              ; -0.0317 V           ; 0.148 V                              ; 0.064 V                              ; 4.51e-10 s                  ; 4.15e-10 s                  ; No                         ; Yes                        ; 2.62 V                      ; 2.74e-08 V                  ; 2.71 V             ; -0.0317 V          ; 0.148 V                             ; 0.064 V                             ; 4.51e-10 s                 ; 4.15e-10 s                 ; No                        ; Yes                       ;
; systemoutput[1][19] ; 2.5 V        ; 0 s                 ; 0 s                 ; 2.62 V                       ; 2.74e-08 V                   ; 2.71 V              ; -0.0317 V           ; 0.148 V                              ; 0.064 V                              ; 4.51e-10 s                  ; 4.15e-10 s                  ; No                         ; Yes                        ; 2.62 V                      ; 2.74e-08 V                  ; 2.71 V             ; -0.0317 V          ; 0.148 V                             ; 0.064 V                             ; 4.51e-10 s                 ; 4.15e-10 s                 ; No                        ; Yes                       ;
; systemoutput[1][20] ; 2.5 V        ; 0 s                 ; 0 s                 ; 2.62 V                       ; 4.05e-08 V                   ; 2.72 V              ; -0.0349 V           ; 0.173 V                              ; 0.1 V                                ; 2.72e-10 s                  ; 2.69e-10 s                  ; Yes                        ; Yes                        ; 2.62 V                      ; 4.05e-08 V                  ; 2.72 V             ; -0.0349 V          ; 0.173 V                             ; 0.1 V                               ; 2.72e-10 s                 ; 2.69e-10 s                 ; Yes                       ; Yes                       ;
; systemoutput[1][21] ; 2.5 V        ; 0 s                 ; 0 s                 ; 2.62 V                       ; 4.05e-08 V                   ; 2.72 V              ; -0.0349 V           ; 0.173 V                              ; 0.1 V                                ; 2.72e-10 s                  ; 2.69e-10 s                  ; Yes                        ; Yes                        ; 2.62 V                      ; 4.05e-08 V                  ; 2.72 V             ; -0.0349 V          ; 0.173 V                             ; 0.1 V                               ; 2.72e-10 s                 ; 2.69e-10 s                 ; Yes                       ; Yes                       ;
; systemoutput[1][22] ; 2.5 V        ; 0 s                 ; 0 s                 ; 2.62 V                       ; 4.05e-08 V                   ; 2.72 V              ; -0.0349 V           ; 0.173 V                              ; 0.1 V                                ; 2.72e-10 s                  ; 2.69e-10 s                  ; Yes                        ; Yes                        ; 2.62 V                      ; 4.05e-08 V                  ; 2.72 V             ; -0.0349 V          ; 0.173 V                             ; 0.1 V                               ; 2.72e-10 s                 ; 2.69e-10 s                 ; Yes                       ; Yes                       ;
; systemoutput[1][23] ; 2.5 V        ; 0 s                 ; 0 s                 ; 2.62 V                       ; 2.74e-08 V                   ; 2.71 V              ; -0.0317 V           ; 0.148 V                              ; 0.064 V                              ; 4.51e-10 s                  ; 4.15e-10 s                  ; No                         ; Yes                        ; 2.62 V                      ; 2.74e-08 V                  ; 2.71 V             ; -0.0317 V          ; 0.148 V                             ; 0.064 V                             ; 4.51e-10 s                 ; 4.15e-10 s                 ; No                        ; Yes                       ;
; systemoutput[1][24] ; 2.5 V        ; 0 s                 ; 0 s                 ; 2.62 V                       ; 4.05e-08 V                   ; 2.72 V              ; -0.0349 V           ; 0.173 V                              ; 0.1 V                                ; 2.72e-10 s                  ; 2.69e-10 s                  ; Yes                        ; Yes                        ; 2.62 V                      ; 4.05e-08 V                  ; 2.72 V             ; -0.0349 V          ; 0.173 V                             ; 0.1 V                               ; 2.72e-10 s                 ; 2.69e-10 s                 ; Yes                       ; Yes                       ;
; systemoutput[1][25] ; 2.5 V        ; 0 s                 ; 0 s                 ; 2.62 V                       ; 4.05e-08 V                   ; 2.72 V              ; -0.0349 V           ; 0.173 V                              ; 0.1 V                                ; 2.72e-10 s                  ; 2.69e-10 s                  ; Yes                        ; Yes                        ; 2.62 V                      ; 4.05e-08 V                  ; 2.72 V             ; -0.0349 V          ; 0.173 V                             ; 0.1 V                               ; 2.72e-10 s                 ; 2.69e-10 s                 ; Yes                       ; Yes                       ;
; systemoutput[1][26] ; 2.5 V        ; 0 s                 ; 0 s                 ; 2.62 V                       ; 4.05e-08 V                   ; 2.72 V              ; -0.0349 V           ; 0.173 V                              ; 0.1 V                                ; 2.72e-10 s                  ; 2.69e-10 s                  ; Yes                        ; Yes                        ; 2.62 V                      ; 4.05e-08 V                  ; 2.72 V             ; -0.0349 V          ; 0.173 V                             ; 0.1 V                               ; 2.72e-10 s                 ; 2.69e-10 s                 ; Yes                       ; Yes                       ;
; systemoutput[1][27] ; 2.5 V        ; 0 s                 ; 0 s                 ; 2.62 V                       ; 4.05e-08 V                   ; 2.72 V              ; -0.0349 V           ; 0.173 V                              ; 0.1 V                                ; 2.72e-10 s                  ; 2.69e-10 s                  ; Yes                        ; Yes                        ; 2.62 V                      ; 4.05e-08 V                  ; 2.72 V             ; -0.0349 V          ; 0.173 V                             ; 0.1 V                               ; 2.72e-10 s                 ; 2.69e-10 s                 ; Yes                       ; Yes                       ;
; systemoutput[1][28] ; 2.5 V        ; 0 s                 ; 0 s                 ; 2.62 V                       ; 4.05e-08 V                   ; 2.72 V              ; -0.0349 V           ; 0.173 V                              ; 0.1 V                                ; 2.72e-10 s                  ; 2.69e-10 s                  ; Yes                        ; Yes                        ; 2.62 V                      ; 4.05e-08 V                  ; 2.72 V             ; -0.0349 V          ; 0.173 V                             ; 0.1 V                               ; 2.72e-10 s                 ; 2.69e-10 s                 ; Yes                       ; Yes                       ;
; systemoutput[1][29] ; 2.5 V        ; 0 s                 ; 0 s                 ; 2.62 V                       ; 4.05e-08 V                   ; 2.72 V              ; -0.0349 V           ; 0.173 V                              ; 0.1 V                                ; 2.72e-10 s                  ; 2.69e-10 s                  ; Yes                        ; Yes                        ; 2.62 V                      ; 4.05e-08 V                  ; 2.72 V             ; -0.0349 V          ; 0.173 V                             ; 0.1 V                               ; 2.72e-10 s                 ; 2.69e-10 s                 ; Yes                       ; Yes                       ;
; systemoutput[1][30] ; 2.5 V        ; 0 s                 ; 0 s                 ; 2.62 V                       ; 4.05e-08 V                   ; 2.72 V              ; -0.0349 V           ; 0.173 V                              ; 0.1 V                                ; 2.72e-10 s                  ; 2.69e-10 s                  ; Yes                        ; Yes                        ; 2.62 V                      ; 4.05e-08 V                  ; 2.72 V             ; -0.0349 V          ; 0.173 V                             ; 0.1 V                               ; 2.72e-10 s                 ; 2.69e-10 s                 ; Yes                       ; Yes                       ;
; systemoutput[1][31] ; 2.5 V        ; 0 s                 ; 0 s                 ; 2.62 V                       ; 4.05e-08 V                   ; 2.72 V              ; -0.0349 V           ; 0.173 V                              ; 0.1 V                                ; 2.72e-10 s                  ; 2.69e-10 s                  ; Yes                        ; Yes                        ; 2.62 V                      ; 4.05e-08 V                  ; 2.72 V             ; -0.0349 V          ; 0.173 V                             ; 0.1 V                               ; 2.72e-10 s                 ; 2.69e-10 s                 ; Yes                       ; Yes                       ;
; ~ALTERA_DCLK~       ; 2.5 V        ; 0 s                 ; 0 s                 ; 2.62 V                       ; 2.22e-08 V                   ; 2.74 V              ; -0.06 V             ; 0.158 V                              ; 0.08 V                               ; 2.68e-10 s                  ; 2.19e-10 s                  ; Yes                        ; Yes                        ; 2.62 V                      ; 2.22e-08 V                  ; 2.74 V             ; -0.06 V            ; 0.158 V                             ; 0.08 V                              ; 2.68e-10 s                 ; 2.19e-10 s                 ; Yes                       ; Yes                       ;
; ~ALTERA_nCEO~       ; 2.5 V        ; 0 s                 ; 0 s                 ; 2.62 V                       ; 3.54e-08 V                   ; 2.7 V               ; -0.00943 V          ; 0.276 V                              ; 0.035 V                              ; 3.19e-10 s                  ; 4.99e-10 s                  ; No                         ; Yes                        ; 2.62 V                      ; 3.54e-08 V                  ; 2.7 V              ; -0.00943 V         ; 0.276 V                             ; 0.035 V                             ; 3.19e-10 s                 ; 4.99e-10 s                 ; No                        ; Yes                       ;
+---------------------+--------------+---------------------+---------------------+------------------------------+------------------------------+---------------------+---------------------+--------------------------------------+--------------------------------------+-----------------------------+-----------------------------+----------------------------+----------------------------+-----------------------------+-----------------------------+--------------------+--------------------+-------------------------------------+-------------------------------------+----------------------------+----------------------------+---------------------------+---------------------------+


+---------------------------------------------------------------------------+
; Setup Transfers                                                           ;
+------------+----------+--------------+----------+--------------+----------+
; From Clock ; To Clock ; RR Paths     ; FR Paths ; RF Paths     ; FF Paths ;
+------------+----------+--------------+----------+--------------+----------+
; clk_c      ; clk_c    ; > 2147483647 ; 13392    ; > 2147483647 ; 32960    ;
; clk_c      ; clk_i    ; 1            ; 1        ; 0            ; 0        ;
; clk_i      ; clk_i    ; 688          ; 0        ; 0            ; 0        ;
+------------+----------+--------------+----------+--------------+----------+
Entries labeled "false path" only account for clock-to-clock false paths and not path-based false paths. As a result, actual path counts may be lower than reported.


+---------------------------------------------------------------------------+
; Hold Transfers                                                            ;
+------------+----------+--------------+----------+--------------+----------+
; From Clock ; To Clock ; RR Paths     ; FR Paths ; RF Paths     ; FF Paths ;
+------------+----------+--------------+----------+--------------+----------+
; clk_c      ; clk_c    ; > 2147483647 ; 13392    ; > 2147483647 ; 32960    ;
; clk_c      ; clk_i    ; 1            ; 1        ; 0            ; 0        ;
; clk_i      ; clk_i    ; 688          ; 0        ; 0            ; 0        ;
+------------+----------+--------------+----------+--------------+----------+
Entries labeled "false path" only account for clock-to-clock false paths and not path-based false paths. As a result, actual path counts may be lower than reported.


---------------
; Report TCCS ;
---------------
No dedicated SERDES Transmitter circuitry present in device or used in design


---------------
; Report RSKM ;
---------------
No non-DPA dedicated SERDES Receiver circuitry present in device or used in design


+------------------------------------------------+
; Unconstrained Paths Summary                    ;
+---------------------------------+-------+------+
; Property                        ; Setup ; Hold ;
+---------------------------------+-------+------+
; Illegal Clocks                  ; 0     ; 0    ;
; Unconstrained Clocks            ; 0     ; 0    ;
; Unconstrained Input Ports       ; 65    ; 65   ;
; Unconstrained Input Port Paths  ; 1088  ; 1088 ;
; Unconstrained Output Ports      ; 64    ; 64   ;
; Unconstrained Output Port Paths ; 64    ; 64   ;
+---------------------------------+-------+------+


+-------------------------------------+
; Clock Status Summary                ;
+--------+-------+------+-------------+
; Target ; Clock ; Type ; Status      ;
+--------+-------+------+-------------+
; clk_c  ; clk_c ; Base ; Constrained ;
; clk_i  ; clk_i ; Base ; Constrained ;
+--------+-------+------+-------------+


+-----------------------------------------------------------------------------------------------------------+
; Unconstrained Input Ports                                                                                 ;
+--------------------+--------------------------------------------------------------------------------------+
; Input Port         ; Comment                                                                              ;
+--------------------+--------------------------------------------------------------------------------------+
; RESET              ; No input delay, min/max delays, false-path exceptions, or max skew assignments found ;
; systeminput[0][0]  ; No input delay, min/max delays, false-path exceptions, or max skew assignments found ;
; systeminput[0][1]  ; No input delay, min/max delays, false-path exceptions, or max skew assignments found ;
; systeminput[0][2]  ; No input delay, min/max delays, false-path exceptions, or max skew assignments found ;
; systeminput[0][3]  ; No input delay, min/max delays, false-path exceptions, or max skew assignments found ;
; systeminput[0][4]  ; No input delay, min/max delays, false-path exceptions, or max skew assignments found ;
; systeminput[0][5]  ; No input delay, min/max delays, false-path exceptions, or max skew assignments found ;
; systeminput[0][6]  ; No input delay, min/max delays, false-path exceptions, or max skew assignments found ;
; systeminput[0][7]  ; No input delay, min/max delays, false-path exceptions, or max skew assignments found ;
; systeminput[0][8]  ; No input delay, min/max delays, false-path exceptions, or max skew assignments found ;
; systeminput[0][9]  ; No input delay, min/max delays, false-path exceptions, or max skew assignments found ;
; systeminput[0][10] ; No input delay, min/max delays, false-path exceptions, or max skew assignments found ;
; systeminput[0][11] ; No input delay, min/max delays, false-path exceptions, or max skew assignments found ;
; systeminput[0][12] ; No input delay, min/max delays, false-path exceptions, or max skew assignments found ;
; systeminput[0][13] ; No input delay, min/max delays, false-path exceptions, or max skew assignments found ;
; systeminput[0][14] ; No input delay, min/max delays, false-path exceptions, or max skew assignments found ;
; systeminput[0][15] ; No input delay, min/max delays, false-path exceptions, or max skew assignments found ;
; systeminput[0][16] ; No input delay, min/max delays, false-path exceptions, or max skew assignments found ;
; systeminput[0][17] ; No input delay, min/max delays, false-path exceptions, or max skew assignments found ;
; systeminput[0][18] ; No input delay, min/max delays, false-path exceptions, or max skew assignments found ;
; systeminput[0][19] ; No input delay, min/max delays, false-path exceptions, or max skew assignments found ;
; systeminput[0][20] ; No input delay, min/max delays, false-path exceptions, or max skew assignments found ;
; systeminput[0][21] ; No input delay, min/max delays, false-path exceptions, or max skew assignments found ;
; systeminput[0][22] ; No input delay, min/max delays, false-path exceptions, or max skew assignments found ;
; systeminput[0][23] ; No input delay, min/max delays, false-path exceptions, or max skew assignments found ;
; systeminput[0][24] ; No input delay, min/max delays, false-path exceptions, or max skew assignments found ;
; systeminput[0][25] ; No input delay, min/max delays, false-path exceptions, or max skew assignments found ;
; systeminput[0][26] ; No input delay, min/max delays, false-path exceptions, or max skew assignments found ;
; systeminput[0][27] ; No input delay, min/max delays, false-path exceptions, or max skew assignments found ;
; systeminput[0][28] ; No input delay, min/max delays, false-path exceptions, or max skew assignments found ;
; systeminput[0][29] ; No input delay, min/max delays, false-path exceptions, or max skew assignments found ;
; systeminput[0][30] ; No input delay, min/max delays, false-path exceptions, or max skew assignments found ;
; systeminput[0][31] ; No input delay, min/max delays, false-path exceptions, or max skew assignments found ;
; systeminput[1][0]  ; No input delay, min/max delays, false-path exceptions, or max skew assignments found ;
; systeminput[1][1]  ; No input delay, min/max delays, false-path exceptions, or max skew assignments found ;
; systeminput[1][2]  ; No input delay, min/max delays, false-path exceptions, or max skew assignments found ;
; systeminput[1][3]  ; No input delay, min/max delays, false-path exceptions, or max skew assignments found ;
; systeminput[1][4]  ; No input delay, min/max delays, false-path exceptions, or max skew assignments found ;
; systeminput[1][5]  ; No input delay, min/max delays, false-path exceptions, or max skew assignments found ;
; systeminput[1][6]  ; No input delay, min/max delays, false-path exceptions, or max skew assignments found ;
; systeminput[1][7]  ; No input delay, min/max delays, false-path exceptions, or max skew assignments found ;
; systeminput[1][8]  ; No input delay, min/max delays, false-path exceptions, or max skew assignments found ;
; systeminput[1][9]  ; No input delay, min/max delays, false-path exceptions, or max skew assignments found ;
; systeminput[1][10] ; No input delay, min/max delays, false-path exceptions, or max skew assignments found ;
; systeminput[1][11] ; No input delay, min/max delays, false-path exceptions, or max skew assignments found ;
; systeminput[1][12] ; No input delay, min/max delays, false-path exceptions, or max skew assignments found ;
; systeminput[1][13] ; No input delay, min/max delays, false-path exceptions, or max skew assignments found ;
; systeminput[1][14] ; No input delay, min/max delays, false-path exceptions, or max skew assignments found ;
; systeminput[1][15] ; No input delay, min/max delays, false-path exceptions, or max skew assignments found ;
; systeminput[1][16] ; No input delay, min/max delays, false-path exceptions, or max skew assignments found ;
; systeminput[1][17] ; No input delay, min/max delays, false-path exceptions, or max skew assignments found ;
; systeminput[1][18] ; No input delay, min/max delays, false-path exceptions, or max skew assignments found ;
; systeminput[1][19] ; No input delay, min/max delays, false-path exceptions, or max skew assignments found ;
; systeminput[1][20] ; No input delay, min/max delays, false-path exceptions, or max skew assignments found ;
; systeminput[1][21] ; No input delay, min/max delays, false-path exceptions, or max skew assignments found ;
; systeminput[1][22] ; No input delay, min/max delays, false-path exceptions, or max skew assignments found ;
; systeminput[1][23] ; No input delay, min/max delays, false-path exceptions, or max skew assignments found ;
; systeminput[1][24] ; No input delay, min/max delays, false-path exceptions, or max skew assignments found ;
; systeminput[1][25] ; No input delay, min/max delays, false-path exceptions, or max skew assignments found ;
; systeminput[1][26] ; No input delay, min/max delays, false-path exceptions, or max skew assignments found ;
; systeminput[1][27] ; No input delay, min/max delays, false-path exceptions, or max skew assignments found ;
; systeminput[1][28] ; No input delay, min/max delays, false-path exceptions, or max skew assignments found ;
; systeminput[1][29] ; No input delay, min/max delays, false-path exceptions, or max skew assignments found ;
; systeminput[1][30] ; No input delay, min/max delays, false-path exceptions, or max skew assignments found ;
; systeminput[1][31] ; No input delay, min/max delays, false-path exceptions, or max skew assignments found ;
+--------------------+--------------------------------------------------------------------------------------+


+-------------------------------------------------------------------------------------------------------------+
; Unconstrained Output Ports                                                                                  ;
+---------------------+---------------------------------------------------------------------------------------+
; Output Port         ; Comment                                                                               ;
+---------------------+---------------------------------------------------------------------------------------+
; systemoutput[0][0]  ; No output delay, min/max delays, false-path exceptions, or max skew assignments found ;
; systemoutput[0][1]  ; No output delay, min/max delays, false-path exceptions, or max skew assignments found ;
; systemoutput[0][2]  ; No output delay, min/max delays, false-path exceptions, or max skew assignments found ;
; systemoutput[0][3]  ; No output delay, min/max delays, false-path exceptions, or max skew assignments found ;
; systemoutput[0][4]  ; No output delay, min/max delays, false-path exceptions, or max skew assignments found ;
; systemoutput[0][5]  ; No output delay, min/max delays, false-path exceptions, or max skew assignments found ;
; systemoutput[0][6]  ; No output delay, min/max delays, false-path exceptions, or max skew assignments found ;
; systemoutput[0][7]  ; No output delay, min/max delays, false-path exceptions, or max skew assignments found ;
; systemoutput[0][8]  ; No output delay, min/max delays, false-path exceptions, or max skew assignments found ;
; systemoutput[0][9]  ; No output delay, min/max delays, false-path exceptions, or max skew assignments found ;
; systemoutput[0][10] ; No output delay, min/max delays, false-path exceptions, or max skew assignments found ;
; systemoutput[0][11] ; No output delay, min/max delays, false-path exceptions, or max skew assignments found ;
; systemoutput[0][12] ; No output delay, min/max delays, false-path exceptions, or max skew assignments found ;
; systemoutput[0][13] ; No output delay, min/max delays, false-path exceptions, or max skew assignments found ;
; systemoutput[0][14] ; No output delay, min/max delays, false-path exceptions, or max skew assignments found ;
; systemoutput[0][15] ; No output delay, min/max delays, false-path exceptions, or max skew assignments found ;
; systemoutput[0][16] ; No output delay, min/max delays, false-path exceptions, or max skew assignments found ;
; systemoutput[0][17] ; No output delay, min/max delays, false-path exceptions, or max skew assignments found ;
; systemoutput[0][18] ; No output delay, min/max delays, false-path exceptions, or max skew assignments found ;
; systemoutput[0][19] ; No output delay, min/max delays, false-path exceptions, or max skew assignments found ;
; systemoutput[0][20] ; No output delay, min/max delays, false-path exceptions, or max skew assignments found ;
; systemoutput[0][21] ; No output delay, min/max delays, false-path exceptions, or max skew assignments found ;
; systemoutput[0][22] ; No output delay, min/max delays, false-path exceptions, or max skew assignments found ;
; systemoutput[0][23] ; No output delay, min/max delays, false-path exceptions, or max skew assignments found ;
; systemoutput[0][24] ; No output delay, min/max delays, false-path exceptions, or max skew assignments found ;
; systemoutput[0][25] ; No output delay, min/max delays, false-path exceptions, or max skew assignments found ;
; systemoutput[0][26] ; No output delay, min/max delays, false-path exceptions, or max skew assignments found ;
; systemoutput[0][27] ; No output delay, min/max delays, false-path exceptions, or max skew assignments found ;
; systemoutput[0][28] ; No output delay, min/max delays, false-path exceptions, or max skew assignments found ;
; systemoutput[0][29] ; No output delay, min/max delays, false-path exceptions, or max skew assignments found ;
; systemoutput[0][30] ; No output delay, min/max delays, false-path exceptions, or max skew assignments found ;
; systemoutput[0][31] ; No output delay, min/max delays, false-path exceptions, or max skew assignments found ;
; systemoutput[1][0]  ; No output delay, min/max delays, false-path exceptions, or max skew assignments found ;
; systemoutput[1][1]  ; No output delay, min/max delays, false-path exceptions, or max skew assignments found ;
; systemoutput[1][2]  ; No output delay, min/max delays, false-path exceptions, or max skew assignments found ;
; systemoutput[1][3]  ; No output delay, min/max delays, false-path exceptions, or max skew assignments found ;
; systemoutput[1][4]  ; No output delay, min/max delays, false-path exceptions, or max skew assignments found ;
; systemoutput[1][5]  ; No output delay, min/max delays, false-path exceptions, or max skew assignments found ;
; systemoutput[1][6]  ; No output delay, min/max delays, false-path exceptions, or max skew assignments found ;
; systemoutput[1][7]  ; No output delay, min/max delays, false-path exceptions, or max skew assignments found ;
; systemoutput[1][8]  ; No output delay, min/max delays, false-path exceptions, or max skew assignments found ;
; systemoutput[1][9]  ; No output delay, min/max delays, false-path exceptions, or max skew assignments found ;
; systemoutput[1][10] ; No output delay, min/max delays, false-path exceptions, or max skew assignments found ;
; systemoutput[1][11] ; No output delay, min/max delays, false-path exceptions, or max skew assignments found ;
; systemoutput[1][12] ; No output delay, min/max delays, false-path exceptions, or max skew assignments found ;
; systemoutput[1][13] ; No output delay, min/max delays, false-path exceptions, or max skew assignments found ;
; systemoutput[1][14] ; No output delay, min/max delays, false-path exceptions, or max skew assignments found ;
; systemoutput[1][15] ; No output delay, min/max delays, false-path exceptions, or max skew assignments found ;
; systemoutput[1][16] ; No output delay, min/max delays, false-path exceptions, or max skew assignments found ;
; systemoutput[1][17] ; No output delay, min/max delays, false-path exceptions, or max skew assignments found ;
; systemoutput[1][18] ; No output delay, min/max delays, false-path exceptions, or max skew assignments found ;
; systemoutput[1][19] ; No output delay, min/max delays, false-path exceptions, or max skew assignments found ;
; systemoutput[1][20] ; No output delay, min/max delays, false-path exceptions, or max skew assignments found ;
; systemoutput[1][21] ; No output delay, min/max delays, false-path exceptions, or max skew assignments found ;
; systemoutput[1][22] ; No output delay, min/max delays, false-path exceptions, or max skew assignments found ;
; systemoutput[1][23] ; No output delay, min/max delays, false-path exceptions, or max skew assignments found ;
; systemoutput[1][24] ; No output delay, min/max delays, false-path exceptions, or max skew assignments found ;
; systemoutput[1][25] ; No output delay, min/max delays, false-path exceptions, or max skew assignments found ;
; systemoutput[1][26] ; No output delay, min/max delays, false-path exceptions, or max skew assignments found ;
; systemoutput[1][27] ; No output delay, min/max delays, false-path exceptions, or max skew assignments found ;
; systemoutput[1][28] ; No output delay, min/max delays, false-path exceptions, or max skew assignments found ;
; systemoutput[1][29] ; No output delay, min/max delays, false-path exceptions, or max skew assignments found ;
; systemoutput[1][30] ; No output delay, min/max delays, false-path exceptions, or max skew assignments found ;
; systemoutput[1][31] ; No output delay, min/max delays, false-path exceptions, or max skew assignments found ;
+---------------------+---------------------------------------------------------------------------------------+


+-----------------------------------------------------------------------------------------------------------+
; Unconstrained Input Ports                                                                                 ;
+--------------------+--------------------------------------------------------------------------------------+
; Input Port         ; Comment                                                                              ;
+--------------------+--------------------------------------------------------------------------------------+
; RESET              ; No input delay, min/max delays, false-path exceptions, or max skew assignments found ;
; systeminput[0][0]  ; No input delay, min/max delays, false-path exceptions, or max skew assignments found ;
; systeminput[0][1]  ; No input delay, min/max delays, false-path exceptions, or max skew assignments found ;
; systeminput[0][2]  ; No input delay, min/max delays, false-path exceptions, or max skew assignments found ;
; systeminput[0][3]  ; No input delay, min/max delays, false-path exceptions, or max skew assignments found ;
; systeminput[0][4]  ; No input delay, min/max delays, false-path exceptions, or max skew assignments found ;
; systeminput[0][5]  ; No input delay, min/max delays, false-path exceptions, or max skew assignments found ;
; systeminput[0][6]  ; No input delay, min/max delays, false-path exceptions, or max skew assignments found ;
; systeminput[0][7]  ; No input delay, min/max delays, false-path exceptions, or max skew assignments found ;
; systeminput[0][8]  ; No input delay, min/max delays, false-path exceptions, or max skew assignments found ;
; systeminput[0][9]  ; No input delay, min/max delays, false-path exceptions, or max skew assignments found ;
; systeminput[0][10] ; No input delay, min/max delays, false-path exceptions, or max skew assignments found ;
; systeminput[0][11] ; No input delay, min/max delays, false-path exceptions, or max skew assignments found ;
; systeminput[0][12] ; No input delay, min/max delays, false-path exceptions, or max skew assignments found ;
; systeminput[0][13] ; No input delay, min/max delays, false-path exceptions, or max skew assignments found ;
; systeminput[0][14] ; No input delay, min/max delays, false-path exceptions, or max skew assignments found ;
; systeminput[0][15] ; No input delay, min/max delays, false-path exceptions, or max skew assignments found ;
; systeminput[0][16] ; No input delay, min/max delays, false-path exceptions, or max skew assignments found ;
; systeminput[0][17] ; No input delay, min/max delays, false-path exceptions, or max skew assignments found ;
; systeminput[0][18] ; No input delay, min/max delays, false-path exceptions, or max skew assignments found ;
; systeminput[0][19] ; No input delay, min/max delays, false-path exceptions, or max skew assignments found ;
; systeminput[0][20] ; No input delay, min/max delays, false-path exceptions, or max skew assignments found ;
; systeminput[0][21] ; No input delay, min/max delays, false-path exceptions, or max skew assignments found ;
; systeminput[0][22] ; No input delay, min/max delays, false-path exceptions, or max skew assignments found ;
; systeminput[0][23] ; No input delay, min/max delays, false-path exceptions, or max skew assignments found ;
; systeminput[0][24] ; No input delay, min/max delays, false-path exceptions, or max skew assignments found ;
; systeminput[0][25] ; No input delay, min/max delays, false-path exceptions, or max skew assignments found ;
; systeminput[0][26] ; No input delay, min/max delays, false-path exceptions, or max skew assignments found ;
; systeminput[0][27] ; No input delay, min/max delays, false-path exceptions, or max skew assignments found ;
; systeminput[0][28] ; No input delay, min/max delays, false-path exceptions, or max skew assignments found ;
; systeminput[0][29] ; No input delay, min/max delays, false-path exceptions, or max skew assignments found ;
; systeminput[0][30] ; No input delay, min/max delays, false-path exceptions, or max skew assignments found ;
; systeminput[0][31] ; No input delay, min/max delays, false-path exceptions, or max skew assignments found ;
; systeminput[1][0]  ; No input delay, min/max delays, false-path exceptions, or max skew assignments found ;
; systeminput[1][1]  ; No input delay, min/max delays, false-path exceptions, or max skew assignments found ;
; systeminput[1][2]  ; No input delay, min/max delays, false-path exceptions, or max skew assignments found ;
; systeminput[1][3]  ; No input delay, min/max delays, false-path exceptions, or max skew assignments found ;
; systeminput[1][4]  ; No input delay, min/max delays, false-path exceptions, or max skew assignments found ;
; systeminput[1][5]  ; No input delay, min/max delays, false-path exceptions, or max skew assignments found ;
; systeminput[1][6]  ; No input delay, min/max delays, false-path exceptions, or max skew assignments found ;
; systeminput[1][7]  ; No input delay, min/max delays, false-path exceptions, or max skew assignments found ;
; systeminput[1][8]  ; No input delay, min/max delays, false-path exceptions, or max skew assignments found ;
; systeminput[1][9]  ; No input delay, min/max delays, false-path exceptions, or max skew assignments found ;
; systeminput[1][10] ; No input delay, min/max delays, false-path exceptions, or max skew assignments found ;
; systeminput[1][11] ; No input delay, min/max delays, false-path exceptions, or max skew assignments found ;
; systeminput[1][12] ; No input delay, min/max delays, false-path exceptions, or max skew assignments found ;
; systeminput[1][13] ; No input delay, min/max delays, false-path exceptions, or max skew assignments found ;
; systeminput[1][14] ; No input delay, min/max delays, false-path exceptions, or max skew assignments found ;
; systeminput[1][15] ; No input delay, min/max delays, false-path exceptions, or max skew assignments found ;
; systeminput[1][16] ; No input delay, min/max delays, false-path exceptions, or max skew assignments found ;
; systeminput[1][17] ; No input delay, min/max delays, false-path exceptions, or max skew assignments found ;
; systeminput[1][18] ; No input delay, min/max delays, false-path exceptions, or max skew assignments found ;
; systeminput[1][19] ; No input delay, min/max delays, false-path exceptions, or max skew assignments found ;
; systeminput[1][20] ; No input delay, min/max delays, false-path exceptions, or max skew assignments found ;
; systeminput[1][21] ; No input delay, min/max delays, false-path exceptions, or max skew assignments found ;
; systeminput[1][22] ; No input delay, min/max delays, false-path exceptions, or max skew assignments found ;
; systeminput[1][23] ; No input delay, min/max delays, false-path exceptions, or max skew assignments found ;
; systeminput[1][24] ; No input delay, min/max delays, false-path exceptions, or max skew assignments found ;
; systeminput[1][25] ; No input delay, min/max delays, false-path exceptions, or max skew assignments found ;
; systeminput[1][26] ; No input delay, min/max delays, false-path exceptions, or max skew assignments found ;
; systeminput[1][27] ; No input delay, min/max delays, false-path exceptions, or max skew assignments found ;
; systeminput[1][28] ; No input delay, min/max delays, false-path exceptions, or max skew assignments found ;
; systeminput[1][29] ; No input delay, min/max delays, false-path exceptions, or max skew assignments found ;
; systeminput[1][30] ; No input delay, min/max delays, false-path exceptions, or max skew assignments found ;
; systeminput[1][31] ; No input delay, min/max delays, false-path exceptions, or max skew assignments found ;
+--------------------+--------------------------------------------------------------------------------------+


+-------------------------------------------------------------------------------------------------------------+
; Unconstrained Output Ports                                                                                  ;
+---------------------+---------------------------------------------------------------------------------------+
; Output Port         ; Comment                                                                               ;
+---------------------+---------------------------------------------------------------------------------------+
; systemoutput[0][0]  ; No output delay, min/max delays, false-path exceptions, or max skew assignments found ;
; systemoutput[0][1]  ; No output delay, min/max delays, false-path exceptions, or max skew assignments found ;
; systemoutput[0][2]  ; No output delay, min/max delays, false-path exceptions, or max skew assignments found ;
; systemoutput[0][3]  ; No output delay, min/max delays, false-path exceptions, or max skew assignments found ;
; systemoutput[0][4]  ; No output delay, min/max delays, false-path exceptions, or max skew assignments found ;
; systemoutput[0][5]  ; No output delay, min/max delays, false-path exceptions, or max skew assignments found ;
; systemoutput[0][6]  ; No output delay, min/max delays, false-path exceptions, or max skew assignments found ;
; systemoutput[0][7]  ; No output delay, min/max delays, false-path exceptions, or max skew assignments found ;
; systemoutput[0][8]  ; No output delay, min/max delays, false-path exceptions, or max skew assignments found ;
; systemoutput[0][9]  ; No output delay, min/max delays, false-path exceptions, or max skew assignments found ;
; systemoutput[0][10] ; No output delay, min/max delays, false-path exceptions, or max skew assignments found ;
; systemoutput[0][11] ; No output delay, min/max delays, false-path exceptions, or max skew assignments found ;
; systemoutput[0][12] ; No output delay, min/max delays, false-path exceptions, or max skew assignments found ;
; systemoutput[0][13] ; No output delay, min/max delays, false-path exceptions, or max skew assignments found ;
; systemoutput[0][14] ; No output delay, min/max delays, false-path exceptions, or max skew assignments found ;
; systemoutput[0][15] ; No output delay, min/max delays, false-path exceptions, or max skew assignments found ;
; systemoutput[0][16] ; No output delay, min/max delays, false-path exceptions, or max skew assignments found ;
; systemoutput[0][17] ; No output delay, min/max delays, false-path exceptions, or max skew assignments found ;
; systemoutput[0][18] ; No output delay, min/max delays, false-path exceptions, or max skew assignments found ;
; systemoutput[0][19] ; No output delay, min/max delays, false-path exceptions, or max skew assignments found ;
; systemoutput[0][20] ; No output delay, min/max delays, false-path exceptions, or max skew assignments found ;
; systemoutput[0][21] ; No output delay, min/max delays, false-path exceptions, or max skew assignments found ;
; systemoutput[0][22] ; No output delay, min/max delays, false-path exceptions, or max skew assignments found ;
; systemoutput[0][23] ; No output delay, min/max delays, false-path exceptions, or max skew assignments found ;
; systemoutput[0][24] ; No output delay, min/max delays, false-path exceptions, or max skew assignments found ;
; systemoutput[0][25] ; No output delay, min/max delays, false-path exceptions, or max skew assignments found ;
; systemoutput[0][26] ; No output delay, min/max delays, false-path exceptions, or max skew assignments found ;
; systemoutput[0][27] ; No output delay, min/max delays, false-path exceptions, or max skew assignments found ;
; systemoutput[0][28] ; No output delay, min/max delays, false-path exceptions, or max skew assignments found ;
; systemoutput[0][29] ; No output delay, min/max delays, false-path exceptions, or max skew assignments found ;
; systemoutput[0][30] ; No output delay, min/max delays, false-path exceptions, or max skew assignments found ;
; systemoutput[0][31] ; No output delay, min/max delays, false-path exceptions, or max skew assignments found ;
; systemoutput[1][0]  ; No output delay, min/max delays, false-path exceptions, or max skew assignments found ;
; systemoutput[1][1]  ; No output delay, min/max delays, false-path exceptions, or max skew assignments found ;
; systemoutput[1][2]  ; No output delay, min/max delays, false-path exceptions, or max skew assignments found ;
; systemoutput[1][3]  ; No output delay, min/max delays, false-path exceptions, or max skew assignments found ;
; systemoutput[1][4]  ; No output delay, min/max delays, false-path exceptions, or max skew assignments found ;
; systemoutput[1][5]  ; No output delay, min/max delays, false-path exceptions, or max skew assignments found ;
; systemoutput[1][6]  ; No output delay, min/max delays, false-path exceptions, or max skew assignments found ;
; systemoutput[1][7]  ; No output delay, min/max delays, false-path exceptions, or max skew assignments found ;
; systemoutput[1][8]  ; No output delay, min/max delays, false-path exceptions, or max skew assignments found ;
; systemoutput[1][9]  ; No output delay, min/max delays, false-path exceptions, or max skew assignments found ;
; systemoutput[1][10] ; No output delay, min/max delays, false-path exceptions, or max skew assignments found ;
; systemoutput[1][11] ; No output delay, min/max delays, false-path exceptions, or max skew assignments found ;
; systemoutput[1][12] ; No output delay, min/max delays, false-path exceptions, or max skew assignments found ;
; systemoutput[1][13] ; No output delay, min/max delays, false-path exceptions, or max skew assignments found ;
; systemoutput[1][14] ; No output delay, min/max delays, false-path exceptions, or max skew assignments found ;
; systemoutput[1][15] ; No output delay, min/max delays, false-path exceptions, or max skew assignments found ;
; systemoutput[1][16] ; No output delay, min/max delays, false-path exceptions, or max skew assignments found ;
; systemoutput[1][17] ; No output delay, min/max delays, false-path exceptions, or max skew assignments found ;
; systemoutput[1][18] ; No output delay, min/max delays, false-path exceptions, or max skew assignments found ;
; systemoutput[1][19] ; No output delay, min/max delays, false-path exceptions, or max skew assignments found ;
; systemoutput[1][20] ; No output delay, min/max delays, false-path exceptions, or max skew assignments found ;
; systemoutput[1][21] ; No output delay, min/max delays, false-path exceptions, or max skew assignments found ;
; systemoutput[1][22] ; No output delay, min/max delays, false-path exceptions, or max skew assignments found ;
; systemoutput[1][23] ; No output delay, min/max delays, false-path exceptions, or max skew assignments found ;
; systemoutput[1][24] ; No output delay, min/max delays, false-path exceptions, or max skew assignments found ;
; systemoutput[1][25] ; No output delay, min/max delays, false-path exceptions, or max skew assignments found ;
; systemoutput[1][26] ; No output delay, min/max delays, false-path exceptions, or max skew assignments found ;
; systemoutput[1][27] ; No output delay, min/max delays, false-path exceptions, or max skew assignments found ;
; systemoutput[1][28] ; No output delay, min/max delays, false-path exceptions, or max skew assignments found ;
; systemoutput[1][29] ; No output delay, min/max delays, false-path exceptions, or max skew assignments found ;
; systemoutput[1][30] ; No output delay, min/max delays, false-path exceptions, or max skew assignments found ;
; systemoutput[1][31] ; No output delay, min/max delays, false-path exceptions, or max skew assignments found ;
+---------------------+---------------------------------------------------------------------------------------+


+--------------------------+
; Timing Analyzer Messages ;
+--------------------------+
Info: *******************************************************************
Info: Running Quartus Prime Timing Analyzer
    Info: Version 25.1std.0 Build 1129 10/21/2025 SC Lite Edition
    Info: Processing started: Fri Jul 10 20:39:38 2026
Info: Command: quartus_sta rv32im -c rv32im
Info: qsta_default_script.tcl version: #1
Info (20032): Parallel compilation is enabled and will use up to 11 processors
Info (21077): Low junction temperature is 0 degrees C
Info (21077): High junction temperature is 85 degrees C
Critical Warning (332012): Synopsys Design Constraints File file not found: 'rv32im.sdc'. A Synopsys Design Constraints File is required by the Timing Analyzer to get proper timing constraints. Without it, the Compiler will not properly optimize the design.
Info (332142): No user constrained base clocks found in the design. Calling "derive_clocks -period 1.0"
Info (332105): Deriving Clocks
    Info (332105): create_clock -period 1.000 -name clk_c clk_c
    Info (332105): create_clock -period 1.000 -name clk_i clk_i
Info (332143): No user constrained clock uncertainty found in the design. Calling "derive_clock_uncertainty"
Info (332123): Deriving Clock Uncertainty. Please refer to report_sdc in the Timing Analyzer to see clock uncertainties.
Info: Found TIMING_ANALYZER_REPORT_SCRIPT_INCLUDE_DEFAULT_ANALYSIS = ON
Info: Analyzing Slow 1200mV 85C Model
Critical Warning (332148): Timing requirements not met
    Info (11105): For recommendations on closing timing, run Report Timing Closure Recommendations in the Timing Analyzer.
Info (332146): Worst-case setup slack is -197.616
    Info (332119):     Slack       End Point TNS Clock 
    Info (332119): ========= =================== =====================
    Info (332119):  -197.616        -6384953.420 clk_c 
    Info (332119):    -2.847             -66.913 clk_i 
Info (332146): Worst-case hold slack is -2.799
    Info (332119):     Slack       End Point TNS Clock 
    Info (332119): ========= =================== =====================
    Info (332119):    -2.799              -2.799 clk_i 
    Info (332119):     0.405               0.000 clk_c 
Info (332140): No Recovery paths to report
Info (332140): No Removal paths to report
Info (332146): Worst-case minimum pulse width slack is -3.000
    Info (332119):     Slack       End Point TNS Clock 
    Info (332119): ========= =================== =====================
    Info (332119):    -3.000             -45.405 clk_i 
    Info (332119):    -1.285          -43751.680 clk_c 
Info: Analyzing Slow 1200mV 0C Model
Info (334003): Started post-fitting delay annotation
Info (334004): Delay annotation completed successfully
Info (332123): Deriving Clock Uncertainty. Please refer to report_sdc in the Timing Analyzer to see clock uncertainties.
Critical Warning (332148): Timing requirements not met
    Info (11105): For recommendations on closing timing, run Report Timing Closure Recommendations in the Timing Analyzer.
Info (332146): Worst-case setup slack is -180.113
    Info (332119):     Slack       End Point TNS Clock 
    Info (332119): ========= =================== =====================
    Info (332119):  -180.113        -5813198.554 clk_c 
    Info (332119):    -2.439             -56.559 clk_i 
Info (332146): Worst-case hold slack is -2.546
    Info (332119):     Slack       End Point TNS Clock 
    Info (332119): ========= =================== =====================
    Info (332119):    -2.546              -2.546 clk_i 
    Info (332119):     0.355               0.000 clk_c 
Info (332140): No Recovery paths to report
Info (332140): No Removal paths to report
Info (332146): Worst-case minimum pulse width slack is -3.000
    Info (332119):     Slack       End Point TNS Clock 
    Info (332119): ========= =================== =====================
    Info (332119):    -3.000             -45.405 clk_i 
    Info (332119):    -1.285          -43751.680 clk_c 
Info: Analyzing Fast 1200mV 0C Model
Info (332123): Deriving Clock Uncertainty. Please refer to report_sdc in the Timing Analyzer to see clock uncertainties.
Critical Warning (332148): Timing requirements not met
    Info (11105): For recommendations on closing timing, run Report Timing Closure Recommendations in the Timing Analyzer.
Info (332146): Worst-case setup slack is -100.029
    Info (332119):     Slack       End Point TNS Clock 
    Info (332119): ========= =================== =====================
    Info (332119):  -100.029        -3211451.543 clk_c 
    Info (332119):    -0.919             -16.254 clk_i 
Info (332146): Worst-case hold slack is -1.510
    Info (332119):     Slack       End Point TNS Clock 
    Info (332119): ========= =================== =====================
    Info (332119):    -1.510              -1.510 clk_i 
    Info (332119):     0.182               0.000 clk_c 
Info (332140): No Recovery paths to report
Info (332140): No Removal paths to report
Info (332146): Worst-case minimum pulse width slack is -3.000
    Info (332119):     Slack       End Point TNS Clock 
    Info (332119): ========= =================== =====================
    Info (332119):    -3.000             -38.030 clk_i 
    Info (332119):    -1.000          -34048.000 clk_c 
Info (332102): Design is not fully constrained for setup requirements
Info (332102): Design is not fully constrained for hold requirements
Info: Quartus Prime Timing Analyzer was successful. 0 errors, 4 warnings
    Info: Peak virtual memory: 1187 megabytes
    Info: Processing ended: Fri Jul 10 20:42:24 2026
    Info: Elapsed time: 00:02:46
    Info: Total CPU time (on all processors): 00:02:54


