Timing Analyzer report for rv32im
Mon Jul 13 17:23:31 2026
Quartus Prime Version 25.1std.0 Build 1129 10/21/2025 SC Lite Edition


---------------------
; Table of Contents ;
---------------------
  1. Legal Notice
  2. Timing Analyzer Summary
  3. Parallel Compilation
  4. Clocks
  5. Slow 1200mV 85C Model Fmax Summary
  6. Timing Closure Recommendations
  7. Slow 1200mV 85C Model Setup Summary
  8. Slow 1200mV 85C Model Hold Summary
  9. Slow 1200mV 85C Model Recovery Summary
 10. Slow 1200mV 85C Model Removal Summary
 11. Slow 1200mV 85C Model Minimum Pulse Width Summary
 12. Slow 1200mV 85C Model Setup: 'clk_c'
 13. Slow 1200mV 85C Model Setup: 'clk_i'
 14. Slow 1200mV 85C Model Hold: 'clk_i'
 15. Slow 1200mV 85C Model Hold: 'clk_c'
 16. Slow 1200mV 85C Model Metastability Summary
 17. Slow 1200mV 0C Model Fmax Summary
 18. Slow 1200mV 0C Model Setup Summary
 19. Slow 1200mV 0C Model Hold Summary
 20. Slow 1200mV 0C Model Recovery Summary
 21. Slow 1200mV 0C Model Removal Summary
 22. Slow 1200mV 0C Model Minimum Pulse Width Summary
 23. Slow 1200mV 0C Model Setup: 'clk_c'
 24. Slow 1200mV 0C Model Setup: 'clk_i'
 25. Slow 1200mV 0C Model Hold: 'clk_i'
 26. Slow 1200mV 0C Model Hold: 'clk_c'
 27. Slow 1200mV 0C Model Metastability Summary
 28. Fast 1200mV 0C Model Setup Summary
 29. Fast 1200mV 0C Model Hold Summary
 30. Fast 1200mV 0C Model Recovery Summary
 31. Fast 1200mV 0C Model Removal Summary
 32. Fast 1200mV 0C Model Minimum Pulse Width Summary
 33. Fast 1200mV 0C Model Setup: 'clk_c'
 34. Fast 1200mV 0C Model Setup: 'clk_i'
 35. Fast 1200mV 0C Model Hold: 'clk_i'
 36. Fast 1200mV 0C Model Hold: 'clk_c'
 37. Fast 1200mV 0C Model Metastability Summary
 38. Multicorner Timing Analysis Summary
 39. Board Trace Model Assignments
 40. Input Transition Times
 41. Signal Integrity Metrics (Slow 1200mv 0c Model)
 42. Signal Integrity Metrics (Slow 1200mv 85c Model)
 43. Signal Integrity Metrics (Fast 1200mv 0c Model)
 44. Setup Transfers
 45. Hold Transfers
 46. Report TCCS
 47. Report RSKM
 48. Unconstrained Paths Summary
 49. Clock Status Summary
 50. Unconstrained Input Ports
 51. Unconstrained Output Ports
 52. Unconstrained Input Ports
 53. Unconstrained Output Ports
 54. Timing Analyzer Messages



----------------
; Legal Notice ;
----------------
Copyright (C) 2025  Altera Corporation. All rights reserved.
Your use of Altera Corporation's design tools, logic functions 
and other software and tools, and any partner logic 
functions, and any output files from any of the foregoing 
(including device programming or simulation files), and any 
associated documentation or information are expressly subject 
to the terms and conditions of the Altera Program License 
Subscription Agreement, the Altera Quartus Prime License Agreement,
the Altera IP License Agreement, or other applicable license
agreement, including, without limitation, that your use is for
the sole purpose of programming logic devices manufactured by
Altera and sold by Altera or its authorized distributors.  Please
refer to the Altera Software License Subscription Agreements 
on the Quartus Prime software download page.



+---------------------------------------------------------------------------------+
; Timing Analyzer Summary                                                         ;
+-----------------------+---------------------------------------------------------+
; Quartus Prime Version ; Version 25.1std.0 Build 1129 10/21/2025 SC Lite Edition ;
; Timing Analyzer       ; Legacy Timing Analyzer                                  ;
; Revision Name         ; rv32im                                                  ;
; Device Family         ; Cyclone IV E                                            ;
; Device Name           ; EP4CE115F29C7                                           ;
; Timing Models         ; Final                                                   ;
; Delay Model           ; Combined                                                ;
; Rise/Fall Delays      ; Enabled                                                 ;
+-----------------------+---------------------------------------------------------+


+------------------------------------------+
; Parallel Compilation                     ;
+----------------------------+-------------+
; Processors                 ; Number      ;
+----------------------------+-------------+
; Number detected on machine ; 12          ;
; Maximum allowed            ; 11          ;
;                            ;             ;
; Average used               ; 1.05        ;
; Maximum used               ; 11          ;
;                            ;             ;
; Usage by Processor         ; % Time Used ;
;     Processor 1            ; 100.0%      ;
;     Processor 2            ;   0.9%      ;
;     Processor 3            ;   0.7%      ;
;     Processor 4            ;   0.6%      ;
;     Processors 5-11        ;   0.5%      ;
+----------------------------+-------------+


+-----------------------------------------------------------------------------------------------------------------------------------------------------------------------------------+
; Clocks                                                                                                                                                                            ;
+------------+------+--------+------------+-------+-------+------------+-----------+-------------+-------+--------+-----------+------------+----------+--------+--------+-----------+
; Clock Name ; Type ; Period ; Frequency  ; Rise  ; Fall  ; Duty Cycle ; Divide by ; Multiply by ; Phase ; Offset ; Edge List ; Edge Shift ; Inverted ; Master ; Source ; Targets   ;
+------------+------+--------+------------+-------+-------+------------+-----------+-------------+-------+--------+-----------+------------+----------+--------+--------+-----------+
; clk_c      ; Base ; 1.000  ; 1000.0 MHz ; 0.000 ; 0.500 ;            ;           ;             ;       ;        ;           ;            ;          ;        ;        ; { clk_c } ;
; clk_i      ; Base ; 1.000  ; 1000.0 MHz ; 0.000 ; 0.500 ;            ;           ;             ;       ;        ;           ;            ;          ;        ;        ; { clk_i } ;
+------------+------+--------+------------+-------+-------+------------+-----------+-------------+-------+--------+-----------+------------+----------+--------+--------+-----------+


+-----------------------------------------------------------------------------------------------------------+
; Slow 1200mV 85C Model Fmax Summary                                                                        ;
+------------+-----------------+------------+---------------------------------------------------------------+
; Fmax       ; Restricted Fmax ; Clock Name ; Note                                                          ;
+------------+-----------------+------------+---------------------------------------------------------------+
; 2.3 MHz    ; 2.3 MHz         ; clk_c      ;                                                               ;
; 259.94 MHz ; 250.0 MHz       ; clk_i      ; limit due to minimum period restriction (max I/O toggle rate) ;
+------------+-----------------+------------+---------------------------------------------------------------+
This panel reports FMAX for every clock in the design, regardless of the user-specified clock periods.  FMAX is only computed for paths where the source and destination registers or ports are driven by the same clock.  Paths of different clocks, including generated clocks, are ignored.  For paths between a clock and its inversion, FMAX is computed as if the rising and falling edges are scaled along with FMAX, such that the duty cycle (in terms of a percentage) is maintained. Altera recommends that you always use clock constraints and other slack reports for sign-off analysis.


----------------------------------
; Timing Closure Recommendations ;
----------------------------------
HTML report is unavailable in plain text report export.


+-------------------------------------+
; Slow 1200mV 85C Model Setup Summary ;
+-------+----------+------------------+
; Clock ; Slack    ; End Point TNS    ;
+-------+----------+------------------+
; clk_c ; -217.166 ; -7037902.763     ;
; clk_i ; -2.847   ; -67.228          ;
+-------+----------+------------------+


+------------------------------------+
; Slow 1200mV 85C Model Hold Summary ;
+-------+--------+-------------------+
; Clock ; Slack  ; End Point TNS     ;
+-------+--------+-------------------+
; clk_i ; -2.827 ; -2.827            ;
; clk_c ; 0.403  ; 0.000             ;
+-------+--------+-------------------+


------------------------------------------
; Slow 1200mV 85C Model Recovery Summary ;
------------------------------------------
No paths to report.


-----------------------------------------
; Slow 1200mV 85C Model Removal Summary ;
-----------------------------------------
No paths to report.


+---------------------------------------------------+
; Slow 1200mV 85C Model Minimum Pulse Width Summary ;
+-------+--------+----------------------------------+
; Clock ; Slack  ; End Point TNS                    ;
+-------+--------+----------------------------------+
; clk_i ; -3.000 ; -45.405                          ;
; clk_c ; -1.285 ; -43705.420                       ;
+-------+--------+----------------------------------+


+---------------------------------------------------------------------------------------------------------------------------------------------------------+
; Slow 1200mV 85C Model Setup: 'clk_c'                                                                                                                    ;
+----------+-------------------+----------------------------------------------------+--------------+-------------+--------------+------------+------------+
; Slack    ; From Node         ; To Node                                            ; Launch Clock ; Latch Clock ; Relationship ; Clock Skew ; Data Delay ;
+----------+-------------------+----------------------------------------------------+--------------+-------------+--------------+------------+------------+
; -217.166 ; integ:integ|pc[5] ; integ:integ|data_memory:data_mem|data_mem[961][7]  ; clk_c        ; clk_c       ; 0.500        ; -0.057     ; 217.607    ;
; -217.166 ; integ:integ|pc[5] ; integ:integ|data_memory:data_mem|data_mem[961][1]  ; clk_c        ; clk_c       ; 0.500        ; -0.057     ; 217.607    ;
; -217.166 ; integ:integ|pc[5] ; integ:integ|data_memory:data_mem|data_mem[961][6]  ; clk_c        ; clk_c       ; 0.500        ; -0.057     ; 217.607    ;
; -217.127 ; integ:integ|pc[4] ; integ:integ|data_memory:data_mem|data_mem[961][7]  ; clk_c        ; clk_c       ; 0.500        ; -0.057     ; 217.568    ;
; -217.127 ; integ:integ|pc[4] ; integ:integ|data_memory:data_mem|data_mem[961][1]  ; clk_c        ; clk_c       ; 0.500        ; -0.057     ; 217.568    ;
; -217.127 ; integ:integ|pc[4] ; integ:integ|data_memory:data_mem|data_mem[961][6]  ; clk_c        ; clk_c       ; 0.500        ; -0.057     ; 217.568    ;
; -217.017 ; integ:integ|pc[2] ; integ:integ|data_memory:data_mem|data_mem[961][7]  ; clk_c        ; clk_c       ; 0.500        ; -0.057     ; 217.458    ;
; -217.017 ; integ:integ|pc[2] ; integ:integ|data_memory:data_mem|data_mem[961][1]  ; clk_c        ; clk_c       ; 0.500        ; -0.057     ; 217.458    ;
; -217.017 ; integ:integ|pc[2] ; integ:integ|data_memory:data_mem|data_mem[961][6]  ; clk_c        ; clk_c       ; 0.500        ; -0.057     ; 217.458    ;
; -216.970 ; integ:integ|pc[5] ; integ:integ|data_memory:data_mem|data_mem[945][17] ; clk_c        ; clk_c       ; 0.500        ; -0.069     ; 217.399    ;
; -216.970 ; integ:integ|pc[5] ; integ:integ|data_memory:data_mem|data_mem[945][16] ; clk_c        ; clk_c       ; 0.500        ; -0.069     ; 217.399    ;
; -216.931 ; integ:integ|pc[4] ; integ:integ|data_memory:data_mem|data_mem[945][17] ; clk_c        ; clk_c       ; 0.500        ; -0.069     ; 217.360    ;
; -216.931 ; integ:integ|pc[4] ; integ:integ|data_memory:data_mem|data_mem[945][16] ; clk_c        ; clk_c       ; 0.500        ; -0.069     ; 217.360    ;
; -216.824 ; integ:integ|pc[7] ; integ:integ|data_memory:data_mem|data_mem[961][7]  ; clk_c        ; clk_c       ; 0.500        ; -0.057     ; 217.265    ;
; -216.824 ; integ:integ|pc[7] ; integ:integ|data_memory:data_mem|data_mem[961][1]  ; clk_c        ; clk_c       ; 0.500        ; -0.057     ; 217.265    ;
; -216.824 ; integ:integ|pc[7] ; integ:integ|data_memory:data_mem|data_mem[961][6]  ; clk_c        ; clk_c       ; 0.500        ; -0.057     ; 217.265    ;
; -216.821 ; integ:integ|pc[2] ; integ:integ|data_memory:data_mem|data_mem[945][17] ; clk_c        ; clk_c       ; 0.500        ; -0.069     ; 217.250    ;
; -216.821 ; integ:integ|pc[2] ; integ:integ|data_memory:data_mem|data_mem[945][16] ; clk_c        ; clk_c       ; 0.500        ; -0.069     ; 217.250    ;
; -216.767 ; integ:integ|pc[5] ; integ:integ|data_memory:data_mem|data_mem[945][20] ; clk_c        ; clk_c       ; 0.500        ; -0.090     ; 217.175    ;
; -216.767 ; integ:integ|pc[5] ; integ:integ|data_memory:data_mem|data_mem[945][19] ; clk_c        ; clk_c       ; 0.500        ; -0.090     ; 217.175    ;
; -216.767 ; integ:integ|pc[5] ; integ:integ|data_memory:data_mem|data_mem[945][21] ; clk_c        ; clk_c       ; 0.500        ; -0.090     ; 217.175    ;
; -216.767 ; integ:integ|pc[5] ; integ:integ|data_memory:data_mem|data_mem[945][18] ; clk_c        ; clk_c       ; 0.500        ; -0.090     ; 217.175    ;
; -216.767 ; integ:integ|pc[5] ; integ:integ|data_memory:data_mem|data_mem[945][22] ; clk_c        ; clk_c       ; 0.500        ; -0.090     ; 217.175    ;
; -216.767 ; integ:integ|pc[5] ; integ:integ|data_memory:data_mem|data_mem[945][23] ; clk_c        ; clk_c       ; 0.500        ; -0.090     ; 217.175    ;
; -216.728 ; integ:integ|pc[4] ; integ:integ|data_memory:data_mem|data_mem[945][20] ; clk_c        ; clk_c       ; 0.500        ; -0.090     ; 217.136    ;
; -216.728 ; integ:integ|pc[4] ; integ:integ|data_memory:data_mem|data_mem[945][19] ; clk_c        ; clk_c       ; 0.500        ; -0.090     ; 217.136    ;
; -216.728 ; integ:integ|pc[4] ; integ:integ|data_memory:data_mem|data_mem[945][21] ; clk_c        ; clk_c       ; 0.500        ; -0.090     ; 217.136    ;
; -216.728 ; integ:integ|pc[4] ; integ:integ|data_memory:data_mem|data_mem[945][18] ; clk_c        ; clk_c       ; 0.500        ; -0.090     ; 217.136    ;
; -216.728 ; integ:integ|pc[4] ; integ:integ|data_memory:data_mem|data_mem[945][22] ; clk_c        ; clk_c       ; 0.500        ; -0.090     ; 217.136    ;
; -216.728 ; integ:integ|pc[4] ; integ:integ|data_memory:data_mem|data_mem[945][23] ; clk_c        ; clk_c       ; 0.500        ; -0.090     ; 217.136    ;
; -216.711 ; integ:integ|pc[3] ; integ:integ|data_memory:data_mem|data_mem[961][7]  ; clk_c        ; clk_c       ; 0.500        ; -0.057     ; 217.152    ;
; -216.711 ; integ:integ|pc[3] ; integ:integ|data_memory:data_mem|data_mem[961][1]  ; clk_c        ; clk_c       ; 0.500        ; -0.057     ; 217.152    ;
; -216.711 ; integ:integ|pc[3] ; integ:integ|data_memory:data_mem|data_mem[961][6]  ; clk_c        ; clk_c       ; 0.500        ; -0.057     ; 217.152    ;
; -216.708 ; integ:integ|pc[8] ; integ:integ|data_memory:data_mem|data_mem[961][7]  ; clk_c        ; clk_c       ; 0.500        ; -0.057     ; 217.149    ;
; -216.708 ; integ:integ|pc[8] ; integ:integ|data_memory:data_mem|data_mem[961][1]  ; clk_c        ; clk_c       ; 0.500        ; -0.057     ; 217.149    ;
; -216.708 ; integ:integ|pc[8] ; integ:integ|data_memory:data_mem|data_mem[961][6]  ; clk_c        ; clk_c       ; 0.500        ; -0.057     ; 217.149    ;
; -216.707 ; integ:integ|pc[6] ; integ:integ|data_memory:data_mem|data_mem[961][7]  ; clk_c        ; clk_c       ; 0.500        ; -0.057     ; 217.148    ;
; -216.707 ; integ:integ|pc[6] ; integ:integ|data_memory:data_mem|data_mem[961][1]  ; clk_c        ; clk_c       ; 0.500        ; -0.057     ; 217.148    ;
; -216.707 ; integ:integ|pc[6] ; integ:integ|data_memory:data_mem|data_mem[961][6]  ; clk_c        ; clk_c       ; 0.500        ; -0.057     ; 217.148    ;
; -216.628 ; integ:integ|pc[7] ; integ:integ|data_memory:data_mem|data_mem[945][17] ; clk_c        ; clk_c       ; 0.500        ; -0.069     ; 217.057    ;
; -216.628 ; integ:integ|pc[7] ; integ:integ|data_memory:data_mem|data_mem[945][16] ; clk_c        ; clk_c       ; 0.500        ; -0.069     ; 217.057    ;
; -216.618 ; integ:integ|pc[2] ; integ:integ|data_memory:data_mem|data_mem[945][20] ; clk_c        ; clk_c       ; 0.500        ; -0.090     ; 217.026    ;
; -216.618 ; integ:integ|pc[2] ; integ:integ|data_memory:data_mem|data_mem[945][19] ; clk_c        ; clk_c       ; 0.500        ; -0.090     ; 217.026    ;
; -216.618 ; integ:integ|pc[2] ; integ:integ|data_memory:data_mem|data_mem[945][21] ; clk_c        ; clk_c       ; 0.500        ; -0.090     ; 217.026    ;
; -216.618 ; integ:integ|pc[2] ; integ:integ|data_memory:data_mem|data_mem[945][18] ; clk_c        ; clk_c       ; 0.500        ; -0.090     ; 217.026    ;
; -216.618 ; integ:integ|pc[2] ; integ:integ|data_memory:data_mem|data_mem[945][22] ; clk_c        ; clk_c       ; 0.500        ; -0.090     ; 217.026    ;
; -216.618 ; integ:integ|pc[2] ; integ:integ|data_memory:data_mem|data_mem[945][23] ; clk_c        ; clk_c       ; 0.500        ; -0.090     ; 217.026    ;
; -216.533 ; integ:integ|pc[5] ; integ:integ|data_memory:data_mem|data_mem[961][4]  ; clk_c        ; clk_c       ; 0.500        ; -0.034     ; 216.997    ;
; -216.533 ; integ:integ|pc[5] ; integ:integ|data_memory:data_mem|data_mem[961][3]  ; clk_c        ; clk_c       ; 0.500        ; -0.034     ; 216.997    ;
; -216.533 ; integ:integ|pc[5] ; integ:integ|data_memory:data_mem|data_mem[961][2]  ; clk_c        ; clk_c       ; 0.500        ; -0.034     ; 216.997    ;
; -216.533 ; integ:integ|pc[5] ; integ:integ|data_memory:data_mem|data_mem[961][0]  ; clk_c        ; clk_c       ; 0.500        ; -0.034     ; 216.997    ;
; -216.533 ; integ:integ|pc[5] ; integ:integ|data_memory:data_mem|data_mem[961][5]  ; clk_c        ; clk_c       ; 0.500        ; -0.034     ; 216.997    ;
; -216.515 ; integ:integ|pc[3] ; integ:integ|data_memory:data_mem|data_mem[945][17] ; clk_c        ; clk_c       ; 0.500        ; -0.069     ; 216.944    ;
; -216.515 ; integ:integ|pc[3] ; integ:integ|data_memory:data_mem|data_mem[945][16] ; clk_c        ; clk_c       ; 0.500        ; -0.069     ; 216.944    ;
; -216.512 ; integ:integ|pc[8] ; integ:integ|data_memory:data_mem|data_mem[945][17] ; clk_c        ; clk_c       ; 0.500        ; -0.069     ; 216.941    ;
; -216.512 ; integ:integ|pc[8] ; integ:integ|data_memory:data_mem|data_mem[945][16] ; clk_c        ; clk_c       ; 0.500        ; -0.069     ; 216.941    ;
; -216.511 ; integ:integ|pc[6] ; integ:integ|data_memory:data_mem|data_mem[945][17] ; clk_c        ; clk_c       ; 0.500        ; -0.069     ; 216.940    ;
; -216.511 ; integ:integ|pc[6] ; integ:integ|data_memory:data_mem|data_mem[945][16] ; clk_c        ; clk_c       ; 0.500        ; -0.069     ; 216.940    ;
; -216.494 ; integ:integ|pc[4] ; integ:integ|data_memory:data_mem|data_mem[961][4]  ; clk_c        ; clk_c       ; 0.500        ; -0.034     ; 216.958    ;
; -216.494 ; integ:integ|pc[4] ; integ:integ|data_memory:data_mem|data_mem[961][3]  ; clk_c        ; clk_c       ; 0.500        ; -0.034     ; 216.958    ;
; -216.494 ; integ:integ|pc[4] ; integ:integ|data_memory:data_mem|data_mem[961][2]  ; clk_c        ; clk_c       ; 0.500        ; -0.034     ; 216.958    ;
; -216.494 ; integ:integ|pc[4] ; integ:integ|data_memory:data_mem|data_mem[961][0]  ; clk_c        ; clk_c       ; 0.500        ; -0.034     ; 216.958    ;
; -216.494 ; integ:integ|pc[4] ; integ:integ|data_memory:data_mem|data_mem[961][5]  ; clk_c        ; clk_c       ; 0.500        ; -0.034     ; 216.958    ;
; -216.425 ; integ:integ|pc[7] ; integ:integ|data_memory:data_mem|data_mem[945][20] ; clk_c        ; clk_c       ; 0.500        ; -0.090     ; 216.833    ;
; -216.425 ; integ:integ|pc[7] ; integ:integ|data_memory:data_mem|data_mem[945][19] ; clk_c        ; clk_c       ; 0.500        ; -0.090     ; 216.833    ;
; -216.425 ; integ:integ|pc[7] ; integ:integ|data_memory:data_mem|data_mem[945][21] ; clk_c        ; clk_c       ; 0.500        ; -0.090     ; 216.833    ;
; -216.425 ; integ:integ|pc[7] ; integ:integ|data_memory:data_mem|data_mem[945][18] ; clk_c        ; clk_c       ; 0.500        ; -0.090     ; 216.833    ;
; -216.425 ; integ:integ|pc[7] ; integ:integ|data_memory:data_mem|data_mem[945][22] ; clk_c        ; clk_c       ; 0.500        ; -0.090     ; 216.833    ;
; -216.425 ; integ:integ|pc[7] ; integ:integ|data_memory:data_mem|data_mem[945][23] ; clk_c        ; clk_c       ; 0.500        ; -0.090     ; 216.833    ;
; -216.412 ; integ:integ|pc[5] ; integ:integ|data_memory:data_mem|data_mem[926][7]  ; clk_c        ; clk_c       ; 0.500        ; -0.063     ; 216.847    ;
; -216.412 ; integ:integ|pc[5] ; integ:integ|data_memory:data_mem|data_mem[926][4]  ; clk_c        ; clk_c       ; 0.500        ; -0.063     ; 216.847    ;
; -216.412 ; integ:integ|pc[5] ; integ:integ|data_memory:data_mem|data_mem[926][3]  ; clk_c        ; clk_c       ; 0.500        ; -0.063     ; 216.847    ;
; -216.412 ; integ:integ|pc[5] ; integ:integ|data_memory:data_mem|data_mem[926][1]  ; clk_c        ; clk_c       ; 0.500        ; -0.063     ; 216.847    ;
; -216.412 ; integ:integ|pc[5] ; integ:integ|data_memory:data_mem|data_mem[926][2]  ; clk_c        ; clk_c       ; 0.500        ; -0.063     ; 216.847    ;
; -216.412 ; integ:integ|pc[5] ; integ:integ|data_memory:data_mem|data_mem[926][0]  ; clk_c        ; clk_c       ; 0.500        ; -0.063     ; 216.847    ;
; -216.412 ; integ:integ|pc[5] ; integ:integ|data_memory:data_mem|data_mem[926][5]  ; clk_c        ; clk_c       ; 0.500        ; -0.063     ; 216.847    ;
; -216.412 ; integ:integ|pc[5] ; integ:integ|data_memory:data_mem|data_mem[926][6]  ; clk_c        ; clk_c       ; 0.500        ; -0.063     ; 216.847    ;
; -216.384 ; integ:integ|pc[2] ; integ:integ|data_memory:data_mem|data_mem[961][4]  ; clk_c        ; clk_c       ; 0.500        ; -0.034     ; 216.848    ;
; -216.384 ; integ:integ|pc[2] ; integ:integ|data_memory:data_mem|data_mem[961][3]  ; clk_c        ; clk_c       ; 0.500        ; -0.034     ; 216.848    ;
; -216.384 ; integ:integ|pc[2] ; integ:integ|data_memory:data_mem|data_mem[961][2]  ; clk_c        ; clk_c       ; 0.500        ; -0.034     ; 216.848    ;
; -216.384 ; integ:integ|pc[2] ; integ:integ|data_memory:data_mem|data_mem[961][0]  ; clk_c        ; clk_c       ; 0.500        ; -0.034     ; 216.848    ;
; -216.384 ; integ:integ|pc[2] ; integ:integ|data_memory:data_mem|data_mem[961][5]  ; clk_c        ; clk_c       ; 0.500        ; -0.034     ; 216.848    ;
; -216.373 ; integ:integ|pc[4] ; integ:integ|data_memory:data_mem|data_mem[926][7]  ; clk_c        ; clk_c       ; 0.500        ; -0.063     ; 216.808    ;
; -216.373 ; integ:integ|pc[4] ; integ:integ|data_memory:data_mem|data_mem[926][4]  ; clk_c        ; clk_c       ; 0.500        ; -0.063     ; 216.808    ;
; -216.373 ; integ:integ|pc[4] ; integ:integ|data_memory:data_mem|data_mem[926][3]  ; clk_c        ; clk_c       ; 0.500        ; -0.063     ; 216.808    ;
; -216.373 ; integ:integ|pc[4] ; integ:integ|data_memory:data_mem|data_mem[926][1]  ; clk_c        ; clk_c       ; 0.500        ; -0.063     ; 216.808    ;
; -216.373 ; integ:integ|pc[4] ; integ:integ|data_memory:data_mem|data_mem[926][2]  ; clk_c        ; clk_c       ; 0.500        ; -0.063     ; 216.808    ;
; -216.373 ; integ:integ|pc[4] ; integ:integ|data_memory:data_mem|data_mem[926][0]  ; clk_c        ; clk_c       ; 0.500        ; -0.063     ; 216.808    ;
; -216.373 ; integ:integ|pc[4] ; integ:integ|data_memory:data_mem|data_mem[926][5]  ; clk_c        ; clk_c       ; 0.500        ; -0.063     ; 216.808    ;
; -216.373 ; integ:integ|pc[4] ; integ:integ|data_memory:data_mem|data_mem[926][6]  ; clk_c        ; clk_c       ; 0.500        ; -0.063     ; 216.808    ;
; -216.312 ; integ:integ|pc[3] ; integ:integ|data_memory:data_mem|data_mem[945][20] ; clk_c        ; clk_c       ; 0.500        ; -0.090     ; 216.720    ;
; -216.312 ; integ:integ|pc[3] ; integ:integ|data_memory:data_mem|data_mem[945][19] ; clk_c        ; clk_c       ; 0.500        ; -0.090     ; 216.720    ;
; -216.312 ; integ:integ|pc[3] ; integ:integ|data_memory:data_mem|data_mem[945][21] ; clk_c        ; clk_c       ; 0.500        ; -0.090     ; 216.720    ;
; -216.312 ; integ:integ|pc[3] ; integ:integ|data_memory:data_mem|data_mem[945][18] ; clk_c        ; clk_c       ; 0.500        ; -0.090     ; 216.720    ;
; -216.312 ; integ:integ|pc[3] ; integ:integ|data_memory:data_mem|data_mem[945][22] ; clk_c        ; clk_c       ; 0.500        ; -0.090     ; 216.720    ;
; -216.312 ; integ:integ|pc[3] ; integ:integ|data_memory:data_mem|data_mem[945][23] ; clk_c        ; clk_c       ; 0.500        ; -0.090     ; 216.720    ;
; -216.309 ; integ:integ|pc[8] ; integ:integ|data_memory:data_mem|data_mem[945][20] ; clk_c        ; clk_c       ; 0.500        ; -0.090     ; 216.717    ;
; -216.309 ; integ:integ|pc[8] ; integ:integ|data_memory:data_mem|data_mem[945][19] ; clk_c        ; clk_c       ; 0.500        ; -0.090     ; 216.717    ;
; -216.309 ; integ:integ|pc[8] ; integ:integ|data_memory:data_mem|data_mem[945][21] ; clk_c        ; clk_c       ; 0.500        ; -0.090     ; 216.717    ;
; -216.309 ; integ:integ|pc[8] ; integ:integ|data_memory:data_mem|data_mem[945][18] ; clk_c        ; clk_c       ; 0.500        ; -0.090     ; 216.717    ;
+----------+-------------------+----------------------------------------------------+--------------+-------------+--------------+------------+------------+


+----------------------------------------------------------------------------------------------------------+
; Slow 1200mV 85C Model Setup: 'clk_i'                                                                     ;
+--------+-------------+-------------+--------------+-------------+--------------+------------+------------+
; Slack  ; From Node   ; To Node     ; Launch Clock ; Latch Clock ; Relationship ; Clock Skew ; Data Delay ;
+--------+-------------+-------------+--------------+-------------+--------------+------------+------------+
; -2.847 ; counter[0]  ; counter[31] ; clk_i        ; clk_i       ; 1.000        ; -0.079     ; 3.766      ;
; -2.831 ; counter[1]  ; counter[30] ; clk_i        ; clk_i       ; 1.000        ; -0.079     ; 3.750      ;
; -2.812 ; counter[1]  ; counter[31] ; clk_i        ; clk_i       ; 1.000        ; -0.079     ; 3.731      ;
; -2.740 ; counter[0]  ; counter[30] ; clk_i        ; clk_i       ; 1.000        ; -0.079     ; 3.659      ;
; -2.715 ; counter[0]  ; counter[29] ; clk_i        ; clk_i       ; 1.000        ; -0.079     ; 3.634      ;
; -2.699 ; counter[1]  ; counter[28] ; clk_i        ; clk_i       ; 1.000        ; -0.079     ; 3.618      ;
; -2.680 ; counter[1]  ; counter[29] ; clk_i        ; clk_i       ; 1.000        ; -0.079     ; 3.599      ;
; -2.648 ; counter[4]  ; counter[31] ; clk_i        ; clk_i       ; 1.000        ; -0.079     ; 3.567      ;
; -2.608 ; counter[0]  ; counter[28] ; clk_i        ; clk_i       ; 1.000        ; -0.079     ; 3.527      ;
; -2.600 ; counter[5]  ; counter[30] ; clk_i        ; clk_i       ; 1.000        ; -0.079     ; 3.519      ;
; -2.583 ; counter[0]  ; counter[27] ; clk_i        ; clk_i       ; 1.000        ; -0.079     ; 3.502      ;
; -2.581 ; counter[5]  ; counter[31] ; clk_i        ; clk_i       ; 1.000        ; -0.079     ; 3.500      ;
; -2.567 ; counter[1]  ; counter[26] ; clk_i        ; clk_i       ; 1.000        ; -0.079     ; 3.486      ;
; -2.561 ; counter[2]  ; counter[31] ; clk_i        ; clk_i       ; 1.000        ; -0.078     ; 3.481      ;
; -2.548 ; counter[1]  ; counter[27] ; clk_i        ; clk_i       ; 1.000        ; -0.079     ; 3.467      ;
; -2.547 ; counter[3]  ; counter[30] ; clk_i        ; clk_i       ; 1.000        ; -0.078     ; 3.467      ;
; -2.528 ; counter[3]  ; counter[31] ; clk_i        ; clk_i       ; 1.000        ; -0.078     ; 3.448      ;
; -2.516 ; counter[4]  ; counter[29] ; clk_i        ; clk_i       ; 1.000        ; -0.079     ; 3.435      ;
; -2.509 ; counter[4]  ; counter[30] ; clk_i        ; clk_i       ; 1.000        ; -0.079     ; 3.428      ;
; -2.476 ; counter[0]  ; counter[26] ; clk_i        ; clk_i       ; 1.000        ; -0.079     ; 3.395      ;
; -2.468 ; counter[5]  ; counter[28] ; clk_i        ; clk_i       ; 1.000        ; -0.079     ; 3.387      ;
; -2.459 ; counter[2]  ; counter[30] ; clk_i        ; clk_i       ; 1.000        ; -0.078     ; 3.379      ;
; -2.451 ; counter[0]  ; counter[25] ; clk_i        ; clk_i       ; 1.000        ; -0.079     ; 3.370      ;
; -2.449 ; counter[5]  ; counter[29] ; clk_i        ; clk_i       ; 1.000        ; -0.079     ; 3.368      ;
; -2.435 ; counter[1]  ; counter[24] ; clk_i        ; clk_i       ; 1.000        ; -0.079     ; 3.354      ;
; -2.429 ; counter[2]  ; counter[29] ; clk_i        ; clk_i       ; 1.000        ; -0.078     ; 3.349      ;
; -2.416 ; counter[1]  ; counter[25] ; clk_i        ; clk_i       ; 1.000        ; -0.079     ; 3.335      ;
; -2.415 ; counter[3]  ; counter[28] ; clk_i        ; clk_i       ; 1.000        ; -0.078     ; 3.335      ;
; -2.406 ; counter[21] ; counter[4]  ; clk_i        ; clk_i       ; 1.000        ; -0.081     ; 3.323      ;
; -2.405 ; counter[21] ; counter[1]  ; clk_i        ; clk_i       ; 1.000        ; -0.081     ; 3.322      ;
; -2.397 ; counter[21] ; clk_c       ; clk_i        ; clk_i       ; 1.000        ; -0.081     ; 3.314      ;
; -2.396 ; counter[21] ; counter[5]  ; clk_i        ; clk_i       ; 1.000        ; -0.081     ; 3.313      ;
; -2.396 ; counter[21] ; counter[0]  ; clk_i        ; clk_i       ; 1.000        ; -0.081     ; 3.313      ;
; -2.396 ; counter[3]  ; counter[29] ; clk_i        ; clk_i       ; 1.000        ; -0.078     ; 3.316      ;
; -2.384 ; counter[4]  ; counter[27] ; clk_i        ; clk_i       ; 1.000        ; -0.079     ; 3.303      ;
; -2.382 ; counter[27] ; counter[4]  ; clk_i        ; clk_i       ; 1.000        ; -0.081     ; 3.299      ;
; -2.381 ; counter[27] ; counter[1]  ; clk_i        ; clk_i       ; 1.000        ; -0.081     ; 3.298      ;
; -2.377 ; counter[4]  ; counter[28] ; clk_i        ; clk_i       ; 1.000        ; -0.079     ; 3.296      ;
; -2.373 ; counter[27] ; clk_c       ; clk_i        ; clk_i       ; 1.000        ; -0.081     ; 3.290      ;
; -2.372 ; counter[27] ; counter[5]  ; clk_i        ; clk_i       ; 1.000        ; -0.081     ; 3.289      ;
; -2.372 ; counter[27] ; counter[0]  ; clk_i        ; clk_i       ; 1.000        ; -0.081     ; 3.289      ;
; -2.344 ; counter[0]  ; counter[24] ; clk_i        ; clk_i       ; 1.000        ; -0.079     ; 3.263      ;
; -2.336 ; counter[5]  ; counter[26] ; clk_i        ; clk_i       ; 1.000        ; -0.079     ; 3.255      ;
; -2.327 ; counter[2]  ; counter[28] ; clk_i        ; clk_i       ; 1.000        ; -0.078     ; 3.247      ;
; -2.319 ; counter[0]  ; counter[23] ; clk_i        ; clk_i       ; 1.000        ; -0.079     ; 3.238      ;
; -2.317 ; counter[5]  ; counter[27] ; clk_i        ; clk_i       ; 1.000        ; -0.079     ; 3.236      ;
; -2.303 ; counter[1]  ; counter[22] ; clk_i        ; clk_i       ; 1.000        ; -0.079     ; 3.222      ;
; -2.297 ; counter[2]  ; counter[27] ; clk_i        ; clk_i       ; 1.000        ; -0.078     ; 3.217      ;
; -2.294 ; counter[6]  ; counter[31] ; clk_i        ; clk_i       ; 1.000        ; -0.078     ; 3.214      ;
; -2.287 ; counter[7]  ; counter[30] ; clk_i        ; clk_i       ; 1.000        ; -0.078     ; 3.207      ;
; -2.284 ; counter[1]  ; counter[23] ; clk_i        ; clk_i       ; 1.000        ; -0.079     ; 3.203      ;
; -2.283 ; counter[3]  ; counter[26] ; clk_i        ; clk_i       ; 1.000        ; -0.078     ; 3.203      ;
; -2.268 ; counter[7]  ; counter[31] ; clk_i        ; clk_i       ; 1.000        ; -0.078     ; 3.188      ;
; -2.264 ; counter[3]  ; counter[27] ; clk_i        ; clk_i       ; 1.000        ; -0.078     ; 3.184      ;
; -2.262 ; counter[28] ; counter[4]  ; clk_i        ; clk_i       ; 1.000        ; -0.081     ; 3.179      ;
; -2.261 ; counter[28] ; counter[1]  ; clk_i        ; clk_i       ; 1.000        ; -0.081     ; 3.178      ;
; -2.253 ; counter[28] ; clk_c       ; clk_i        ; clk_i       ; 1.000        ; -0.081     ; 3.170      ;
; -2.252 ; counter[4]  ; counter[25] ; clk_i        ; clk_i       ; 1.000        ; -0.079     ; 3.171      ;
; -2.252 ; counter[28] ; counter[5]  ; clk_i        ; clk_i       ; 1.000        ; -0.081     ; 3.169      ;
; -2.252 ; counter[28] ; counter[0]  ; clk_i        ; clk_i       ; 1.000        ; -0.081     ; 3.169      ;
; -2.245 ; counter[4]  ; counter[26] ; clk_i        ; clk_i       ; 1.000        ; -0.079     ; 3.164      ;
; -2.212 ; counter[0]  ; counter[22] ; clk_i        ; clk_i       ; 1.000        ; -0.079     ; 3.131      ;
; -2.204 ; counter[5]  ; counter[24] ; clk_i        ; clk_i       ; 1.000        ; -0.079     ; 3.123      ;
; -2.201 ; counter[6]  ; counter[30] ; clk_i        ; clk_i       ; 1.000        ; -0.078     ; 3.121      ;
; -2.195 ; counter[2]  ; counter[26] ; clk_i        ; clk_i       ; 1.000        ; -0.078     ; 3.115      ;
; -2.187 ; counter[0]  ; counter[21] ; clk_i        ; clk_i       ; 1.000        ; -0.079     ; 3.106      ;
; -2.185 ; counter[5]  ; counter[25] ; clk_i        ; clk_i       ; 1.000        ; -0.079     ; 3.104      ;
; -2.171 ; counter[1]  ; counter[20] ; clk_i        ; clk_i       ; 1.000        ; -0.079     ; 3.090      ;
; -2.167 ; counter[8]  ; counter[31] ; clk_i        ; clk_i       ; 1.000        ; -0.078     ; 3.087      ;
; -2.165 ; counter[2]  ; counter[25] ; clk_i        ; clk_i       ; 1.000        ; -0.078     ; 3.085      ;
; -2.162 ; counter[6]  ; counter[29] ; clk_i        ; clk_i       ; 1.000        ; -0.078     ; 3.082      ;
; -2.155 ; counter[9]  ; counter[30] ; clk_i        ; clk_i       ; 1.000        ; -0.078     ; 3.075      ;
; -2.155 ; counter[7]  ; counter[28] ; clk_i        ; clk_i       ; 1.000        ; -0.078     ; 3.075      ;
; -2.152 ; counter[1]  ; counter[21] ; clk_i        ; clk_i       ; 1.000        ; -0.079     ; 3.071      ;
; -2.151 ; counter[3]  ; counter[24] ; clk_i        ; clk_i       ; 1.000        ; -0.078     ; 3.071      ;
; -2.136 ; counter[9]  ; counter[31] ; clk_i        ; clk_i       ; 1.000        ; -0.078     ; 3.056      ;
; -2.136 ; counter[7]  ; counter[29] ; clk_i        ; clk_i       ; 1.000        ; -0.078     ; 3.056      ;
; -2.134 ; counter[20] ; counter[4]  ; clk_i        ; clk_i       ; 1.000        ; -0.081     ; 3.051      ;
; -2.133 ; counter[20] ; counter[1]  ; clk_i        ; clk_i       ; 1.000        ; -0.081     ; 3.050      ;
; -2.132 ; counter[3]  ; counter[25] ; clk_i        ; clk_i       ; 1.000        ; -0.078     ; 3.052      ;
; -2.125 ; counter[20] ; clk_c       ; clk_i        ; clk_i       ; 1.000        ; -0.081     ; 3.042      ;
; -2.124 ; counter[20] ; counter[5]  ; clk_i        ; clk_i       ; 1.000        ; -0.081     ; 3.041      ;
; -2.124 ; counter[20] ; counter[0]  ; clk_i        ; clk_i       ; 1.000        ; -0.081     ; 3.041      ;
; -2.120 ; counter[25] ; counter[4]  ; clk_i        ; clk_i       ; 1.000        ; -0.081     ; 3.037      ;
; -2.120 ; counter[4]  ; counter[23] ; clk_i        ; clk_i       ; 1.000        ; -0.079     ; 3.039      ;
; -2.119 ; counter[25] ; counter[1]  ; clk_i        ; clk_i       ; 1.000        ; -0.081     ; 3.036      ;
; -2.113 ; counter[4]  ; counter[24] ; clk_i        ; clk_i       ; 1.000        ; -0.079     ; 3.032      ;
; -2.111 ; counter[25] ; clk_c       ; clk_i        ; clk_i       ; 1.000        ; -0.081     ; 3.028      ;
; -2.110 ; counter[25] ; counter[5]  ; clk_i        ; clk_i       ; 1.000        ; -0.081     ; 3.027      ;
; -2.110 ; counter[25] ; counter[0]  ; clk_i        ; clk_i       ; 1.000        ; -0.081     ; 3.027      ;
; -2.099 ; counter[23] ; counter[4]  ; clk_i        ; clk_i       ; 1.000        ; -0.081     ; 3.016      ;
; -2.098 ; counter[23] ; counter[1]  ; clk_i        ; clk_i       ; 1.000        ; -0.081     ; 3.015      ;
; -2.090 ; counter[23] ; clk_c       ; clk_i        ; clk_i       ; 1.000        ; -0.081     ; 3.007      ;
; -2.089 ; counter[23] ; counter[5]  ; clk_i        ; clk_i       ; 1.000        ; -0.081     ; 3.006      ;
; -2.089 ; counter[23] ; counter[0]  ; clk_i        ; clk_i       ; 1.000        ; -0.081     ; 3.006      ;
; -2.080 ; counter[0]  ; counter[20] ; clk_i        ; clk_i       ; 1.000        ; -0.079     ; 2.999      ;
; -2.072 ; counter[5]  ; counter[22] ; clk_i        ; clk_i       ; 1.000        ; -0.079     ; 2.991      ;
; -2.069 ; counter[6]  ; counter[28] ; clk_i        ; clk_i       ; 1.000        ; -0.078     ; 2.989      ;
; -2.065 ; counter[8]  ; counter[30] ; clk_i        ; clk_i       ; 1.000        ; -0.078     ; 2.985      ;
; -2.063 ; counter[2]  ; counter[24] ; clk_i        ; clk_i       ; 1.000        ; -0.078     ; 2.983      ;
+--------+-------------+-------------+--------------+-------------+--------------+------------+------------+


+----------------------------------------------------------------------------------------------------------+
; Slow 1200mV 85C Model Hold: 'clk_i'                                                                      ;
+--------+-------------+-------------+--------------+-------------+--------------+------------+------------+
; Slack  ; From Node   ; To Node     ; Launch Clock ; Latch Clock ; Relationship ; Clock Skew ; Data Delay ;
+--------+-------------+-------------+--------------+-------------+--------------+------------+------------+
; -2.827 ; clk_c       ; clk_c       ; clk_c        ; clk_i       ; 0.000        ; 3.055      ; 0.676      ;
; -2.334 ; clk_c       ; clk_c       ; clk_c        ; clk_i       ; -0.500       ; 3.055      ; 0.669      ;
; 0.655  ; counter[15] ; counter[15] ; clk_i        ; clk_i       ; 0.000        ; 0.080      ; 0.921      ;
; 0.655  ; counter[13] ; counter[13] ; clk_i        ; clk_i       ; 0.000        ; 0.080      ; 0.921      ;
; 0.655  ; counter[3]  ; counter[3]  ; clk_i        ; clk_i       ; 0.000        ; 0.080      ; 0.921      ;
; 0.656  ; counter[19] ; counter[19] ; clk_i        ; clk_i       ; 0.000        ; 0.080      ; 0.922      ;
; 0.656  ; counter[29] ; counter[29] ; clk_i        ; clk_i       ; 0.000        ; 0.080      ; 0.922      ;
; 0.656  ; counter[21] ; counter[21] ; clk_i        ; clk_i       ; 0.000        ; 0.080      ; 0.922      ;
; 0.656  ; counter[11] ; counter[11] ; clk_i        ; clk_i       ; 0.000        ; 0.080      ; 0.922      ;
; 0.657  ; counter[17] ; counter[17] ; clk_i        ; clk_i       ; 0.000        ; 0.080      ; 0.923      ;
; 0.657  ; counter[27] ; counter[27] ; clk_i        ; clk_i       ; 0.000        ; 0.080      ; 0.923      ;
; 0.658  ; counter[31] ; counter[31] ; clk_i        ; clk_i       ; 0.000        ; 0.080      ; 0.924      ;
; 0.658  ; counter[22] ; counter[22] ; clk_i        ; clk_i       ; 0.000        ; 0.080      ; 0.924      ;
; 0.658  ; counter[9]  ; counter[9]  ; clk_i        ; clk_i       ; 0.000        ; 0.080      ; 0.924      ;
; 0.658  ; counter[7]  ; counter[7]  ; clk_i        ; clk_i       ; 0.000        ; 0.080      ; 0.924      ;
; 0.658  ; counter[6]  ; counter[6]  ; clk_i        ; clk_i       ; 0.000        ; 0.080      ; 0.924      ;
; 0.659  ; counter[25] ; counter[25] ; clk_i        ; clk_i       ; 0.000        ; 0.080      ; 0.925      ;
; 0.659  ; counter[23] ; counter[23] ; clk_i        ; clk_i       ; 0.000        ; 0.080      ; 0.925      ;
; 0.660  ; counter[16] ; counter[16] ; clk_i        ; clk_i       ; 0.000        ; 0.080      ; 0.926      ;
; 0.660  ; counter[14] ; counter[14] ; clk_i        ; clk_i       ; 0.000        ; 0.080      ; 0.926      ;
; 0.660  ; counter[2]  ; counter[2]  ; clk_i        ; clk_i       ; 0.000        ; 0.080      ; 0.926      ;
; 0.661  ; counter[18] ; counter[18] ; clk_i        ; clk_i       ; 0.000        ; 0.080      ; 0.927      ;
; 0.661  ; counter[20] ; counter[20] ; clk_i        ; clk_i       ; 0.000        ; 0.080      ; 0.927      ;
; 0.661  ; counter[12] ; counter[12] ; clk_i        ; clk_i       ; 0.000        ; 0.080      ; 0.927      ;
; 0.661  ; counter[10] ; counter[10] ; clk_i        ; clk_i       ; 0.000        ; 0.080      ; 0.927      ;
; 0.661  ; counter[8]  ; counter[8]  ; clk_i        ; clk_i       ; 0.000        ; 0.080      ; 0.927      ;
; 0.662  ; counter[30] ; counter[30] ; clk_i        ; clk_i       ; 0.000        ; 0.080      ; 0.928      ;
; 0.662  ; counter[28] ; counter[28] ; clk_i        ; clk_i       ; 0.000        ; 0.080      ; 0.928      ;
; 0.662  ; counter[26] ; counter[26] ; clk_i        ; clk_i       ; 0.000        ; 0.080      ; 0.928      ;
; 0.662  ; counter[24] ; counter[24] ; clk_i        ; clk_i       ; 0.000        ; 0.080      ; 0.928      ;
; 0.971  ; counter[15] ; counter[16] ; clk_i        ; clk_i       ; 0.000        ; 0.082      ; 1.239      ;
; 0.973  ; counter[13] ; counter[14] ; clk_i        ; clk_i       ; 0.000        ; 0.080      ; 1.239      ;
; 0.974  ; counter[21] ; counter[22] ; clk_i        ; clk_i       ; 0.000        ; 0.080      ; 1.240      ;
; 0.974  ; counter[17] ; counter[18] ; clk_i        ; clk_i       ; 0.000        ; 0.080      ; 1.240      ;
; 0.974  ; counter[19] ; counter[20] ; clk_i        ; clk_i       ; 0.000        ; 0.080      ; 1.240      ;
; 0.974  ; counter[11] ; counter[12] ; clk_i        ; clk_i       ; 0.000        ; 0.080      ; 1.240      ;
; 0.974  ; counter[29] ; counter[30] ; clk_i        ; clk_i       ; 0.000        ; 0.080      ; 1.240      ;
; 0.975  ; counter[9]  ; counter[10] ; clk_i        ; clk_i       ; 0.000        ; 0.080      ; 1.241      ;
; 0.975  ; counter[7]  ; counter[8]  ; clk_i        ; clk_i       ; 0.000        ; 0.080      ; 1.241      ;
; 0.975  ; counter[27] ; counter[28] ; clk_i        ; clk_i       ; 0.000        ; 0.080      ; 1.241      ;
; 0.976  ; counter[25] ; counter[26] ; clk_i        ; clk_i       ; 0.000        ; 0.080      ; 1.242      ;
; 0.976  ; counter[23] ; counter[24] ; clk_i        ; clk_i       ; 0.000        ; 0.080      ; 1.242      ;
; 0.985  ; counter[6]  ; counter[7]  ; clk_i        ; clk_i       ; 0.000        ; 0.080      ; 1.251      ;
; 0.985  ; counter[22] ; counter[23] ; clk_i        ; clk_i       ; 0.000        ; 0.080      ; 1.251      ;
; 0.987  ; counter[14] ; counter[15] ; clk_i        ; clk_i       ; 0.000        ; 0.080      ; 1.253      ;
; 0.987  ; counter[2]  ; counter[3]  ; clk_i        ; clk_i       ; 0.000        ; 0.080      ; 1.253      ;
; 0.987  ; counter[16] ; counter[17] ; clk_i        ; clk_i       ; 0.000        ; 0.080      ; 1.253      ;
; 0.988  ; counter[12] ; counter[13] ; clk_i        ; clk_i       ; 0.000        ; 0.080      ; 1.254      ;
; 0.988  ; counter[18] ; counter[19] ; clk_i        ; clk_i       ; 0.000        ; 0.080      ; 1.254      ;
; 0.988  ; counter[20] ; counter[21] ; clk_i        ; clk_i       ; 0.000        ; 0.080      ; 1.254      ;
; 0.988  ; counter[10] ; counter[11] ; clk_i        ; clk_i       ; 0.000        ; 0.080      ; 1.254      ;
; 0.988  ; counter[8]  ; counter[9]  ; clk_i        ; clk_i       ; 0.000        ; 0.080      ; 1.254      ;
; 0.989  ; counter[28] ; counter[29] ; clk_i        ; clk_i       ; 0.000        ; 0.080      ; 1.255      ;
; 0.989  ; counter[26] ; counter[27] ; clk_i        ; clk_i       ; 0.000        ; 0.080      ; 1.255      ;
; 0.989  ; counter[30] ; counter[31] ; clk_i        ; clk_i       ; 0.000        ; 0.080      ; 1.255      ;
; 0.989  ; counter[24] ; counter[25] ; clk_i        ; clk_i       ; 0.000        ; 0.080      ; 1.255      ;
; 0.990  ; counter[14] ; counter[16] ; clk_i        ; clk_i       ; 0.000        ; 0.082      ; 1.258      ;
; 0.990  ; counter[6]  ; counter[8]  ; clk_i        ; clk_i       ; 0.000        ; 0.080      ; 1.256      ;
; 0.990  ; counter[22] ; counter[24] ; clk_i        ; clk_i       ; 0.000        ; 0.080      ; 1.256      ;
; 0.992  ; counter[16] ; counter[18] ; clk_i        ; clk_i       ; 0.000        ; 0.080      ; 1.258      ;
; 0.993  ; counter[12] ; counter[14] ; clk_i        ; clk_i       ; 0.000        ; 0.080      ; 1.259      ;
; 0.993  ; counter[20] ; counter[22] ; clk_i        ; clk_i       ; 0.000        ; 0.080      ; 1.259      ;
; 0.993  ; counter[18] ; counter[20] ; clk_i        ; clk_i       ; 0.000        ; 0.080      ; 1.259      ;
; 0.993  ; counter[10] ; counter[12] ; clk_i        ; clk_i       ; 0.000        ; 0.080      ; 1.259      ;
; 0.993  ; counter[8]  ; counter[10] ; clk_i        ; clk_i       ; 0.000        ; 0.080      ; 1.259      ;
; 0.994  ; counter[28] ; counter[30] ; clk_i        ; clk_i       ; 0.000        ; 0.080      ; 1.260      ;
; 0.994  ; counter[26] ; counter[28] ; clk_i        ; clk_i       ; 0.000        ; 0.080      ; 1.260      ;
; 0.994  ; counter[24] ; counter[26] ; clk_i        ; clk_i       ; 0.000        ; 0.080      ; 1.260      ;
; 1.092  ; counter[15] ; counter[17] ; clk_i        ; clk_i       ; 0.000        ; 0.082      ; 1.360      ;
; 1.094  ; counter[13] ; counter[15] ; clk_i        ; clk_i       ; 0.000        ; 0.080      ; 1.360      ;
; 1.095  ; counter[21] ; counter[23] ; clk_i        ; clk_i       ; 0.000        ; 0.080      ; 1.361      ;
; 1.095  ; counter[11] ; counter[13] ; clk_i        ; clk_i       ; 0.000        ; 0.080      ; 1.361      ;
; 1.095  ; counter[17] ; counter[19] ; clk_i        ; clk_i       ; 0.000        ; 0.080      ; 1.361      ;
; 1.095  ; counter[19] ; counter[21] ; clk_i        ; clk_i       ; 0.000        ; 0.080      ; 1.361      ;
; 1.095  ; counter[29] ; counter[31] ; clk_i        ; clk_i       ; 0.000        ; 0.080      ; 1.361      ;
; 1.096  ; counter[9]  ; counter[11] ; clk_i        ; clk_i       ; 0.000        ; 0.080      ; 1.362      ;
; 1.096  ; counter[7]  ; counter[9]  ; clk_i        ; clk_i       ; 0.000        ; 0.080      ; 1.362      ;
; 1.096  ; counter[27] ; counter[29] ; clk_i        ; clk_i       ; 0.000        ; 0.080      ; 1.362      ;
; 1.097  ; counter[25] ; counter[27] ; clk_i        ; clk_i       ; 0.000        ; 0.080      ; 1.363      ;
; 1.097  ; counter[23] ; counter[25] ; clk_i        ; clk_i       ; 0.000        ; 0.080      ; 1.363      ;
; 1.097  ; counter[13] ; counter[16] ; clk_i        ; clk_i       ; 0.000        ; 0.082      ; 1.365      ;
; 1.097  ; counter[15] ; counter[18] ; clk_i        ; clk_i       ; 0.000        ; 0.082      ; 1.365      ;
; 1.099  ; counter[3]  ; counter[6]  ; clk_i        ; clk_i       ; 0.000        ; 0.080      ; 1.365      ;
; 1.100  ; counter[21] ; counter[24] ; clk_i        ; clk_i       ; 0.000        ; 0.080      ; 1.366      ;
; 1.100  ; counter[11] ; counter[14] ; clk_i        ; clk_i       ; 0.000        ; 0.080      ; 1.366      ;
; 1.100  ; counter[19] ; counter[22] ; clk_i        ; clk_i       ; 0.000        ; 0.080      ; 1.366      ;
; 1.100  ; counter[17] ; counter[20] ; clk_i        ; clk_i       ; 0.000        ; 0.080      ; 1.366      ;
; 1.101  ; counter[9]  ; counter[12] ; clk_i        ; clk_i       ; 0.000        ; 0.080      ; 1.367      ;
; 1.101  ; counter[7]  ; counter[10] ; clk_i        ; clk_i       ; 0.000        ; 0.080      ; 1.367      ;
; 1.101  ; counter[27] ; counter[30] ; clk_i        ; clk_i       ; 0.000        ; 0.080      ; 1.367      ;
; 1.102  ; counter[25] ; counter[28] ; clk_i        ; clk_i       ; 0.000        ; 0.080      ; 1.368      ;
; 1.102  ; counter[23] ; counter[26] ; clk_i        ; clk_i       ; 0.000        ; 0.080      ; 1.368      ;
; 1.111  ; counter[14] ; counter[17] ; clk_i        ; clk_i       ; 0.000        ; 0.082      ; 1.379      ;
; 1.111  ; counter[6]  ; counter[9]  ; clk_i        ; clk_i       ; 0.000        ; 0.080      ; 1.377      ;
; 1.111  ; counter[22] ; counter[25] ; clk_i        ; clk_i       ; 0.000        ; 0.080      ; 1.377      ;
; 1.113  ; counter[16] ; counter[19] ; clk_i        ; clk_i       ; 0.000        ; 0.080      ; 1.379      ;
; 1.114  ; counter[12] ; counter[15] ; clk_i        ; clk_i       ; 0.000        ; 0.080      ; 1.380      ;
; 1.114  ; counter[20] ; counter[23] ; clk_i        ; clk_i       ; 0.000        ; 0.080      ; 1.380      ;
; 1.114  ; counter[10] ; counter[13] ; clk_i        ; clk_i       ; 0.000        ; 0.080      ; 1.380      ;
; 1.114  ; counter[18] ; counter[21] ; clk_i        ; clk_i       ; 0.000        ; 0.080      ; 1.380      ;
+--------+-------------+-------------+--------------+-------------+--------------+------------+------------+


+---------------------------------------------------------------------------------------------------------------------------------------------------------------------------------------+
; Slow 1200mV 85C Model Hold: 'clk_c'                                                                                                                                                   ;
+-------+------------------------------------------------+--------------------------------------------------------+--------------+-------------+--------------+------------+------------+
; Slack ; From Node                                      ; To Node                                                ; Launch Clock ; Latch Clock ; Relationship ; Clock Skew ; Data Delay ;
+-------+------------------------------------------------+--------------------------------------------------------+--------------+-------------+--------------+------------+------------+
; 0.403 ; integ:integ|pc[0]                              ; integ:integ|pc[0]                                      ; clk_c        ; clk_c       ; 0.000        ; 0.080      ; 0.669      ;
; 0.431 ; integ:integ|data_memory:data_mem|io_mem[1][12] ; integ:integ|data_memory:data_mem|systemoutput_o[0][12] ; clk_c        ; clk_c       ; 0.000        ; 0.079      ; 0.696      ;
; 0.433 ; integ:integ|data_memory:data_mem|io_mem[1][22] ; integ:integ|data_memory:data_mem|systemoutput_o[0][22] ; clk_c        ; clk_c       ; 0.000        ; 0.077      ; 0.696      ;
; 0.434 ; integ:integ|data_memory:data_mem|io_mem[1][0]  ; integ:integ|data_memory:data_mem|systemoutput_o[0][0]  ; clk_c        ; clk_c       ; 0.000        ; 0.077      ; 0.697      ;
; 0.455 ; integ:integ|data_memory:data_mem|io_mem[1][8]  ; integ:integ|data_memory:data_mem|systemoutput_o[0][8]  ; clk_c        ; clk_c       ; 0.000        ; 0.077      ; 0.718      ;
; 0.456 ; integ:integ|data_memory:data_mem|io_mem[1][9]  ; integ:integ|data_memory:data_mem|systemoutput_o[0][9]  ; clk_c        ; clk_c       ; 0.000        ; 0.077      ; 0.719      ;
; 0.601 ; integ:integ|data_memory:data_mem|io_mem[1][14] ; integ:integ|data_memory:data_mem|systemoutput_o[0][14] ; clk_c        ; clk_c       ; 0.000        ; 0.079      ; 0.866      ;
; 0.603 ; integ:integ|data_memory:data_mem|io_mem[1][2]  ; integ:integ|data_memory:data_mem|systemoutput_o[0][2]  ; clk_c        ; clk_c       ; 0.000        ; 0.077      ; 0.866      ;
; 0.604 ; integ:integ|data_memory:data_mem|io_mem[1][1]  ; integ:integ|data_memory:data_mem|systemoutput_o[0][1]  ; clk_c        ; clk_c       ; 0.000        ; 0.078      ; 0.868      ;
; 0.605 ; integ:integ|data_memory:data_mem|io_mem[1][4]  ; integ:integ|data_memory:data_mem|systemoutput_o[0][4]  ; clk_c        ; clk_c       ; 0.000        ; 0.077      ; 0.868      ;
; 0.627 ; integ:integ|data_memory:data_mem|io_mem[1][13] ; integ:integ|data_memory:data_mem|systemoutput_o[0][13] ; clk_c        ; clk_c       ; 0.000        ; 0.077      ; 0.890      ;
; 0.627 ; integ:integ|data_memory:data_mem|io_mem[1][11] ; integ:integ|data_memory:data_mem|systemoutput_o[0][11] ; clk_c        ; clk_c       ; 0.000        ; 0.077      ; 0.890      ;
; 0.740 ; integ:integ|data_memory:data_mem|io_mem[1][15] ; integ:integ|data_memory:data_mem|io_data[15]           ; clk_c        ; clk_c       ; 0.000        ; 0.079      ; 1.005      ;
; 0.741 ; integ:integ|data_memory:data_mem|io_mem[1][10] ; integ:integ|data_memory:data_mem|io_data[10]           ; clk_c        ; clk_c       ; 0.000        ; 0.079      ; 1.006      ;
; 0.743 ; integ:integ|data_memory:data_mem|io_mem[1][18] ; integ:integ|data_memory:data_mem|io_data[18]           ; clk_c        ; clk_c       ; 0.000        ; 0.078      ; 1.007      ;
; 0.775 ; integ:integ|data_memory:data_mem|io_mem[3][11] ; integ:integ|data_memory:data_mem|io_data[11]           ; clk_c        ; clk_c       ; 0.000        ; 0.078      ; 1.039      ;
; 0.776 ; integ:integ|data_memory:data_mem|io_mem[3][18] ; integ:integ|data_memory:data_mem|io_data[18]           ; clk_c        ; clk_c       ; 0.000        ; 0.078      ; 1.040      ;
; 0.776 ; integ:integ|data_memory:data_mem|io_mem[3][31] ; integ:integ|data_memory:data_mem|io_data[31]           ; clk_c        ; clk_c       ; 0.000        ; 0.079      ; 1.041      ;
; 0.777 ; integ:integ|data_memory:data_mem|io_mem[2][7]  ; integ:integ|data_memory:data_mem|io_data[7]            ; clk_c        ; clk_c       ; 0.000        ; 0.077      ; 1.040      ;
; 0.778 ; integ:integ|data_memory:data_mem|io_mem[2][17] ; integ:integ|data_memory:data_mem|io_data[17]           ; clk_c        ; clk_c       ; 0.000        ; 0.078      ; 1.042      ;
; 0.778 ; integ:integ|data_memory:data_mem|io_mem[2][9]  ; integ:integ|data_memory:data_mem|io_data[9]            ; clk_c        ; clk_c       ; 0.000        ; 0.077      ; 1.041      ;
; 0.805 ; integ:integ|data_memory:data_mem|io_mem[1][3]  ; integ:integ|data_memory:data_mem|systemoutput_o[0][3]  ; clk_c        ; clk_c       ; 0.000        ; 0.071      ; 1.062      ;
; 0.835 ; integ:integ|data_memory:data_mem|io_mem[1][18] ; integ:integ|data_memory:data_mem|systemoutput_o[0][18] ; clk_c        ; clk_c       ; 0.000        ; 0.078      ; 1.099      ;
; 0.879 ; integ:integ|data_memory:data_mem|io_mem[1][20] ; integ:integ|data_memory:data_mem|io_data[20]           ; clk_c        ; clk_c       ; 0.000        ; 0.078      ; 1.143      ;
; 0.900 ; integ:integ|data_memory:data_mem|io_mem[3][7]  ; integ:integ|data_memory:data_mem|io_data[7]            ; clk_c        ; clk_c       ; 0.000        ; 0.077      ; 1.163      ;
; 0.904 ; integ:integ|data_memory:data_mem|io_mem[3][9]  ; integ:integ|data_memory:data_mem|io_data[9]            ; clk_c        ; clk_c       ; 0.000        ; 0.077      ; 1.167      ;
; 0.965 ; integ:integ|data_memory:data_mem|io_mem[1][23] ; integ:integ|data_memory:data_mem|io_data[23]           ; clk_c        ; clk_c       ; 0.000        ; 0.078      ; 1.229      ;
; 0.984 ; integ:integ|data_memory:data_mem|io_mem[3][10] ; integ:integ|data_memory:data_mem|io_data[10]           ; clk_c        ; clk_c       ; 0.000        ; 0.079      ; 1.249      ;
; 0.990 ; integ:integ|data_memory:data_mem|io_mem[3][17] ; integ:integ|data_memory:data_mem|io_data[17]           ; clk_c        ; clk_c       ; 0.000        ; 0.078      ; 1.254      ;
; 1.000 ; integ:integ|data_memory:data_mem|io_mem[2][31] ; integ:integ|data_memory:data_mem|io_data[31]           ; clk_c        ; clk_c       ; 0.000        ; 0.079      ; 1.265      ;
; 1.022 ; integ:integ|data_memory:data_mem|io_mem[1][10] ; integ:integ|data_memory:data_mem|systemoutput_o[0][10] ; clk_c        ; clk_c       ; 0.000        ; 0.079      ; 1.287      ;
; 1.052 ; integ:integ|data_memory:data_mem|io_mem[2][13] ; integ:integ|data_memory:data_mem|io_data[13]           ; clk_c        ; clk_c       ; 0.000        ; 0.077      ; 1.315      ;
; 1.090 ; integ:integ|data_memory:data_mem|io_mem[1][22] ; integ:integ|data_memory:data_mem|io_data[22]           ; clk_c        ; clk_c       ; 0.000        ; 0.077      ; 1.353      ;
; 1.107 ; integ:integ|data_memory:data_mem|io_mem[1][21] ; integ:integ|data_memory:data_mem|systemoutput_o[0][21] ; clk_c        ; clk_c       ; 0.000        ; 0.087      ; 1.380      ;
; 1.107 ; integ:integ|data_memory:data_mem|io_mem[3][20] ; integ:integ|data_memory:data_mem|io_data[20]           ; clk_c        ; clk_c       ; 0.000        ; 0.078      ; 1.371      ;
; 1.119 ; integ:integ|data_memory:data_mem|io_mem[1][19] ; integ:integ|data_memory:data_mem|systemoutput_o[0][19] ; clk_c        ; clk_c       ; 0.000        ; 0.087      ; 1.392      ;
; 1.136 ; integ:integ|data_memory:data_mem|io_mem[3][13] ; integ:integ|data_memory:data_mem|io_data[13]           ; clk_c        ; clk_c       ; 0.000        ; 0.077      ; 1.399      ;
; 1.144 ; integ:integ|data_memory:data_mem|io_mem[1][17] ; integ:integ|data_memory:data_mem|systemoutput_o[0][17] ; clk_c        ; clk_c       ; 0.000        ; 0.085      ; 1.415      ;
; 1.155 ; integ:integ|data_memory:data_mem|io_mem[1][24] ; integ:integ|data_memory:data_mem|systemoutput_o[0][24] ; clk_c        ; clk_c       ; 0.000        ; 0.057      ; 1.398      ;
; 1.158 ; integ:integ|data_memory:data_mem|io_mem[3][22] ; integ:integ|data_memory:data_mem|io_data[22]           ; clk_c        ; clk_c       ; 0.000        ; 0.077      ; 1.421      ;
; 1.186 ; integ:integ|data_memory:data_mem|io_mem[2][11] ; integ:integ|data_memory:data_mem|io_data[11]           ; clk_c        ; clk_c       ; 0.000        ; 0.077      ; 1.449      ;
; 1.190 ; integ:integ|data_memory:data_mem|io_mem[1][30] ; integ:integ|data_memory:data_mem|systemoutput_o[0][30] ; clk_c        ; clk_c       ; 0.000        ; 0.076      ; 1.452      ;
; 1.254 ; integ:integ|data_memory:data_mem|io_mem[1][28] ; integ:integ|data_memory:data_mem|systemoutput_o[0][28] ; clk_c        ; clk_c       ; 0.000        ; 0.052      ; 1.492      ;
; 1.254 ; integ:integ|data_memory:data_mem|io_mem[3][15] ; integ:integ|data_memory:data_mem|io_data[15]           ; clk_c        ; clk_c       ; 0.000        ; 0.088      ; 1.528      ;
; 1.308 ; integ:integ|data_memory:data_mem|io_mem[0][17] ; integ:integ|data_memory:data_mem|io_data[17]           ; clk_c        ; clk_c       ; 0.000        ; 0.078      ; 1.572      ;
; 1.308 ; integ:integ|data_memory:data_mem|io_mem[0][31] ; integ:integ|data_memory:data_mem|io_data[31]           ; clk_c        ; clk_c       ; 0.000        ; 0.079      ; 1.573      ;
; 1.316 ; integ:integ|data_memory:data_mem|io_mem[0][9]  ; integ:integ|data_memory:data_mem|io_data[9]            ; clk_c        ; clk_c       ; 0.000        ; 0.077      ; 1.579      ;
; 1.320 ; integ:integ|data_memory:data_mem|io_mem[0][7]  ; integ:integ|data_memory:data_mem|io_data[7]            ; clk_c        ; clk_c       ; 0.000        ; 0.077      ; 1.583      ;
; 1.324 ; integ:integ|data_memory:data_mem|io_mem[1][2]  ; integ:integ|data_memory:data_mem|io_data[2]            ; clk_c        ; clk_c       ; 0.000        ; 0.073      ; 1.583      ;
; 1.335 ; integ:integ|data_memory:data_mem|io_mem[1][4]  ; integ:integ|data_memory:data_mem|io_data[4]            ; clk_c        ; clk_c       ; 0.000        ; 0.073      ; 1.594      ;
; 1.384 ; integ:integ|data_memory:data_mem|io_mem[3][19] ; integ:integ|data_memory:data_mem|io_data[19]           ; clk_c        ; clk_c       ; 0.000        ; 0.076      ; 1.646      ;
; 1.387 ; integ:integ|data_memory:data_mem|io_mem[2][19] ; integ:integ|data_memory:data_mem|io_data[19]           ; clk_c        ; clk_c       ; 0.000        ; 0.076      ; 1.649      ;
; 1.458 ; integ:integ|data_memory:data_mem|io_mem[0][13] ; integ:integ|data_memory:data_mem|io_data[13]           ; clk_c        ; clk_c       ; 0.000        ; 0.077      ; 1.721      ;
; 1.468 ; integ:integ|data_memory:data_mem|mem_data[10]  ; integ:integ|regfile:regfile|x~522                      ; clk_c        ; clk_c       ; -0.500       ; 0.021      ; 1.195      ;
; 1.493 ; integ:integ|data_memory:data_mem|mem_data[13]  ; integ:integ|regfile:regfile|x~525                      ; clk_c        ; clk_c       ; -0.500       ; 0.016      ; 1.215      ;
; 1.510 ; integ:integ|data_memory:data_mem|io_mem[1][7]  ; integ:integ|data_memory:data_mem|io_data[7]            ; clk_c        ; clk_c       ; 0.000        ; 0.078      ; 1.774      ;
; 1.541 ; integ:integ|data_memory:data_mem|io_mem[2][1]  ; integ:integ|data_memory:data_mem|io_data[1]            ; clk_c        ; clk_c       ; 0.000        ; 0.072      ; 1.799      ;
; 1.551 ; integ:integ|data_memory:data_mem|mem_data[8]   ; integ:integ|regfile:regfile|x~520                      ; clk_c        ; clk_c       ; -0.500       ; 0.018      ; 1.275      ;
; 1.569 ; integ:integ|data_memory:data_mem|io_mem[0][11] ; integ:integ|data_memory:data_mem|io_data[11]           ; clk_c        ; clk_c       ; 0.000        ; 0.077      ; 1.832      ;
; 1.579 ; integ:integ|data_memory:data_mem|io_mem[0][19] ; integ:integ|data_memory:data_mem|io_data[19]           ; clk_c        ; clk_c       ; 0.000        ; 0.076      ; 1.841      ;
; 1.618 ; integ:integ|data_memory:data_mem|mem_data[11]  ; integ:integ|regfile:regfile|x~523                      ; clk_c        ; clk_c       ; -0.500       ; 0.018      ; 1.342      ;
; 1.624 ; integ:integ|data_memory:data_mem|io_mem[3][1]  ; integ:integ|data_memory:data_mem|io_data[1]            ; clk_c        ; clk_c       ; 0.000        ; 0.072      ; 1.882      ;
; 1.627 ; integ:integ|data_memory:data_mem|mem_data[9]   ; integ:integ|regfile:regfile|x~521                      ; clk_c        ; clk_c       ; -0.500       ; 0.021      ; 1.354      ;
; 1.634 ; integ:integ|data_memory:data_mem|io_mem[3][4]  ; integ:integ|data_memory:data_mem|io_data[4]            ; clk_c        ; clk_c       ; 0.000        ; 0.073      ; 1.893      ;
; 1.641 ; integ:integ|data_memory:data_mem|io_mem[1][0]  ; integ:integ|data_memory:data_mem|io_data[0]            ; clk_c        ; clk_c       ; 0.000        ; 0.082      ; 1.909      ;
; 1.673 ; integ:integ|pc[28]                             ; integ:integ|pc[28]                                     ; clk_c        ; clk_c       ; 0.000        ; 0.080      ; 1.939      ;
; 1.685 ; integ:integ|data_memory:data_mem|io_mem[2][2]  ; integ:integ|data_memory:data_mem|io_data[2]            ; clk_c        ; clk_c       ; 0.000        ; 0.073      ; 1.944      ;
; 1.740 ; integ:integ|data_memory:data_mem|io_mem[1][16] ; integ:integ|data_memory:data_mem|systemoutput_o[0][16] ; clk_c        ; clk_c       ; 0.000        ; 0.091      ; 2.017      ;
; 1.745 ; integ:integ|data_memory:data_mem|io_mem[2][3]  ; integ:integ|data_memory:data_mem|io_data[3]            ; clk_c        ; clk_c       ; 0.000        ; 0.072      ; 2.003      ;
; 1.761 ; integ:integ|data_memory:data_mem|mem_data[14]  ; integ:integ|regfile:regfile|x~526                      ; clk_c        ; clk_c       ; -0.500       ; 0.016      ; 1.483      ;
; 1.766 ; integ:integ|data_memory:data_mem|io_mem[1][26] ; integ:integ|data_memory:data_mem|systemoutput_o[0][26] ; clk_c        ; clk_c       ; 0.000        ; 0.037      ; 1.989      ;
; 1.766 ; integ:integ|data_memory:data_mem|io_mem[3][3]  ; integ:integ|data_memory:data_mem|io_data[3]            ; clk_c        ; clk_c       ; 0.000        ; 0.073      ; 2.025      ;
; 1.789 ; integ:integ|data_memory:data_mem|io_mem[3][2]  ; integ:integ|data_memory:data_mem|io_data[2]            ; clk_c        ; clk_c       ; 0.000        ; 0.073      ; 2.048      ;
; 1.816 ; integ:integ|pc[27]                             ; integ:integ|pc[27]                                     ; clk_c        ; clk_c       ; 0.000        ; 0.080      ; 2.082      ;
; 1.890 ; integ:integ|pc[2]                              ; integ:integ|pc[2]                                      ; clk_c        ; clk_c       ; 0.000        ; 0.079      ; 2.155      ;
; 1.922 ; integ:integ|data_memory:data_mem|io_mem[1][25] ; integ:integ|data_memory:data_mem|systemoutput_o[0][25] ; clk_c        ; clk_c       ; 0.000        ; 0.097      ; 2.205      ;
; 1.927 ; integ:integ|regfile:regfile|x~133              ; integ:integ|data_memory:data_mem|io_mem[0][5]          ; clk_c        ; clk_c       ; -0.500       ; 0.149      ; 1.782      ;
; 1.934 ; integ:integ|data_memory:data_mem|io_mem[1][13] ; integ:integ|data_memory:data_mem|io_data[13]           ; clk_c        ; clk_c       ; 0.000        ; 0.103      ; 2.223      ;
; 1.937 ; integ:integ|data_memory:data_mem|io_data[12]   ; integ:integ|regfile:regfile|x~524                      ; clk_c        ; clk_c       ; -0.500       ; 0.028      ; 1.671      ;
; 1.964 ; integ:integ|regfile:regfile|x~6                ; integ:integ|data_memory:data_mem|io_mem[0][6]          ; clk_c        ; clk_c       ; -0.500       ; 0.143      ; 1.813      ;
; 2.000 ; integ:integ|pc[29]                             ; integ:integ|pc[30]                                     ; clk_c        ; clk_c       ; 0.000        ; 0.080      ; 2.266      ;
; 2.009 ; integ:integ|pc[28]                             ; integ:integ|pc[30]                                     ; clk_c        ; clk_c       ; 0.000        ; 0.080      ; 2.275      ;
; 2.014 ; integ:integ|pc[29]                             ; integ:integ|pc[29]                                     ; clk_c        ; clk_c       ; 0.000        ; 0.080      ; 2.280      ;
; 2.025 ; integ:integ|data_memory:data_mem|io_mem[1][20] ; integ:integ|data_memory:data_mem|systemoutput_o[0][20] ; clk_c        ; clk_c       ; 0.000        ; 0.074      ; 2.285      ;
; 2.042 ; integ:integ|data_memory:data_mem|io_mem[1][6]  ; integ:integ|data_memory:data_mem|systemoutput_o[0][6]  ; clk_c        ; clk_c       ; 0.000        ; 0.126      ; 2.354      ;
; 2.043 ; integ:integ|pc[30]                             ; integ:integ|pc[30]                                     ; clk_c        ; clk_c       ; 0.000        ; 0.080      ; 2.309      ;
; 2.064 ; integ:integ|data_memory:data_mem|io_mem[1][5]  ; integ:integ|data_memory:data_mem|systemoutput_o[0][5]  ; clk_c        ; clk_c       ; 0.000        ; 0.122      ; 2.372      ;
; 2.098 ; integ:integ|data_memory:data_mem|io_mem[2][4]  ; integ:integ|data_memory:data_mem|io_data[4]            ; clk_c        ; clk_c       ; 0.000        ; 0.073      ; 2.357      ;
; 2.101 ; integ:integ|regfile:regfile|x~5                ; integ:integ|data_memory:data_mem|io_mem[0][5]          ; clk_c        ; clk_c       ; -0.500       ; 0.134      ; 1.941      ;
; 2.111 ; integ:integ|data_memory:data_mem|io_mem[1][6]  ; integ:integ|data_memory:data_mem|io_data[6]            ; clk_c        ; clk_c       ; 0.000        ; 0.075      ; 2.372      ;
; 2.162 ; integ:integ|pc[27]                             ; integ:integ|pc[28]                                     ; clk_c        ; clk_c       ; 0.000        ; 0.080      ; 2.428      ;
; 2.163 ; integ:integ|data_memory:data_mem|io_mem[3][5]  ; integ:integ|data_memory:data_mem|io_data[5]            ; clk_c        ; clk_c       ; 0.000        ; 0.075      ; 2.424      ;
; 2.172 ; integ:integ|pc[2]                              ; integ:integ|pc[3]                                      ; clk_c        ; clk_c       ; 0.000        ; 0.079      ; 2.437      ;
; 2.176 ; integ:integ|data_memory:data_mem|io_mem[3][6]  ; integ:integ|data_memory:data_mem|io_data[6]            ; clk_c        ; clk_c       ; 0.000        ; 0.075      ; 2.437      ;
; 2.226 ; integ:integ|pc[9]                              ; integ:integ|pc[9]                                      ; clk_c        ; clk_c       ; 0.000        ; 0.080      ; 2.492      ;
; 2.239 ; integ:integ|pc[8]                              ; integ:integ|regfile:regfile|x~514                      ; clk_c        ; clk_c       ; 0.000        ; 0.075      ; 2.500      ;
; 2.249 ; integ:integ|pc[1]                              ; integ:integ|pc[2]                                      ; clk_c        ; clk_c       ; 0.000        ; 0.077      ; 2.512      ;
; 2.250 ; integ:integ|data_memory:data_mem|io_data[14]   ; integ:integ|regfile:regfile|x~526                      ; clk_c        ; clk_c       ; -0.500       ; 0.020      ; 1.976      ;
; 2.250 ; integ:integ|data_memory:data_mem|io_mem[1][9]  ; integ:integ|data_memory:data_mem|io_data[9]            ; clk_c        ; clk_c       ; 0.000        ; 0.103      ; 2.539      ;
; 2.264 ; integ:integ|data_memory:data_mem|io_mem[0][23] ; integ:integ|data_memory:data_mem|io_data[23]           ; clk_c        ; clk_c       ; 0.000        ; 0.071      ; 2.521      ;
+-------+------------------------------------------------+--------------------------------------------------------+--------------+-------------+--------------+------------+------------+


-----------------------------------------------
; Slow 1200mV 85C Model Metastability Summary ;
-----------------------------------------------
No synchronizer chains to report.


+-----------------------------------------------------------------------------------------------------------+
; Slow 1200mV 0C Model Fmax Summary                                                                         ;
+------------+-----------------+------------+---------------------------------------------------------------+
; Fmax       ; Restricted Fmax ; Clock Name ; Note                                                          ;
+------------+-----------------+------------+---------------------------------------------------------------+
; 2.52 MHz   ; 2.52 MHz        ; clk_c      ;                                                               ;
; 290.95 MHz ; 250.0 MHz       ; clk_i      ; limit due to minimum period restriction (max I/O toggle rate) ;
+------------+-----------------+------------+---------------------------------------------------------------+
This panel reports FMAX for every clock in the design, regardless of the user-specified clock periods.  FMAX is only computed for paths where the source and destination registers or ports are driven by the same clock.  Paths of different clocks, including generated clocks, are ignored.  For paths between a clock and its inversion, FMAX is computed as if the rising and falling edges are scaled along with FMAX, such that the duty cycle (in terms of a percentage) is maintained. Altera recommends that you always use clock constraints and other slack reports for sign-off analysis.


+------------------------------------+
; Slow 1200mV 0C Model Setup Summary ;
+-------+----------+-----------------+
; Clock ; Slack    ; End Point TNS   ;
+-------+----------+-----------------+
; clk_c ; -198.283 ; -6416987.824    ;
; clk_i ; -2.437   ; -56.748         ;
+-------+----------+-----------------+


+-----------------------------------+
; Slow 1200mV 0C Model Hold Summary ;
+-------+--------+------------------+
; Clock ; Slack  ; End Point TNS    ;
+-------+--------+------------------+
; clk_i ; -2.573 ; -2.573           ;
; clk_c ; 0.352  ; 0.000            ;
+-------+--------+------------------+


-----------------------------------------
; Slow 1200mV 0C Model Recovery Summary ;
-----------------------------------------
No paths to report.


----------------------------------------
; Slow 1200mV 0C Model Removal Summary ;
----------------------------------------
No paths to report.


+--------------------------------------------------+
; Slow 1200mV 0C Model Minimum Pulse Width Summary ;
+-------+--------+---------------------------------+
; Clock ; Slack  ; End Point TNS                   ;
+-------+--------+---------------------------------+
; clk_i ; -3.000 ; -45.405                         ;
; clk_c ; -1.285 ; -43705.420                      ;
+-------+--------+---------------------------------+


+---------------------------------------------------------------------------------------------------------------------------------------------------------+
; Slow 1200mV 0C Model Setup: 'clk_c'                                                                                                                     ;
+----------+-------------------+----------------------------------------------------+--------------+-------------+--------------+------------+------------+
; Slack    ; From Node         ; To Node                                            ; Launch Clock ; Latch Clock ; Relationship ; Clock Skew ; Data Delay ;
+----------+-------------------+----------------------------------------------------+--------------+-------------+--------------+------------+------------+
; -198.283 ; integ:integ|pc[5] ; integ:integ|data_memory:data_mem|data_mem[961][7]  ; clk_c        ; clk_c       ; 0.500        ; -0.133     ; 198.649    ;
; -198.283 ; integ:integ|pc[5] ; integ:integ|data_memory:data_mem|data_mem[961][1]  ; clk_c        ; clk_c       ; 0.500        ; -0.133     ; 198.649    ;
; -198.283 ; integ:integ|pc[5] ; integ:integ|data_memory:data_mem|data_mem[961][6]  ; clk_c        ; clk_c       ; 0.500        ; -0.133     ; 198.649    ;
; -198.276 ; integ:integ|pc[4] ; integ:integ|data_memory:data_mem|data_mem[961][7]  ; clk_c        ; clk_c       ; 0.500        ; -0.133     ; 198.642    ;
; -198.276 ; integ:integ|pc[4] ; integ:integ|data_memory:data_mem|data_mem[961][1]  ; clk_c        ; clk_c       ; 0.500        ; -0.133     ; 198.642    ;
; -198.276 ; integ:integ|pc[4] ; integ:integ|data_memory:data_mem|data_mem[961][6]  ; clk_c        ; clk_c       ; 0.500        ; -0.133     ; 198.642    ;
; -198.053 ; integ:integ|pc[5] ; integ:integ|data_memory:data_mem|data_mem[945][17] ; clk_c        ; clk_c       ; 0.500        ; -0.140     ; 198.412    ;
; -198.053 ; integ:integ|pc[5] ; integ:integ|data_memory:data_mem|data_mem[945][16] ; clk_c        ; clk_c       ; 0.500        ; -0.140     ; 198.412    ;
; -198.046 ; integ:integ|pc[4] ; integ:integ|data_memory:data_mem|data_mem[945][17] ; clk_c        ; clk_c       ; 0.500        ; -0.140     ; 198.405    ;
; -198.046 ; integ:integ|pc[4] ; integ:integ|data_memory:data_mem|data_mem[945][16] ; clk_c        ; clk_c       ; 0.500        ; -0.140     ; 198.405    ;
; -198.024 ; integ:integ|pc[2] ; integ:integ|data_memory:data_mem|data_mem[961][7]  ; clk_c        ; clk_c       ; 0.500        ; -0.133     ; 198.390    ;
; -198.024 ; integ:integ|pc[2] ; integ:integ|data_memory:data_mem|data_mem[961][1]  ; clk_c        ; clk_c       ; 0.500        ; -0.133     ; 198.390    ;
; -198.024 ; integ:integ|pc[2] ; integ:integ|data_memory:data_mem|data_mem[961][6]  ; clk_c        ; clk_c       ; 0.500        ; -0.133     ; 198.390    ;
; -197.918 ; integ:integ|pc[7] ; integ:integ|data_memory:data_mem|data_mem[961][7]  ; clk_c        ; clk_c       ; 0.500        ; -0.133     ; 198.284    ;
; -197.918 ; integ:integ|pc[7] ; integ:integ|data_memory:data_mem|data_mem[961][1]  ; clk_c        ; clk_c       ; 0.500        ; -0.133     ; 198.284    ;
; -197.918 ; integ:integ|pc[7] ; integ:integ|data_memory:data_mem|data_mem[961][6]  ; clk_c        ; clk_c       ; 0.500        ; -0.133     ; 198.284    ;
; -197.886 ; integ:integ|pc[8] ; integ:integ|data_memory:data_mem|data_mem[961][7]  ; clk_c        ; clk_c       ; 0.500        ; -0.133     ; 198.252    ;
; -197.886 ; integ:integ|pc[8] ; integ:integ|data_memory:data_mem|data_mem[961][1]  ; clk_c        ; clk_c       ; 0.500        ; -0.133     ; 198.252    ;
; -197.886 ; integ:integ|pc[8] ; integ:integ|data_memory:data_mem|data_mem[961][6]  ; clk_c        ; clk_c       ; 0.500        ; -0.133     ; 198.252    ;
; -197.850 ; integ:integ|pc[6] ; integ:integ|data_memory:data_mem|data_mem[961][7]  ; clk_c        ; clk_c       ; 0.500        ; -0.133     ; 198.216    ;
; -197.850 ; integ:integ|pc[6] ; integ:integ|data_memory:data_mem|data_mem[961][1]  ; clk_c        ; clk_c       ; 0.500        ; -0.133     ; 198.216    ;
; -197.850 ; integ:integ|pc[6] ; integ:integ|data_memory:data_mem|data_mem[961][6]  ; clk_c        ; clk_c       ; 0.500        ; -0.133     ; 198.216    ;
; -197.848 ; integ:integ|pc[5] ; integ:integ|data_memory:data_mem|data_mem[945][20] ; clk_c        ; clk_c       ; 0.500        ; -0.163     ; 198.184    ;
; -197.848 ; integ:integ|pc[5] ; integ:integ|data_memory:data_mem|data_mem[945][19] ; clk_c        ; clk_c       ; 0.500        ; -0.163     ; 198.184    ;
; -197.848 ; integ:integ|pc[5] ; integ:integ|data_memory:data_mem|data_mem[945][21] ; clk_c        ; clk_c       ; 0.500        ; -0.163     ; 198.184    ;
; -197.848 ; integ:integ|pc[5] ; integ:integ|data_memory:data_mem|data_mem[945][18] ; clk_c        ; clk_c       ; 0.500        ; -0.163     ; 198.184    ;
; -197.848 ; integ:integ|pc[5] ; integ:integ|data_memory:data_mem|data_mem[945][22] ; clk_c        ; clk_c       ; 0.500        ; -0.163     ; 198.184    ;
; -197.848 ; integ:integ|pc[5] ; integ:integ|data_memory:data_mem|data_mem[945][23] ; clk_c        ; clk_c       ; 0.500        ; -0.163     ; 198.184    ;
; -197.841 ; integ:integ|pc[4] ; integ:integ|data_memory:data_mem|data_mem[945][20] ; clk_c        ; clk_c       ; 0.500        ; -0.163     ; 198.177    ;
; -197.841 ; integ:integ|pc[4] ; integ:integ|data_memory:data_mem|data_mem[945][19] ; clk_c        ; clk_c       ; 0.500        ; -0.163     ; 198.177    ;
; -197.841 ; integ:integ|pc[4] ; integ:integ|data_memory:data_mem|data_mem[945][21] ; clk_c        ; clk_c       ; 0.500        ; -0.163     ; 198.177    ;
; -197.841 ; integ:integ|pc[4] ; integ:integ|data_memory:data_mem|data_mem[945][18] ; clk_c        ; clk_c       ; 0.500        ; -0.163     ; 198.177    ;
; -197.841 ; integ:integ|pc[4] ; integ:integ|data_memory:data_mem|data_mem[945][22] ; clk_c        ; clk_c       ; 0.500        ; -0.163     ; 198.177    ;
; -197.841 ; integ:integ|pc[4] ; integ:integ|data_memory:data_mem|data_mem[945][23] ; clk_c        ; clk_c       ; 0.500        ; -0.163     ; 198.177    ;
; -197.821 ; integ:integ|pc[3] ; integ:integ|data_memory:data_mem|data_mem[961][7]  ; clk_c        ; clk_c       ; 0.500        ; -0.133     ; 198.187    ;
; -197.821 ; integ:integ|pc[3] ; integ:integ|data_memory:data_mem|data_mem[961][1]  ; clk_c        ; clk_c       ; 0.500        ; -0.133     ; 198.187    ;
; -197.821 ; integ:integ|pc[3] ; integ:integ|data_memory:data_mem|data_mem[961][6]  ; clk_c        ; clk_c       ; 0.500        ; -0.133     ; 198.187    ;
; -197.794 ; integ:integ|pc[2] ; integ:integ|data_memory:data_mem|data_mem[945][17] ; clk_c        ; clk_c       ; 0.500        ; -0.140     ; 198.153    ;
; -197.794 ; integ:integ|pc[2] ; integ:integ|data_memory:data_mem|data_mem[945][16] ; clk_c        ; clk_c       ; 0.500        ; -0.140     ; 198.153    ;
; -197.689 ; integ:integ|pc[5] ; integ:integ|data_memory:data_mem|data_mem[961][4]  ; clk_c        ; clk_c       ; 0.500        ; -0.112     ; 198.076    ;
; -197.689 ; integ:integ|pc[5] ; integ:integ|data_memory:data_mem|data_mem[961][3]  ; clk_c        ; clk_c       ; 0.500        ; -0.112     ; 198.076    ;
; -197.689 ; integ:integ|pc[5] ; integ:integ|data_memory:data_mem|data_mem[961][2]  ; clk_c        ; clk_c       ; 0.500        ; -0.112     ; 198.076    ;
; -197.689 ; integ:integ|pc[5] ; integ:integ|data_memory:data_mem|data_mem[961][0]  ; clk_c        ; clk_c       ; 0.500        ; -0.112     ; 198.076    ;
; -197.689 ; integ:integ|pc[5] ; integ:integ|data_memory:data_mem|data_mem[961][5]  ; clk_c        ; clk_c       ; 0.500        ; -0.112     ; 198.076    ;
; -197.688 ; integ:integ|pc[7] ; integ:integ|data_memory:data_mem|data_mem[945][17] ; clk_c        ; clk_c       ; 0.500        ; -0.140     ; 198.047    ;
; -197.688 ; integ:integ|pc[7] ; integ:integ|data_memory:data_mem|data_mem[945][16] ; clk_c        ; clk_c       ; 0.500        ; -0.140     ; 198.047    ;
; -197.682 ; integ:integ|pc[4] ; integ:integ|data_memory:data_mem|data_mem[961][4]  ; clk_c        ; clk_c       ; 0.500        ; -0.112     ; 198.069    ;
; -197.682 ; integ:integ|pc[4] ; integ:integ|data_memory:data_mem|data_mem[961][3]  ; clk_c        ; clk_c       ; 0.500        ; -0.112     ; 198.069    ;
; -197.682 ; integ:integ|pc[4] ; integ:integ|data_memory:data_mem|data_mem[961][2]  ; clk_c        ; clk_c       ; 0.500        ; -0.112     ; 198.069    ;
; -197.682 ; integ:integ|pc[4] ; integ:integ|data_memory:data_mem|data_mem[961][0]  ; clk_c        ; clk_c       ; 0.500        ; -0.112     ; 198.069    ;
; -197.682 ; integ:integ|pc[4] ; integ:integ|data_memory:data_mem|data_mem[961][5]  ; clk_c        ; clk_c       ; 0.500        ; -0.112     ; 198.069    ;
; -197.656 ; integ:integ|pc[8] ; integ:integ|data_memory:data_mem|data_mem[945][17] ; clk_c        ; clk_c       ; 0.500        ; -0.140     ; 198.015    ;
; -197.656 ; integ:integ|pc[8] ; integ:integ|data_memory:data_mem|data_mem[945][16] ; clk_c        ; clk_c       ; 0.500        ; -0.140     ; 198.015    ;
; -197.620 ; integ:integ|pc[6] ; integ:integ|data_memory:data_mem|data_mem[945][17] ; clk_c        ; clk_c       ; 0.500        ; -0.140     ; 197.979    ;
; -197.620 ; integ:integ|pc[6] ; integ:integ|data_memory:data_mem|data_mem[945][16] ; clk_c        ; clk_c       ; 0.500        ; -0.140     ; 197.979    ;
; -197.591 ; integ:integ|pc[3] ; integ:integ|data_memory:data_mem|data_mem[945][17] ; clk_c        ; clk_c       ; 0.500        ; -0.140     ; 197.950    ;
; -197.591 ; integ:integ|pc[3] ; integ:integ|data_memory:data_mem|data_mem[945][16] ; clk_c        ; clk_c       ; 0.500        ; -0.140     ; 197.950    ;
; -197.589 ; integ:integ|pc[2] ; integ:integ|data_memory:data_mem|data_mem[945][20] ; clk_c        ; clk_c       ; 0.500        ; -0.163     ; 197.925    ;
; -197.589 ; integ:integ|pc[2] ; integ:integ|data_memory:data_mem|data_mem[945][19] ; clk_c        ; clk_c       ; 0.500        ; -0.163     ; 197.925    ;
; -197.589 ; integ:integ|pc[2] ; integ:integ|data_memory:data_mem|data_mem[945][21] ; clk_c        ; clk_c       ; 0.500        ; -0.163     ; 197.925    ;
; -197.589 ; integ:integ|pc[2] ; integ:integ|data_memory:data_mem|data_mem[945][18] ; clk_c        ; clk_c       ; 0.500        ; -0.163     ; 197.925    ;
; -197.589 ; integ:integ|pc[2] ; integ:integ|data_memory:data_mem|data_mem[945][22] ; clk_c        ; clk_c       ; 0.500        ; -0.163     ; 197.925    ;
; -197.589 ; integ:integ|pc[2] ; integ:integ|data_memory:data_mem|data_mem[945][23] ; clk_c        ; clk_c       ; 0.500        ; -0.163     ; 197.925    ;
; -197.587 ; integ:integ|pc[5] ; integ:integ|data_memory:data_mem|data_mem[926][7]  ; clk_c        ; clk_c       ; 0.500        ; -0.138     ; 197.948    ;
; -197.587 ; integ:integ|pc[5] ; integ:integ|data_memory:data_mem|data_mem[926][4]  ; clk_c        ; clk_c       ; 0.500        ; -0.138     ; 197.948    ;
; -197.587 ; integ:integ|pc[5] ; integ:integ|data_memory:data_mem|data_mem[926][3]  ; clk_c        ; clk_c       ; 0.500        ; -0.138     ; 197.948    ;
; -197.587 ; integ:integ|pc[5] ; integ:integ|data_memory:data_mem|data_mem[926][1]  ; clk_c        ; clk_c       ; 0.500        ; -0.138     ; 197.948    ;
; -197.587 ; integ:integ|pc[5] ; integ:integ|data_memory:data_mem|data_mem[926][2]  ; clk_c        ; clk_c       ; 0.500        ; -0.138     ; 197.948    ;
; -197.587 ; integ:integ|pc[5] ; integ:integ|data_memory:data_mem|data_mem[926][0]  ; clk_c        ; clk_c       ; 0.500        ; -0.138     ; 197.948    ;
; -197.587 ; integ:integ|pc[5] ; integ:integ|data_memory:data_mem|data_mem[926][5]  ; clk_c        ; clk_c       ; 0.500        ; -0.138     ; 197.948    ;
; -197.587 ; integ:integ|pc[5] ; integ:integ|data_memory:data_mem|data_mem[926][6]  ; clk_c        ; clk_c       ; 0.500        ; -0.138     ; 197.948    ;
; -197.580 ; integ:integ|pc[4] ; integ:integ|data_memory:data_mem|data_mem[926][7]  ; clk_c        ; clk_c       ; 0.500        ; -0.138     ; 197.941    ;
; -197.580 ; integ:integ|pc[4] ; integ:integ|data_memory:data_mem|data_mem[926][4]  ; clk_c        ; clk_c       ; 0.500        ; -0.138     ; 197.941    ;
; -197.580 ; integ:integ|pc[4] ; integ:integ|data_memory:data_mem|data_mem[926][3]  ; clk_c        ; clk_c       ; 0.500        ; -0.138     ; 197.941    ;
; -197.580 ; integ:integ|pc[4] ; integ:integ|data_memory:data_mem|data_mem[926][1]  ; clk_c        ; clk_c       ; 0.500        ; -0.138     ; 197.941    ;
; -197.580 ; integ:integ|pc[4] ; integ:integ|data_memory:data_mem|data_mem[926][2]  ; clk_c        ; clk_c       ; 0.500        ; -0.138     ; 197.941    ;
; -197.580 ; integ:integ|pc[4] ; integ:integ|data_memory:data_mem|data_mem[926][0]  ; clk_c        ; clk_c       ; 0.500        ; -0.138     ; 197.941    ;
; -197.580 ; integ:integ|pc[4] ; integ:integ|data_memory:data_mem|data_mem[926][5]  ; clk_c        ; clk_c       ; 0.500        ; -0.138     ; 197.941    ;
; -197.580 ; integ:integ|pc[4] ; integ:integ|data_memory:data_mem|data_mem[926][6]  ; clk_c        ; clk_c       ; 0.500        ; -0.138     ; 197.941    ;
; -197.483 ; integ:integ|pc[7] ; integ:integ|data_memory:data_mem|data_mem[945][20] ; clk_c        ; clk_c       ; 0.500        ; -0.163     ; 197.819    ;
; -197.483 ; integ:integ|pc[7] ; integ:integ|data_memory:data_mem|data_mem[945][19] ; clk_c        ; clk_c       ; 0.500        ; -0.163     ; 197.819    ;
; -197.483 ; integ:integ|pc[7] ; integ:integ|data_memory:data_mem|data_mem[945][21] ; clk_c        ; clk_c       ; 0.500        ; -0.163     ; 197.819    ;
; -197.483 ; integ:integ|pc[7] ; integ:integ|data_memory:data_mem|data_mem[945][18] ; clk_c        ; clk_c       ; 0.500        ; -0.163     ; 197.819    ;
; -197.483 ; integ:integ|pc[7] ; integ:integ|data_memory:data_mem|data_mem[945][22] ; clk_c        ; clk_c       ; 0.500        ; -0.163     ; 197.819    ;
; -197.483 ; integ:integ|pc[7] ; integ:integ|data_memory:data_mem|data_mem[945][23] ; clk_c        ; clk_c       ; 0.500        ; -0.163     ; 197.819    ;
; -197.451 ; integ:integ|pc[8] ; integ:integ|data_memory:data_mem|data_mem[945][20] ; clk_c        ; clk_c       ; 0.500        ; -0.163     ; 197.787    ;
; -197.451 ; integ:integ|pc[8] ; integ:integ|data_memory:data_mem|data_mem[945][19] ; clk_c        ; clk_c       ; 0.500        ; -0.163     ; 197.787    ;
; -197.451 ; integ:integ|pc[8] ; integ:integ|data_memory:data_mem|data_mem[945][21] ; clk_c        ; clk_c       ; 0.500        ; -0.163     ; 197.787    ;
; -197.451 ; integ:integ|pc[8] ; integ:integ|data_memory:data_mem|data_mem[945][18] ; clk_c        ; clk_c       ; 0.500        ; -0.163     ; 197.787    ;
; -197.451 ; integ:integ|pc[8] ; integ:integ|data_memory:data_mem|data_mem[945][22] ; clk_c        ; clk_c       ; 0.500        ; -0.163     ; 197.787    ;
; -197.451 ; integ:integ|pc[8] ; integ:integ|data_memory:data_mem|data_mem[945][23] ; clk_c        ; clk_c       ; 0.500        ; -0.163     ; 197.787    ;
; -197.430 ; integ:integ|pc[2] ; integ:integ|data_memory:data_mem|data_mem[961][4]  ; clk_c        ; clk_c       ; 0.500        ; -0.112     ; 197.817    ;
; -197.430 ; integ:integ|pc[2] ; integ:integ|data_memory:data_mem|data_mem[961][3]  ; clk_c        ; clk_c       ; 0.500        ; -0.112     ; 197.817    ;
; -197.430 ; integ:integ|pc[2] ; integ:integ|data_memory:data_mem|data_mem[961][2]  ; clk_c        ; clk_c       ; 0.500        ; -0.112     ; 197.817    ;
; -197.430 ; integ:integ|pc[2] ; integ:integ|data_memory:data_mem|data_mem[961][0]  ; clk_c        ; clk_c       ; 0.500        ; -0.112     ; 197.817    ;
; -197.430 ; integ:integ|pc[2] ; integ:integ|data_memory:data_mem|data_mem[961][5]  ; clk_c        ; clk_c       ; 0.500        ; -0.112     ; 197.817    ;
; -197.415 ; integ:integ|pc[6] ; integ:integ|data_memory:data_mem|data_mem[945][20] ; clk_c        ; clk_c       ; 0.500        ; -0.163     ; 197.751    ;
; -197.415 ; integ:integ|pc[6] ; integ:integ|data_memory:data_mem|data_mem[945][19] ; clk_c        ; clk_c       ; 0.500        ; -0.163     ; 197.751    ;
; -197.415 ; integ:integ|pc[6] ; integ:integ|data_memory:data_mem|data_mem[945][21] ; clk_c        ; clk_c       ; 0.500        ; -0.163     ; 197.751    ;
; -197.415 ; integ:integ|pc[6] ; integ:integ|data_memory:data_mem|data_mem[945][18] ; clk_c        ; clk_c       ; 0.500        ; -0.163     ; 197.751    ;
+----------+-------------------+----------------------------------------------------+--------------+-------------+--------------+------------+------------+


+----------------------------------------------------------------------------------------------------------+
; Slow 1200mV 0C Model Setup: 'clk_i'                                                                      ;
+--------+-------------+-------------+--------------+-------------+--------------+------------+------------+
; Slack  ; From Node   ; To Node     ; Launch Clock ; Latch Clock ; Relationship ; Clock Skew ; Data Delay ;
+--------+-------------+-------------+--------------+-------------+--------------+------------+------------+
; -2.437 ; counter[0]  ; counter[31] ; clk_i        ; clk_i       ; 1.000        ; -0.068     ; 3.368      ;
; -2.392 ; counter[1]  ; counter[30] ; clk_i        ; clk_i       ; 1.000        ; -0.068     ; 3.323      ;
; -2.363 ; counter[1]  ; counter[31] ; clk_i        ; clk_i       ; 1.000        ; -0.068     ; 3.294      ;
; -2.321 ; counter[0]  ; counter[29] ; clk_i        ; clk_i       ; 1.000        ; -0.068     ; 3.252      ;
; -2.313 ; counter[0]  ; counter[30] ; clk_i        ; clk_i       ; 1.000        ; -0.068     ; 3.244      ;
; -2.276 ; counter[1]  ; counter[28] ; clk_i        ; clk_i       ; 1.000        ; -0.068     ; 3.207      ;
; -2.266 ; counter[4]  ; counter[31] ; clk_i        ; clk_i       ; 1.000        ; -0.068     ; 3.197      ;
; -2.247 ; counter[1]  ; counter[29] ; clk_i        ; clk_i       ; 1.000        ; -0.068     ; 3.178      ;
; -2.205 ; counter[0]  ; counter[27] ; clk_i        ; clk_i       ; 1.000        ; -0.068     ; 3.136      ;
; -2.197 ; counter[0]  ; counter[28] ; clk_i        ; clk_i       ; 1.000        ; -0.068     ; 3.128      ;
; -2.190 ; counter[5]  ; counter[30] ; clk_i        ; clk_i       ; 1.000        ; -0.068     ; 3.121      ;
; -2.168 ; counter[2]  ; counter[31] ; clk_i        ; clk_i       ; 1.000        ; -0.067     ; 3.100      ;
; -2.161 ; counter[5]  ; counter[31] ; clk_i        ; clk_i       ; 1.000        ; -0.068     ; 3.092      ;
; -2.160 ; counter[1]  ; counter[26] ; clk_i        ; clk_i       ; 1.000        ; -0.068     ; 3.091      ;
; -2.150 ; counter[4]  ; counter[29] ; clk_i        ; clk_i       ; 1.000        ; -0.068     ; 3.081      ;
; -2.146 ; counter[3]  ; counter[30] ; clk_i        ; clk_i       ; 1.000        ; -0.067     ; 3.078      ;
; -2.131 ; counter[1]  ; counter[27] ; clk_i        ; clk_i       ; 1.000        ; -0.068     ; 3.062      ;
; -2.121 ; counter[4]  ; counter[30] ; clk_i        ; clk_i       ; 1.000        ; -0.068     ; 3.052      ;
; -2.117 ; counter[3]  ; counter[31] ; clk_i        ; clk_i       ; 1.000        ; -0.067     ; 3.049      ;
; -2.092 ; counter[21] ; counter[4]  ; clk_i        ; clk_i       ; 1.000        ; -0.076     ; 3.015      ;
; -2.092 ; counter[21] ; counter[1]  ; clk_i        ; clk_i       ; 1.000        ; -0.076     ; 3.015      ;
; -2.089 ; counter[0]  ; counter[25] ; clk_i        ; clk_i       ; 1.000        ; -0.068     ; 3.020      ;
; -2.086 ; counter[21] ; clk_c       ; clk_i        ; clk_i       ; 1.000        ; -0.076     ; 3.009      ;
; -2.085 ; counter[21] ; counter[0]  ; clk_i        ; clk_i       ; 1.000        ; -0.076     ; 3.008      ;
; -2.083 ; counter[21] ; counter[5]  ; clk_i        ; clk_i       ; 1.000        ; -0.076     ; 3.006      ;
; -2.081 ; counter[0]  ; counter[26] ; clk_i        ; clk_i       ; 1.000        ; -0.068     ; 3.012      ;
; -2.074 ; counter[5]  ; counter[28] ; clk_i        ; clk_i       ; 1.000        ; -0.068     ; 3.005      ;
; -2.071 ; counter[27] ; counter[4]  ; clk_i        ; clk_i       ; 1.000        ; -0.076     ; 2.994      ;
; -2.071 ; counter[27] ; counter[1]  ; clk_i        ; clk_i       ; 1.000        ; -0.076     ; 2.994      ;
; -2.070 ; counter[2]  ; counter[30] ; clk_i        ; clk_i       ; 1.000        ; -0.067     ; 3.002      ;
; -2.065 ; counter[27] ; clk_c       ; clk_i        ; clk_i       ; 1.000        ; -0.076     ; 2.988      ;
; -2.064 ; counter[27] ; counter[0]  ; clk_i        ; clk_i       ; 1.000        ; -0.076     ; 2.987      ;
; -2.062 ; counter[27] ; counter[5]  ; clk_i        ; clk_i       ; 1.000        ; -0.076     ; 2.985      ;
; -2.052 ; counter[2]  ; counter[29] ; clk_i        ; clk_i       ; 1.000        ; -0.067     ; 2.984      ;
; -2.045 ; counter[5]  ; counter[29] ; clk_i        ; clk_i       ; 1.000        ; -0.068     ; 2.976      ;
; -2.044 ; counter[1]  ; counter[24] ; clk_i        ; clk_i       ; 1.000        ; -0.068     ; 2.975      ;
; -2.034 ; counter[4]  ; counter[27] ; clk_i        ; clk_i       ; 1.000        ; -0.068     ; 2.965      ;
; -2.030 ; counter[3]  ; counter[28] ; clk_i        ; clk_i       ; 1.000        ; -0.067     ; 2.962      ;
; -2.015 ; counter[1]  ; counter[25] ; clk_i        ; clk_i       ; 1.000        ; -0.068     ; 2.946      ;
; -2.005 ; counter[4]  ; counter[28] ; clk_i        ; clk_i       ; 1.000        ; -0.068     ; 2.936      ;
; -2.001 ; counter[3]  ; counter[29] ; clk_i        ; clk_i       ; 1.000        ; -0.067     ; 2.933      ;
; -1.973 ; counter[0]  ; counter[23] ; clk_i        ; clk_i       ; 1.000        ; -0.068     ; 2.904      ;
; -1.968 ; counter[28] ; counter[4]  ; clk_i        ; clk_i       ; 1.000        ; -0.076     ; 2.891      ;
; -1.968 ; counter[28] ; counter[1]  ; clk_i        ; clk_i       ; 1.000        ; -0.076     ; 2.891      ;
; -1.965 ; counter[0]  ; counter[24] ; clk_i        ; clk_i       ; 1.000        ; -0.068     ; 2.896      ;
; -1.962 ; counter[28] ; clk_c       ; clk_i        ; clk_i       ; 1.000        ; -0.076     ; 2.885      ;
; -1.961 ; counter[28] ; counter[0]  ; clk_i        ; clk_i       ; 1.000        ; -0.076     ; 2.884      ;
; -1.959 ; counter[28] ; counter[5]  ; clk_i        ; clk_i       ; 1.000        ; -0.076     ; 2.882      ;
; -1.958 ; counter[5]  ; counter[26] ; clk_i        ; clk_i       ; 1.000        ; -0.068     ; 2.889      ;
; -1.954 ; counter[2]  ; counter[28] ; clk_i        ; clk_i       ; 1.000        ; -0.067     ; 2.886      ;
; -1.936 ; counter[2]  ; counter[27] ; clk_i        ; clk_i       ; 1.000        ; -0.067     ; 2.868      ;
; -1.933 ; counter[6]  ; counter[31] ; clk_i        ; clk_i       ; 1.000        ; -0.067     ; 2.865      ;
; -1.929 ; counter[5]  ; counter[27] ; clk_i        ; clk_i       ; 1.000        ; -0.068     ; 2.860      ;
; -1.928 ; counter[1]  ; counter[22] ; clk_i        ; clk_i       ; 1.000        ; -0.068     ; 2.859      ;
; -1.918 ; counter[7]  ; counter[30] ; clk_i        ; clk_i       ; 1.000        ; -0.067     ; 2.850      ;
; -1.918 ; counter[4]  ; counter[25] ; clk_i        ; clk_i       ; 1.000        ; -0.068     ; 2.849      ;
; -1.914 ; counter[3]  ; counter[26] ; clk_i        ; clk_i       ; 1.000        ; -0.067     ; 2.846      ;
; -1.899 ; counter[1]  ; counter[23] ; clk_i        ; clk_i       ; 1.000        ; -0.068     ; 2.830      ;
; -1.889 ; counter[7]  ; counter[31] ; clk_i        ; clk_i       ; 1.000        ; -0.067     ; 2.821      ;
; -1.889 ; counter[4]  ; counter[26] ; clk_i        ; clk_i       ; 1.000        ; -0.068     ; 2.820      ;
; -1.885 ; counter[3]  ; counter[27] ; clk_i        ; clk_i       ; 1.000        ; -0.067     ; 2.817      ;
; -1.857 ; counter[0]  ; counter[21] ; clk_i        ; clk_i       ; 1.000        ; -0.068     ; 2.788      ;
; -1.849 ; counter[0]  ; counter[22] ; clk_i        ; clk_i       ; 1.000        ; -0.068     ; 2.780      ;
; -1.847 ; counter[20] ; counter[4]  ; clk_i        ; clk_i       ; 1.000        ; -0.076     ; 2.770      ;
; -1.847 ; counter[20] ; counter[1]  ; clk_i        ; clk_i       ; 1.000        ; -0.076     ; 2.770      ;
; -1.844 ; counter[6]  ; counter[30] ; clk_i        ; clk_i       ; 1.000        ; -0.067     ; 2.776      ;
; -1.842 ; counter[20] ; clk_c       ; clk_i        ; clk_i       ; 1.000        ; -0.076     ; 2.765      ;
; -1.842 ; counter[5]  ; counter[24] ; clk_i        ; clk_i       ; 1.000        ; -0.068     ; 2.773      ;
; -1.841 ; counter[20] ; counter[0]  ; clk_i        ; clk_i       ; 1.000        ; -0.076     ; 2.764      ;
; -1.839 ; counter[20] ; counter[5]  ; clk_i        ; clk_i       ; 1.000        ; -0.076     ; 2.762      ;
; -1.838 ; counter[2]  ; counter[26] ; clk_i        ; clk_i       ; 1.000        ; -0.067     ; 2.770      ;
; -1.823 ; counter[25] ; counter[4]  ; clk_i        ; clk_i       ; 1.000        ; -0.076     ; 2.746      ;
; -1.823 ; counter[25] ; counter[1]  ; clk_i        ; clk_i       ; 1.000        ; -0.076     ; 2.746      ;
; -1.823 ; counter[23] ; counter[4]  ; clk_i        ; clk_i       ; 1.000        ; -0.076     ; 2.746      ;
; -1.823 ; counter[23] ; counter[1]  ; clk_i        ; clk_i       ; 1.000        ; -0.076     ; 2.746      ;
; -1.822 ; counter[8]  ; counter[31] ; clk_i        ; clk_i       ; 1.000        ; -0.067     ; 2.754      ;
; -1.820 ; counter[2]  ; counter[25] ; clk_i        ; clk_i       ; 1.000        ; -0.067     ; 2.752      ;
; -1.818 ; counter[23] ; clk_c       ; clk_i        ; clk_i       ; 1.000        ; -0.076     ; 2.741      ;
; -1.817 ; counter[6]  ; counter[29] ; clk_i        ; clk_i       ; 1.000        ; -0.067     ; 2.749      ;
; -1.817 ; counter[25] ; clk_c       ; clk_i        ; clk_i       ; 1.000        ; -0.076     ; 2.740      ;
; -1.817 ; counter[23] ; counter[0]  ; clk_i        ; clk_i       ; 1.000        ; -0.076     ; 2.740      ;
; -1.816 ; counter[25] ; counter[0]  ; clk_i        ; clk_i       ; 1.000        ; -0.076     ; 2.739      ;
; -1.815 ; counter[23] ; counter[5]  ; clk_i        ; clk_i       ; 1.000        ; -0.076     ; 2.738      ;
; -1.814 ; counter[25] ; counter[5]  ; clk_i        ; clk_i       ; 1.000        ; -0.076     ; 2.737      ;
; -1.813 ; counter[5]  ; counter[25] ; clk_i        ; clk_i       ; 1.000        ; -0.068     ; 2.744      ;
; -1.812 ; counter[1]  ; counter[20] ; clk_i        ; clk_i       ; 1.000        ; -0.068     ; 2.743      ;
; -1.802 ; counter[9]  ; counter[30] ; clk_i        ; clk_i       ; 1.000        ; -0.067     ; 2.734      ;
; -1.802 ; counter[7]  ; counter[28] ; clk_i        ; clk_i       ; 1.000        ; -0.067     ; 2.734      ;
; -1.802 ; counter[4]  ; counter[23] ; clk_i        ; clk_i       ; 1.000        ; -0.068     ; 2.733      ;
; -1.798 ; counter[3]  ; counter[24] ; clk_i        ; clk_i       ; 1.000        ; -0.067     ; 2.730      ;
; -1.783 ; counter[1]  ; counter[21] ; clk_i        ; clk_i       ; 1.000        ; -0.068     ; 2.714      ;
; -1.773 ; counter[9]  ; counter[31] ; clk_i        ; clk_i       ; 1.000        ; -0.067     ; 2.705      ;
; -1.773 ; counter[7]  ; counter[29] ; clk_i        ; clk_i       ; 1.000        ; -0.067     ; 2.705      ;
; -1.773 ; counter[4]  ; counter[24] ; clk_i        ; clk_i       ; 1.000        ; -0.068     ; 2.704      ;
; -1.769 ; counter[3]  ; counter[25] ; clk_i        ; clk_i       ; 1.000        ; -0.067     ; 2.701      ;
; -1.741 ; counter[0]  ; counter[19] ; clk_i        ; clk_i       ; 1.000        ; -0.068     ; 2.672      ;
; -1.739 ; counter[0]  ; counter[5]  ; clk_i        ; clk_i       ; 1.000        ; -0.072     ; 2.666      ;
; -1.738 ; counter[30] ; counter[4]  ; clk_i        ; clk_i       ; 1.000        ; -0.076     ; 2.661      ;
; -1.738 ; counter[30] ; counter[1]  ; clk_i        ; clk_i       ; 1.000        ; -0.076     ; 2.661      ;
; -1.733 ; counter[0]  ; counter[20] ; clk_i        ; clk_i       ; 1.000        ; -0.068     ; 2.664      ;
+--------+-------------+-------------+--------------+-------------+--------------+------------+------------+


+----------------------------------------------------------------------------------------------------------+
; Slow 1200mV 0C Model Hold: 'clk_i'                                                                       ;
+--------+-------------+-------------+--------------+-------------+--------------+------------+------------+
; Slack  ; From Node   ; To Node     ; Launch Clock ; Latch Clock ; Relationship ; Clock Skew ; Data Delay ;
+--------+-------------+-------------+--------------+-------------+--------------+------------+------------+
; -2.573 ; clk_c       ; clk_c       ; clk_c        ; clk_i       ; 0.000        ; 2.771      ; 0.612      ;
; -2.088 ; clk_c       ; clk_c       ; clk_c        ; clk_i       ; -0.500       ; 2.771      ; 0.597      ;
; 0.599  ; counter[19] ; counter[19] ; clk_i        ; clk_i       ; 0.000        ; 0.072      ; 0.842      ;
; 0.599  ; counter[29] ; counter[29] ; clk_i        ; clk_i       ; 0.000        ; 0.072      ; 0.842      ;
; 0.599  ; counter[21] ; counter[21] ; clk_i        ; clk_i       ; 0.000        ; 0.072      ; 0.842      ;
; 0.599  ; counter[15] ; counter[15] ; clk_i        ; clk_i       ; 0.000        ; 0.071      ; 0.841      ;
; 0.599  ; counter[13] ; counter[13] ; clk_i        ; clk_i       ; 0.000        ; 0.071      ; 0.841      ;
; 0.599  ; counter[3]  ; counter[3]  ; clk_i        ; clk_i       ; 0.000        ; 0.071      ; 0.841      ;
; 0.600  ; counter[31] ; counter[31] ; clk_i        ; clk_i       ; 0.000        ; 0.072      ; 0.843      ;
; 0.600  ; counter[27] ; counter[27] ; clk_i        ; clk_i       ; 0.000        ; 0.072      ; 0.843      ;
; 0.600  ; counter[11] ; counter[11] ; clk_i        ; clk_i       ; 0.000        ; 0.071      ; 0.842      ;
; 0.601  ; counter[17] ; counter[17] ; clk_i        ; clk_i       ; 0.000        ; 0.072      ; 0.844      ;
; 0.601  ; counter[22] ; counter[22] ; clk_i        ; clk_i       ; 0.000        ; 0.072      ; 0.844      ;
; 0.601  ; counter[6]  ; counter[6]  ; clk_i        ; clk_i       ; 0.000        ; 0.071      ; 0.843      ;
; 0.603  ; counter[25] ; counter[25] ; clk_i        ; clk_i       ; 0.000        ; 0.072      ; 0.846      ;
; 0.603  ; counter[23] ; counter[23] ; clk_i        ; clk_i       ; 0.000        ; 0.072      ; 0.846      ;
; 0.603  ; counter[16] ; counter[16] ; clk_i        ; clk_i       ; 0.000        ; 0.072      ; 0.846      ;
; 0.603  ; counter[9]  ; counter[9]  ; clk_i        ; clk_i       ; 0.000        ; 0.071      ; 0.845      ;
; 0.603  ; counter[7]  ; counter[7]  ; clk_i        ; clk_i       ; 0.000        ; 0.071      ; 0.845      ;
; 0.604  ; counter[18] ; counter[18] ; clk_i        ; clk_i       ; 0.000        ; 0.072      ; 0.847      ;
; 0.604  ; counter[30] ; counter[30] ; clk_i        ; clk_i       ; 0.000        ; 0.072      ; 0.847      ;
; 0.604  ; counter[20] ; counter[20] ; clk_i        ; clk_i       ; 0.000        ; 0.072      ; 0.847      ;
; 0.604  ; counter[14] ; counter[14] ; clk_i        ; clk_i       ; 0.000        ; 0.071      ; 0.846      ;
; 0.604  ; counter[2]  ; counter[2]  ; clk_i        ; clk_i       ; 0.000        ; 0.071      ; 0.846      ;
; 0.605  ; counter[28] ; counter[28] ; clk_i        ; clk_i       ; 0.000        ; 0.072      ; 0.848      ;
; 0.605  ; counter[26] ; counter[26] ; clk_i        ; clk_i       ; 0.000        ; 0.072      ; 0.848      ;
; 0.605  ; counter[24] ; counter[24] ; clk_i        ; clk_i       ; 0.000        ; 0.072      ; 0.848      ;
; 0.605  ; counter[12] ; counter[12] ; clk_i        ; clk_i       ; 0.000        ; 0.071      ; 0.847      ;
; 0.605  ; counter[10] ; counter[10] ; clk_i        ; clk_i       ; 0.000        ; 0.071      ; 0.847      ;
; 0.605  ; counter[8]  ; counter[8]  ; clk_i        ; clk_i       ; 0.000        ; 0.071      ; 0.847      ;
; 0.880  ; counter[15] ; counter[16] ; clk_i        ; clk_i       ; 0.000        ; 0.076      ; 1.127      ;
; 0.885  ; counter[21] ; counter[22] ; clk_i        ; clk_i       ; 0.000        ; 0.072      ; 1.128      ;
; 0.885  ; counter[29] ; counter[30] ; clk_i        ; clk_i       ; 0.000        ; 0.072      ; 1.128      ;
; 0.885  ; counter[19] ; counter[20] ; clk_i        ; clk_i       ; 0.000        ; 0.072      ; 1.128      ;
; 0.885  ; counter[13] ; counter[14] ; clk_i        ; clk_i       ; 0.000        ; 0.071      ; 1.127      ;
; 0.886  ; counter[27] ; counter[28] ; clk_i        ; clk_i       ; 0.000        ; 0.072      ; 1.129      ;
; 0.886  ; counter[11] ; counter[12] ; clk_i        ; clk_i       ; 0.000        ; 0.071      ; 1.128      ;
; 0.888  ; counter[17] ; counter[18] ; clk_i        ; clk_i       ; 0.000        ; 0.072      ; 1.131      ;
; 0.889  ; counter[22] ; counter[23] ; clk_i        ; clk_i       ; 0.000        ; 0.072      ; 1.132      ;
; 0.889  ; counter[6]  ; counter[7]  ; clk_i        ; clk_i       ; 0.000        ; 0.071      ; 1.131      ;
; 0.890  ; counter[25] ; counter[26] ; clk_i        ; clk_i       ; 0.000        ; 0.072      ; 1.133      ;
; 0.890  ; counter[23] ; counter[24] ; clk_i        ; clk_i       ; 0.000        ; 0.072      ; 1.133      ;
; 0.890  ; counter[9]  ; counter[10] ; clk_i        ; clk_i       ; 0.000        ; 0.071      ; 1.132      ;
; 0.890  ; counter[7]  ; counter[8]  ; clk_i        ; clk_i       ; 0.000        ; 0.071      ; 1.132      ;
; 0.891  ; counter[16] ; counter[17] ; clk_i        ; clk_i       ; 0.000        ; 0.072      ; 1.134      ;
; 0.892  ; counter[18] ; counter[19] ; clk_i        ; clk_i       ; 0.000        ; 0.072      ; 1.135      ;
; 0.892  ; counter[20] ; counter[21] ; clk_i        ; clk_i       ; 0.000        ; 0.072      ; 1.135      ;
; 0.892  ; counter[14] ; counter[15] ; clk_i        ; clk_i       ; 0.000        ; 0.071      ; 1.134      ;
; 0.892  ; counter[2]  ; counter[3]  ; clk_i        ; clk_i       ; 0.000        ; 0.071      ; 1.134      ;
; 0.892  ; counter[30] ; counter[31] ; clk_i        ; clk_i       ; 0.000        ; 0.072      ; 1.135      ;
; 0.893  ; counter[28] ; counter[29] ; clk_i        ; clk_i       ; 0.000        ; 0.072      ; 1.136      ;
; 0.893  ; counter[12] ; counter[13] ; clk_i        ; clk_i       ; 0.000        ; 0.071      ; 1.135      ;
; 0.893  ; counter[26] ; counter[27] ; clk_i        ; clk_i       ; 0.000        ; 0.072      ; 1.136      ;
; 0.893  ; counter[10] ; counter[11] ; clk_i        ; clk_i       ; 0.000        ; 0.071      ; 1.135      ;
; 0.893  ; counter[24] ; counter[25] ; clk_i        ; clk_i       ; 0.000        ; 0.072      ; 1.136      ;
; 0.893  ; counter[8]  ; counter[9]  ; clk_i        ; clk_i       ; 0.000        ; 0.071      ; 1.135      ;
; 0.898  ; counter[14] ; counter[16] ; clk_i        ; clk_i       ; 0.000        ; 0.076      ; 1.145      ;
; 0.900  ; counter[22] ; counter[24] ; clk_i        ; clk_i       ; 0.000        ; 0.072      ; 1.143      ;
; 0.900  ; counter[6]  ; counter[8]  ; clk_i        ; clk_i       ; 0.000        ; 0.071      ; 1.142      ;
; 0.902  ; counter[16] ; counter[18] ; clk_i        ; clk_i       ; 0.000        ; 0.072      ; 1.145      ;
; 0.903  ; counter[20] ; counter[22] ; clk_i        ; clk_i       ; 0.000        ; 0.072      ; 1.146      ;
; 0.903  ; counter[18] ; counter[20] ; clk_i        ; clk_i       ; 0.000        ; 0.072      ; 1.146      ;
; 0.904  ; counter[28] ; counter[30] ; clk_i        ; clk_i       ; 0.000        ; 0.072      ; 1.147      ;
; 0.904  ; counter[12] ; counter[14] ; clk_i        ; clk_i       ; 0.000        ; 0.071      ; 1.146      ;
; 0.904  ; counter[26] ; counter[28] ; clk_i        ; clk_i       ; 0.000        ; 0.072      ; 1.147      ;
; 0.904  ; counter[10] ; counter[12] ; clk_i        ; clk_i       ; 0.000        ; 0.071      ; 1.146      ;
; 0.904  ; counter[24] ; counter[26] ; clk_i        ; clk_i       ; 0.000        ; 0.072      ; 1.147      ;
; 0.904  ; counter[8]  ; counter[10] ; clk_i        ; clk_i       ; 0.000        ; 0.071      ; 1.146      ;
; 0.979  ; counter[15] ; counter[17] ; clk_i        ; clk_i       ; 0.000        ; 0.076      ; 1.226      ;
; 0.984  ; counter[21] ; counter[23] ; clk_i        ; clk_i       ; 0.000        ; 0.072      ; 1.227      ;
; 0.984  ; counter[19] ; counter[21] ; clk_i        ; clk_i       ; 0.000        ; 0.072      ; 1.227      ;
; 0.984  ; counter[13] ; counter[15] ; clk_i        ; clk_i       ; 0.000        ; 0.071      ; 1.226      ;
; 0.984  ; counter[29] ; counter[31] ; clk_i        ; clk_i       ; 0.000        ; 0.072      ; 1.227      ;
; 0.985  ; counter[27] ; counter[29] ; clk_i        ; clk_i       ; 0.000        ; 0.072      ; 1.228      ;
; 0.985  ; counter[11] ; counter[13] ; clk_i        ; clk_i       ; 0.000        ; 0.071      ; 1.227      ;
; 0.987  ; counter[17] ; counter[19] ; clk_i        ; clk_i       ; 0.000        ; 0.072      ; 1.230      ;
; 0.989  ; counter[25] ; counter[27] ; clk_i        ; clk_i       ; 0.000        ; 0.072      ; 1.232      ;
; 0.989  ; counter[9]  ; counter[11] ; clk_i        ; clk_i       ; 0.000        ; 0.071      ; 1.231      ;
; 0.989  ; counter[23] ; counter[25] ; clk_i        ; clk_i       ; 0.000        ; 0.072      ; 1.232      ;
; 0.989  ; counter[7]  ; counter[9]  ; clk_i        ; clk_i       ; 0.000        ; 0.071      ; 1.231      ;
; 0.990  ; counter[13] ; counter[16] ; clk_i        ; clk_i       ; 0.000        ; 0.076      ; 1.237      ;
; 0.990  ; counter[15] ; counter[18] ; clk_i        ; clk_i       ; 0.000        ; 0.076      ; 1.237      ;
; 0.995  ; counter[3]  ; counter[6]  ; clk_i        ; clk_i       ; 0.000        ; 0.071      ; 1.237      ;
; 0.995  ; counter[21] ; counter[24] ; clk_i        ; clk_i       ; 0.000        ; 0.072      ; 1.238      ;
; 0.995  ; counter[19] ; counter[22] ; clk_i        ; clk_i       ; 0.000        ; 0.072      ; 1.238      ;
; 0.996  ; counter[27] ; counter[30] ; clk_i        ; clk_i       ; 0.000        ; 0.072      ; 1.239      ;
; 0.996  ; counter[11] ; counter[14] ; clk_i        ; clk_i       ; 0.000        ; 0.071      ; 1.238      ;
; 0.997  ; counter[14] ; counter[17] ; clk_i        ; clk_i       ; 0.000        ; 0.076      ; 1.244      ;
; 0.998  ; counter[17] ; counter[20] ; clk_i        ; clk_i       ; 0.000        ; 0.072      ; 1.241      ;
; 0.999  ; counter[22] ; counter[25] ; clk_i        ; clk_i       ; 0.000        ; 0.072      ; 1.242      ;
; 0.999  ; counter[6]  ; counter[9]  ; clk_i        ; clk_i       ; 0.000        ; 0.071      ; 1.241      ;
; 1.000  ; counter[25] ; counter[28] ; clk_i        ; clk_i       ; 0.000        ; 0.072      ; 1.243      ;
; 1.000  ; counter[9]  ; counter[12] ; clk_i        ; clk_i       ; 0.000        ; 0.071      ; 1.242      ;
; 1.000  ; counter[23] ; counter[26] ; clk_i        ; clk_i       ; 0.000        ; 0.072      ; 1.243      ;
; 1.000  ; counter[7]  ; counter[10] ; clk_i        ; clk_i       ; 0.000        ; 0.071      ; 1.242      ;
; 1.001  ; counter[16] ; counter[19] ; clk_i        ; clk_i       ; 0.000        ; 0.072      ; 1.244      ;
; 1.002  ; counter[20] ; counter[23] ; clk_i        ; clk_i       ; 0.000        ; 0.072      ; 1.245      ;
; 1.002  ; counter[18] ; counter[21] ; clk_i        ; clk_i       ; 0.000        ; 0.072      ; 1.245      ;
; 1.003  ; counter[12] ; counter[15] ; clk_i        ; clk_i       ; 0.000        ; 0.071      ; 1.245      ;
; 1.003  ; counter[28] ; counter[31] ; clk_i        ; clk_i       ; 0.000        ; 0.072      ; 1.246      ;
+--------+-------------+-------------+--------------+-------------+--------------+------------+------------+


+---------------------------------------------------------------------------------------------------------------------------------------------------------------------------------------+
; Slow 1200mV 0C Model Hold: 'clk_c'                                                                                                                                                    ;
+-------+------------------------------------------------+--------------------------------------------------------+--------------+-------------+--------------+------------+------------+
; Slack ; From Node                                      ; To Node                                                ; Launch Clock ; Latch Clock ; Relationship ; Clock Skew ; Data Delay ;
+-------+------------------------------------------------+--------------------------------------------------------+--------------+-------------+--------------+------------+------------+
; 0.352 ; integ:integ|pc[0]                              ; integ:integ|pc[0]                                      ; clk_c        ; clk_c       ; 0.000        ; 0.074      ; 0.597      ;
; 0.396 ; integ:integ|data_memory:data_mem|io_mem[1][12] ; integ:integ|data_memory:data_mem|systemoutput_o[0][12] ; clk_c        ; clk_c       ; 0.000        ; 0.072      ; 0.639      ;
; 0.398 ; integ:integ|data_memory:data_mem|io_mem[1][22] ; integ:integ|data_memory:data_mem|systemoutput_o[0][22] ; clk_c        ; clk_c       ; 0.000        ; 0.070      ; 0.639      ;
; 0.399 ; integ:integ|data_memory:data_mem|io_mem[1][0]  ; integ:integ|data_memory:data_mem|systemoutput_o[0][0]  ; clk_c        ; clk_c       ; 0.000        ; 0.070      ; 0.640      ;
; 0.419 ; integ:integ|data_memory:data_mem|io_mem[1][8]  ; integ:integ|data_memory:data_mem|systemoutput_o[0][8]  ; clk_c        ; clk_c       ; 0.000        ; 0.069      ; 0.659      ;
; 0.420 ; integ:integ|data_memory:data_mem|io_mem[1][9]  ; integ:integ|data_memory:data_mem|systemoutput_o[0][9]  ; clk_c        ; clk_c       ; 0.000        ; 0.069      ; 0.660      ;
; 0.548 ; integ:integ|data_memory:data_mem|io_mem[1][14] ; integ:integ|data_memory:data_mem|systemoutput_o[0][14] ; clk_c        ; clk_c       ; 0.000        ; 0.072      ; 0.791      ;
; 0.548 ; integ:integ|data_memory:data_mem|io_mem[1][2]  ; integ:integ|data_memory:data_mem|systemoutput_o[0][2]  ; clk_c        ; clk_c       ; 0.000        ; 0.071      ; 0.790      ;
; 0.551 ; integ:integ|data_memory:data_mem|io_mem[1][1]  ; integ:integ|data_memory:data_mem|systemoutput_o[0][1]  ; clk_c        ; clk_c       ; 0.000        ; 0.071      ; 0.793      ;
; 0.551 ; integ:integ|data_memory:data_mem|io_mem[1][4]  ; integ:integ|data_memory:data_mem|systemoutput_o[0][4]  ; clk_c        ; clk_c       ; 0.000        ; 0.071      ; 0.793      ;
; 0.572 ; integ:integ|data_memory:data_mem|io_mem[1][11] ; integ:integ|data_memory:data_mem|systemoutput_o[0][11] ; clk_c        ; clk_c       ; 0.000        ; 0.069      ; 0.812      ;
; 0.573 ; integ:integ|data_memory:data_mem|io_mem[1][13] ; integ:integ|data_memory:data_mem|systemoutput_o[0][13] ; clk_c        ; clk_c       ; 0.000        ; 0.069      ; 0.813      ;
; 0.655 ; integ:integ|data_memory:data_mem|io_mem[1][15] ; integ:integ|data_memory:data_mem|io_data[15]           ; clk_c        ; clk_c       ; 0.000        ; 0.072      ; 0.898      ;
; 0.657 ; integ:integ|data_memory:data_mem|io_mem[1][10] ; integ:integ|data_memory:data_mem|io_data[10]           ; clk_c        ; clk_c       ; 0.000        ; 0.072      ; 0.900      ;
; 0.658 ; integ:integ|data_memory:data_mem|io_mem[1][18] ; integ:integ|data_memory:data_mem|io_data[18]           ; clk_c        ; clk_c       ; 0.000        ; 0.071      ; 0.900      ;
; 0.715 ; integ:integ|data_memory:data_mem|io_mem[3][31] ; integ:integ|data_memory:data_mem|io_data[31]           ; clk_c        ; clk_c       ; 0.000        ; 0.073      ; 0.959      ;
; 0.715 ; integ:integ|data_memory:data_mem|io_mem[3][11] ; integ:integ|data_memory:data_mem|io_data[11]           ; clk_c        ; clk_c       ; 0.000        ; 0.071      ; 0.957      ;
; 0.716 ; integ:integ|data_memory:data_mem|io_mem[2][7]  ; integ:integ|data_memory:data_mem|io_data[7]            ; clk_c        ; clk_c       ; 0.000        ; 0.071      ; 0.958      ;
; 0.717 ; integ:integ|data_memory:data_mem|io_mem[2][17] ; integ:integ|data_memory:data_mem|io_data[17]           ; clk_c        ; clk_c       ; 0.000        ; 0.072      ; 0.960      ;
; 0.717 ; integ:integ|data_memory:data_mem|io_mem[3][18] ; integ:integ|data_memory:data_mem|io_data[18]           ; clk_c        ; clk_c       ; 0.000        ; 0.071      ; 0.959      ;
; 0.718 ; integ:integ|data_memory:data_mem|io_mem[2][9]  ; integ:integ|data_memory:data_mem|io_data[9]            ; clk_c        ; clk_c       ; 0.000        ; 0.071      ; 0.960      ;
; 0.742 ; integ:integ|data_memory:data_mem|io_mem[1][18] ; integ:integ|data_memory:data_mem|systemoutput_o[0][18] ; clk_c        ; clk_c       ; 0.000        ; 0.071      ; 0.984      ;
; 0.748 ; integ:integ|data_memory:data_mem|io_mem[1][3]  ; integ:integ|data_memory:data_mem|systemoutput_o[0][3]  ; clk_c        ; clk_c       ; 0.000        ; 0.064      ; 0.983      ;
; 0.798 ; integ:integ|data_memory:data_mem|io_mem[1][20] ; integ:integ|data_memory:data_mem|io_data[20]           ; clk_c        ; clk_c       ; 0.000        ; 0.072      ; 1.041      ;
; 0.827 ; integ:integ|data_memory:data_mem|io_mem[3][7]  ; integ:integ|data_memory:data_mem|io_data[7]            ; clk_c        ; clk_c       ; 0.000        ; 0.071      ; 1.069      ;
; 0.831 ; integ:integ|data_memory:data_mem|io_mem[3][9]  ; integ:integ|data_memory:data_mem|io_data[9]            ; clk_c        ; clk_c       ; 0.000        ; 0.071      ; 1.073      ;
; 0.869 ; integ:integ|data_memory:data_mem|io_mem[1][23] ; integ:integ|data_memory:data_mem|io_data[23]           ; clk_c        ; clk_c       ; 0.000        ; 0.072      ; 1.112      ;
; 0.904 ; integ:integ|data_memory:data_mem|io_mem[3][10] ; integ:integ|data_memory:data_mem|io_data[10]           ; clk_c        ; clk_c       ; 0.000        ; 0.072      ; 1.147      ;
; 0.907 ; integ:integ|data_memory:data_mem|io_mem[3][17] ; integ:integ|data_memory:data_mem|io_data[17]           ; clk_c        ; clk_c       ; 0.000        ; 0.072      ; 1.150      ;
; 0.919 ; integ:integ|data_memory:data_mem|io_mem[2][31] ; integ:integ|data_memory:data_mem|io_data[31]           ; clk_c        ; clk_c       ; 0.000        ; 0.073      ; 1.163      ;
; 0.933 ; integ:integ|data_memory:data_mem|io_mem[1][10] ; integ:integ|data_memory:data_mem|systemoutput_o[0][10] ; clk_c        ; clk_c       ; 0.000        ; 0.072      ; 1.176      ;
; 0.963 ; integ:integ|data_memory:data_mem|io_mem[1][22] ; integ:integ|data_memory:data_mem|io_data[22]           ; clk_c        ; clk_c       ; 0.000        ; 0.070      ; 1.204      ;
; 0.977 ; integ:integ|data_memory:data_mem|io_mem[2][13] ; integ:integ|data_memory:data_mem|io_data[13]           ; clk_c        ; clk_c       ; 0.000        ; 0.070      ; 1.218      ;
; 0.985 ; integ:integ|data_memory:data_mem|io_mem[1][21] ; integ:integ|data_memory:data_mem|systemoutput_o[0][21] ; clk_c        ; clk_c       ; 0.000        ; 0.082      ; 1.238      ;
; 0.992 ; integ:integ|data_memory:data_mem|io_mem[1][19] ; integ:integ|data_memory:data_mem|systemoutput_o[0][19] ; clk_c        ; clk_c       ; 0.000        ; 0.082      ; 1.245      ;
; 1.012 ; integ:integ|data_memory:data_mem|io_mem[1][17] ; integ:integ|data_memory:data_mem|systemoutput_o[0][17] ; clk_c        ; clk_c       ; 0.000        ; 0.080      ; 1.263      ;
; 1.012 ; integ:integ|data_memory:data_mem|io_mem[3][20] ; integ:integ|data_memory:data_mem|io_data[20]           ; clk_c        ; clk_c       ; 0.000        ; 0.072      ; 1.255      ;
; 1.028 ; integ:integ|data_memory:data_mem|io_mem[1][24] ; integ:integ|data_memory:data_mem|systemoutput_o[0][24] ; clk_c        ; clk_c       ; 0.000        ; 0.051      ; 1.250      ;
; 1.034 ; integ:integ|data_memory:data_mem|io_mem[3][22] ; integ:integ|data_memory:data_mem|io_data[22]           ; clk_c        ; clk_c       ; 0.000        ; 0.070      ; 1.275      ;
; 1.052 ; integ:integ|data_memory:data_mem|io_mem[3][13] ; integ:integ|data_memory:data_mem|io_data[13]           ; clk_c        ; clk_c       ; 0.000        ; 0.070      ; 1.293      ;
; 1.056 ; integ:integ|data_memory:data_mem|io_mem[1][30] ; integ:integ|data_memory:data_mem|systemoutput_o[0][30] ; clk_c        ; clk_c       ; 0.000        ; 0.071      ; 1.298      ;
; 1.100 ; integ:integ|data_memory:data_mem|io_mem[2][11] ; integ:integ|data_memory:data_mem|io_data[11]           ; clk_c        ; clk_c       ; 0.000        ; 0.070      ; 1.341      ;
; 1.127 ; integ:integ|data_memory:data_mem|io_mem[3][15] ; integ:integ|data_memory:data_mem|io_data[15]           ; clk_c        ; clk_c       ; 0.000        ; 0.084      ; 1.382      ;
; 1.136 ; integ:integ|data_memory:data_mem|io_mem[1][28] ; integ:integ|data_memory:data_mem|systemoutput_o[0][28] ; clk_c        ; clk_c       ; 0.000        ; 0.046      ; 1.353      ;
; 1.166 ; integ:integ|data_memory:data_mem|io_mem[0][31] ; integ:integ|data_memory:data_mem|io_data[31]           ; clk_c        ; clk_c       ; 0.000        ; 0.073      ; 1.410      ;
; 1.169 ; integ:integ|data_memory:data_mem|io_mem[1][2]  ; integ:integ|data_memory:data_mem|io_data[2]            ; clk_c        ; clk_c       ; 0.000        ; 0.066      ; 1.406      ;
; 1.171 ; integ:integ|data_memory:data_mem|io_mem[0][9]  ; integ:integ|data_memory:data_mem|io_data[9]            ; clk_c        ; clk_c       ; 0.000        ; 0.071      ; 1.413      ;
; 1.172 ; integ:integ|data_memory:data_mem|io_mem[0][7]  ; integ:integ|data_memory:data_mem|io_data[7]            ; clk_c        ; clk_c       ; 0.000        ; 0.071      ; 1.414      ;
; 1.180 ; integ:integ|data_memory:data_mem|io_mem[0][17] ; integ:integ|data_memory:data_mem|io_data[17]           ; clk_c        ; clk_c       ; 0.000        ; 0.072      ; 1.423      ;
; 1.180 ; integ:integ|data_memory:data_mem|io_mem[1][4]  ; integ:integ|data_memory:data_mem|io_data[4]            ; clk_c        ; clk_c       ; 0.000        ; 0.066      ; 1.417      ;
; 1.231 ; integ:integ|data_memory:data_mem|io_mem[3][19] ; integ:integ|data_memory:data_mem|io_data[19]           ; clk_c        ; clk_c       ; 0.000        ; 0.070      ; 1.472      ;
; 1.247 ; integ:integ|data_memory:data_mem|io_mem[2][19] ; integ:integ|data_memory:data_mem|io_data[19]           ; clk_c        ; clk_c       ; 0.000        ; 0.070      ; 1.488      ;
; 1.307 ; integ:integ|data_memory:data_mem|io_mem[0][13] ; integ:integ|data_memory:data_mem|io_data[13]           ; clk_c        ; clk_c       ; 0.000        ; 0.070      ; 1.548      ;
; 1.313 ; integ:integ|data_memory:data_mem|mem_data[10]  ; integ:integ|regfile:regfile|x~522                      ; clk_c        ; clk_c       ; -0.500       ; 0.094      ; 1.098      ;
; 1.329 ; integ:integ|data_memory:data_mem|mem_data[13]  ; integ:integ|regfile:regfile|x~525                      ; clk_c        ; clk_c       ; -0.500       ; 0.093      ; 1.113      ;
; 1.359 ; integ:integ|data_memory:data_mem|io_mem[1][7]  ; integ:integ|data_memory:data_mem|io_data[7]            ; clk_c        ; clk_c       ; 0.000        ; 0.071      ; 1.601      ;
; 1.382 ; integ:integ|data_memory:data_mem|mem_data[8]   ; integ:integ|regfile:regfile|x~520                      ; clk_c        ; clk_c       ; -0.500       ; 0.095      ; 1.168      ;
; 1.386 ; integ:integ|data_memory:data_mem|io_mem[2][1]  ; integ:integ|data_memory:data_mem|io_data[1]            ; clk_c        ; clk_c       ; 0.000        ; 0.065      ; 1.622      ;
; 1.398 ; integ:integ|data_memory:data_mem|io_mem[0][19] ; integ:integ|data_memory:data_mem|io_data[19]           ; clk_c        ; clk_c       ; 0.000        ; 0.070      ; 1.639      ;
; 1.413 ; integ:integ|data_memory:data_mem|io_mem[0][11] ; integ:integ|data_memory:data_mem|io_data[11]           ; clk_c        ; clk_c       ; 0.000        ; 0.070      ; 1.654      ;
; 1.454 ; integ:integ|data_memory:data_mem|io_mem[1][0]  ; integ:integ|data_memory:data_mem|io_data[0]            ; clk_c        ; clk_c       ; 0.000        ; 0.076      ; 1.701      ;
; 1.457 ; integ:integ|data_memory:data_mem|mem_data[11]  ; integ:integ|regfile:regfile|x~523                      ; clk_c        ; clk_c       ; -0.500       ; 0.095      ; 1.243      ;
; 1.469 ; integ:integ|data_memory:data_mem|mem_data[9]   ; integ:integ|regfile:regfile|x~521                      ; clk_c        ; clk_c       ; -0.500       ; 0.094      ; 1.254      ;
; 1.476 ; integ:integ|data_memory:data_mem|io_mem[3][4]  ; integ:integ|data_memory:data_mem|io_data[4]            ; clk_c        ; clk_c       ; 0.000        ; 0.066      ; 1.713      ;
; 1.480 ; integ:integ|data_memory:data_mem|io_mem[3][1]  ; integ:integ|data_memory:data_mem|io_data[1]            ; clk_c        ; clk_c       ; 0.000        ; 0.065      ; 1.716      ;
; 1.513 ; integ:integ|pc[28]                             ; integ:integ|pc[28]                                     ; clk_c        ; clk_c       ; 0.000        ; 0.073      ; 1.757      ;
; 1.514 ; integ:integ|data_memory:data_mem|io_mem[2][2]  ; integ:integ|data_memory:data_mem|io_data[2]            ; clk_c        ; clk_c       ; 0.000        ; 0.066      ; 1.751      ;
; 1.546 ; integ:integ|data_memory:data_mem|io_mem[2][3]  ; integ:integ|data_memory:data_mem|io_data[3]            ; clk_c        ; clk_c       ; 0.000        ; 0.065      ; 1.782      ;
; 1.550 ; integ:integ|data_memory:data_mem|io_mem[1][16] ; integ:integ|data_memory:data_mem|systemoutput_o[0][16] ; clk_c        ; clk_c       ; 0.000        ; 0.082      ; 1.803      ;
; 1.585 ; integ:integ|data_memory:data_mem|io_mem[1][26] ; integ:integ|data_memory:data_mem|systemoutput_o[0][26] ; clk_c        ; clk_c       ; 0.000        ; 0.031      ; 1.787      ;
; 1.590 ; integ:integ|data_memory:data_mem|mem_data[14]  ; integ:integ|regfile:regfile|x~526                      ; clk_c        ; clk_c       ; -0.500       ; 0.093      ; 1.374      ;
; 1.598 ; integ:integ|data_memory:data_mem|io_mem[3][2]  ; integ:integ|data_memory:data_mem|io_data[2]            ; clk_c        ; clk_c       ; 0.000        ; 0.066      ; 1.835      ;
; 1.635 ; integ:integ|data_memory:data_mem|io_mem[3][3]  ; integ:integ|data_memory:data_mem|io_data[3]            ; clk_c        ; clk_c       ; 0.000        ; 0.066      ; 1.872      ;
; 1.666 ; integ:integ|pc[27]                             ; integ:integ|pc[27]                                     ; clk_c        ; clk_c       ; 0.000        ; 0.073      ; 1.910      ;
; 1.722 ; integ:integ|data_memory:data_mem|io_mem[1][25] ; integ:integ|data_memory:data_mem|systemoutput_o[0][25] ; clk_c        ; clk_c       ; 0.000        ; 0.087      ; 1.980      ;
; 1.730 ; integ:integ|pc[2]                              ; integ:integ|pc[2]                                      ; clk_c        ; clk_c       ; 0.000        ; 0.073      ; 1.974      ;
; 1.750 ; integ:integ|data_memory:data_mem|io_data[12]   ; integ:integ|regfile:regfile|x~524                      ; clk_c        ; clk_c       ; -0.500       ; 0.102      ; 1.543      ;
; 1.760 ; integ:integ|data_memory:data_mem|io_mem[1][13] ; integ:integ|data_memory:data_mem|io_data[13]           ; clk_c        ; clk_c       ; 0.000        ; 0.099      ; 2.030      ;
; 1.806 ; integ:integ|data_memory:data_mem|io_mem[1][20] ; integ:integ|data_memory:data_mem|systemoutput_o[0][20] ; clk_c        ; clk_c       ; 0.000        ; 0.070      ; 2.047      ;
; 1.820 ; integ:integ|pc[29]                             ; integ:integ|pc[30]                                     ; clk_c        ; clk_c       ; 0.000        ; 0.073      ; 2.064      ;
; 1.825 ; integ:integ|data_memory:data_mem|io_mem[1][6]  ; integ:integ|data_memory:data_mem|systemoutput_o[0][6]  ; clk_c        ; clk_c       ; 0.000        ; 0.118      ; 2.114      ;
; 1.827 ; integ:integ|pc[28]                             ; integ:integ|pc[30]                                     ; clk_c        ; clk_c       ; 0.000        ; 0.073      ; 2.071      ;
; 1.836 ; integ:integ|pc[29]                             ; integ:integ|pc[29]                                     ; clk_c        ; clk_c       ; 0.000        ; 0.073      ; 2.080      ;
; 1.845 ; integ:integ|pc[30]                             ; integ:integ|pc[30]                                     ; clk_c        ; clk_c       ; 0.000        ; 0.073      ; 2.089      ;
; 1.846 ; integ:integ|data_memory:data_mem|io_mem[1][5]  ; integ:integ|data_memory:data_mem|systemoutput_o[0][5]  ; clk_c        ; clk_c       ; 0.000        ; 0.115      ; 2.132      ;
; 1.849 ; integ:integ|regfile:regfile|x~133              ; integ:integ|data_memory:data_mem|io_mem[0][5]          ; clk_c        ; clk_c       ; -0.500       ; 0.055      ; 1.595      ;
; 1.870 ; integ:integ|data_memory:data_mem|io_mem[2][4]  ; integ:integ|data_memory:data_mem|io_data[4]            ; clk_c        ; clk_c       ; 0.000        ; 0.066      ; 2.107      ;
; 1.879 ; integ:integ|data_memory:data_mem|io_mem[1][6]  ; integ:integ|data_memory:data_mem|io_data[6]            ; clk_c        ; clk_c       ; 0.000        ; 0.069      ; 2.119      ;
; 1.916 ; integ:integ|regfile:regfile|x~6                ; integ:integ|data_memory:data_mem|io_mem[0][6]          ; clk_c        ; clk_c       ; -0.500       ; 0.048      ; 1.655      ;
; 1.948 ; integ:integ|data_memory:data_mem|io_mem[3][6]  ; integ:integ|data_memory:data_mem|io_data[6]            ; clk_c        ; clk_c       ; 0.000        ; 0.069      ; 2.188      ;
; 1.968 ; integ:integ|pc[27]                             ; integ:integ|pc[28]                                     ; clk_c        ; clk_c       ; 0.000        ; 0.073      ; 2.212      ;
; 1.974 ; integ:integ|pc[2]                              ; integ:integ|pc[3]                                      ; clk_c        ; clk_c       ; 0.000        ; 0.073      ; 2.218      ;
; 1.996 ; integ:integ|pc[9]                              ; integ:integ|pc[9]                                      ; clk_c        ; clk_c       ; 0.000        ; 0.073      ; 2.240      ;
; 2.002 ; integ:integ|data_memory:data_mem|io_mem[1][9]  ; integ:integ|data_memory:data_mem|io_data[9]            ; clk_c        ; clk_c       ; 0.000        ; 0.100      ; 2.273      ;
; 2.006 ; integ:integ|regfile:regfile|x~5                ; integ:integ|data_memory:data_mem|io_mem[0][5]          ; clk_c        ; clk_c       ; -0.500       ; 0.041      ; 1.738      ;
; 2.009 ; integ:integ|data_memory:data_mem|io_mem[3][5]  ; integ:integ|data_memory:data_mem|io_data[5]            ; clk_c        ; clk_c       ; 0.000        ; 0.069      ; 2.249      ;
; 2.013 ; integ:integ|data_memory:data_mem|io_mem[0][23] ; integ:integ|data_memory:data_mem|io_data[23]           ; clk_c        ; clk_c       ; 0.000        ; 0.064      ; 2.248      ;
; 2.025 ; integ:integ|data_memory:data_mem|io_data[14]   ; integ:integ|regfile:regfile|x~526                      ; clk_c        ; clk_c       ; -0.500       ; 0.097      ; 1.813      ;
; 2.035 ; integ:integ|data_memory:data_mem|io_mem[1][11] ; integ:integ|data_memory:data_mem|io_data[11]           ; clk_c        ; clk_c       ; 0.000        ; 0.099      ; 2.305      ;
; 2.037 ; integ:integ|pc[8]                              ; integ:integ|regfile:regfile|x~514                      ; clk_c        ; clk_c       ; 0.000        ; 0.067      ; 2.275      ;
+-------+------------------------------------------------+--------------------------------------------------------+--------------+-------------+--------------+------------+------------+


----------------------------------------------
; Slow 1200mV 0C Model Metastability Summary ;
----------------------------------------------
No synchronizer chains to report.


+------------------------------------+
; Fast 1200mV 0C Model Setup Summary ;
+-------+----------+-----------------+
; Clock ; Slack    ; End Point TNS   ;
+-------+----------+-----------------+
; clk_c ; -111.207 ; -3583391.704    ;
; clk_i ; -0.918   ; -16.518         ;
+-------+----------+-----------------+


+-----------------------------------+
; Fast 1200mV 0C Model Hold Summary ;
+-------+--------+------------------+
; Clock ; Slack  ; End Point TNS    ;
+-------+--------+------------------+
; clk_i ; -1.535 ; -1.535           ;
; clk_c ; 0.181  ; 0.000            ;
+-------+--------+------------------+


-----------------------------------------
; Fast 1200mV 0C Model Recovery Summary ;
-----------------------------------------
No paths to report.


----------------------------------------
; Fast 1200mV 0C Model Removal Summary ;
----------------------------------------
No paths to report.


+--------------------------------------------------+
; Fast 1200mV 0C Model Minimum Pulse Width Summary ;
+-------+--------+---------------------------------+
; Clock ; Slack  ; End Point TNS                   ;
+-------+--------+---------------------------------+
; clk_i ; -3.000 ; -38.041                         ;
; clk_c ; -1.000 ; -34012.000                      ;
+-------+--------+---------------------------------+


+---------------------------------------------------------------------------------------------------------------------------------------------------------+
; Fast 1200mV 0C Model Setup: 'clk_c'                                                                                                                     ;
+----------+-------------------+----------------------------------------------------+--------------+-------------+--------------+------------+------------+
; Slack    ; From Node         ; To Node                                            ; Launch Clock ; Latch Clock ; Relationship ; Clock Skew ; Data Delay ;
+----------+-------------------+----------------------------------------------------+--------------+-------------+--------------+------------+------------+
; -111.207 ; integ:integ|pc[5] ; integ:integ|data_memory:data_mem|data_mem[961][7]  ; clk_c        ; clk_c       ; 0.500        ; 0.059      ; 111.753    ;
; -111.207 ; integ:integ|pc[5] ; integ:integ|data_memory:data_mem|data_mem[961][1]  ; clk_c        ; clk_c       ; 0.500        ; 0.059      ; 111.753    ;
; -111.207 ; integ:integ|pc[5] ; integ:integ|data_memory:data_mem|data_mem[961][6]  ; clk_c        ; clk_c       ; 0.500        ; 0.059      ; 111.753    ;
; -111.199 ; integ:integ|pc[4] ; integ:integ|data_memory:data_mem|data_mem[961][7]  ; clk_c        ; clk_c       ; 0.500        ; 0.059      ; 111.745    ;
; -111.199 ; integ:integ|pc[4] ; integ:integ|data_memory:data_mem|data_mem[961][1]  ; clk_c        ; clk_c       ; 0.500        ; 0.059      ; 111.745    ;
; -111.199 ; integ:integ|pc[4] ; integ:integ|data_memory:data_mem|data_mem[961][6]  ; clk_c        ; clk_c       ; 0.500        ; 0.059      ; 111.745    ;
; -111.090 ; integ:integ|pc[5] ; integ:integ|data_memory:data_mem|data_mem[945][17] ; clk_c        ; clk_c       ; 0.500        ; 0.064      ; 111.641    ;
; -111.090 ; integ:integ|pc[5] ; integ:integ|data_memory:data_mem|data_mem[945][16] ; clk_c        ; clk_c       ; 0.500        ; 0.064      ; 111.641    ;
; -111.082 ; integ:integ|pc[4] ; integ:integ|data_memory:data_mem|data_mem[945][17] ; clk_c        ; clk_c       ; 0.500        ; 0.064      ; 111.633    ;
; -111.082 ; integ:integ|pc[4] ; integ:integ|data_memory:data_mem|data_mem[945][16] ; clk_c        ; clk_c       ; 0.500        ; 0.064      ; 111.633    ;
; -111.014 ; integ:integ|pc[8] ; integ:integ|data_memory:data_mem|data_mem[961][7]  ; clk_c        ; clk_c       ; 0.500        ; 0.059      ; 111.560    ;
; -111.014 ; integ:integ|pc[8] ; integ:integ|data_memory:data_mem|data_mem[961][1]  ; clk_c        ; clk_c       ; 0.500        ; 0.059      ; 111.560    ;
; -111.014 ; integ:integ|pc[8] ; integ:integ|data_memory:data_mem|data_mem[961][6]  ; clk_c        ; clk_c       ; 0.500        ; 0.059      ; 111.560    ;
; -111.006 ; integ:integ|pc[3] ; integ:integ|data_memory:data_mem|data_mem[961][7]  ; clk_c        ; clk_c       ; 0.500        ; 0.059      ; 111.552    ;
; -111.006 ; integ:integ|pc[3] ; integ:integ|data_memory:data_mem|data_mem[961][1]  ; clk_c        ; clk_c       ; 0.500        ; 0.059      ; 111.552    ;
; -111.006 ; integ:integ|pc[3] ; integ:integ|data_memory:data_mem|data_mem[961][6]  ; clk_c        ; clk_c       ; 0.500        ; 0.059      ; 111.552    ;
; -111.003 ; integ:integ|pc[5] ; integ:integ|data_memory:data_mem|data_mem[945][20] ; clk_c        ; clk_c       ; 0.500        ; 0.044      ; 111.534    ;
; -111.003 ; integ:integ|pc[5] ; integ:integ|data_memory:data_mem|data_mem[945][19] ; clk_c        ; clk_c       ; 0.500        ; 0.044      ; 111.534    ;
; -111.003 ; integ:integ|pc[5] ; integ:integ|data_memory:data_mem|data_mem[945][21] ; clk_c        ; clk_c       ; 0.500        ; 0.044      ; 111.534    ;
; -111.003 ; integ:integ|pc[5] ; integ:integ|data_memory:data_mem|data_mem[945][18] ; clk_c        ; clk_c       ; 0.500        ; 0.044      ; 111.534    ;
; -111.003 ; integ:integ|pc[5] ; integ:integ|data_memory:data_mem|data_mem[945][22] ; clk_c        ; clk_c       ; 0.500        ; 0.044      ; 111.534    ;
; -111.003 ; integ:integ|pc[5] ; integ:integ|data_memory:data_mem|data_mem[945][23] ; clk_c        ; clk_c       ; 0.500        ; 0.044      ; 111.534    ;
; -110.995 ; integ:integ|pc[4] ; integ:integ|data_memory:data_mem|data_mem[945][20] ; clk_c        ; clk_c       ; 0.500        ; 0.044      ; 111.526    ;
; -110.995 ; integ:integ|pc[4] ; integ:integ|data_memory:data_mem|data_mem[945][19] ; clk_c        ; clk_c       ; 0.500        ; 0.044      ; 111.526    ;
; -110.995 ; integ:integ|pc[4] ; integ:integ|data_memory:data_mem|data_mem[945][21] ; clk_c        ; clk_c       ; 0.500        ; 0.044      ; 111.526    ;
; -110.995 ; integ:integ|pc[4] ; integ:integ|data_memory:data_mem|data_mem[945][18] ; clk_c        ; clk_c       ; 0.500        ; 0.044      ; 111.526    ;
; -110.995 ; integ:integ|pc[4] ; integ:integ|data_memory:data_mem|data_mem[945][22] ; clk_c        ; clk_c       ; 0.500        ; 0.044      ; 111.526    ;
; -110.995 ; integ:integ|pc[4] ; integ:integ|data_memory:data_mem|data_mem[945][23] ; clk_c        ; clk_c       ; 0.500        ; 0.044      ; 111.526    ;
; -110.977 ; integ:integ|pc[6] ; integ:integ|data_memory:data_mem|data_mem[961][7]  ; clk_c        ; clk_c       ; 0.500        ; 0.059      ; 111.523    ;
; -110.977 ; integ:integ|pc[6] ; integ:integ|data_memory:data_mem|data_mem[961][1]  ; clk_c        ; clk_c       ; 0.500        ; 0.059      ; 111.523    ;
; -110.977 ; integ:integ|pc[6] ; integ:integ|data_memory:data_mem|data_mem[961][6]  ; clk_c        ; clk_c       ; 0.500        ; 0.059      ; 111.523    ;
; -110.976 ; integ:integ|pc[2] ; integ:integ|data_memory:data_mem|data_mem[961][7]  ; clk_c        ; clk_c       ; 0.500        ; 0.059      ; 111.522    ;
; -110.976 ; integ:integ|pc[2] ; integ:integ|data_memory:data_mem|data_mem[961][1]  ; clk_c        ; clk_c       ; 0.500        ; 0.059      ; 111.522    ;
; -110.976 ; integ:integ|pc[2] ; integ:integ|data_memory:data_mem|data_mem[961][6]  ; clk_c        ; clk_c       ; 0.500        ; 0.059      ; 111.522    ;
; -110.922 ; integ:integ|pc[7] ; integ:integ|data_memory:data_mem|data_mem[961][7]  ; clk_c        ; clk_c       ; 0.500        ; 0.059      ; 111.468    ;
; -110.922 ; integ:integ|pc[7] ; integ:integ|data_memory:data_mem|data_mem[961][1]  ; clk_c        ; clk_c       ; 0.500        ; 0.059      ; 111.468    ;
; -110.922 ; integ:integ|pc[7] ; integ:integ|data_memory:data_mem|data_mem[961][6]  ; clk_c        ; clk_c       ; 0.500        ; 0.059      ; 111.468    ;
; -110.897 ; integ:integ|pc[8] ; integ:integ|data_memory:data_mem|data_mem[945][17] ; clk_c        ; clk_c       ; 0.500        ; 0.064      ; 111.448    ;
; -110.897 ; integ:integ|pc[8] ; integ:integ|data_memory:data_mem|data_mem[945][16] ; clk_c        ; clk_c       ; 0.500        ; 0.064      ; 111.448    ;
; -110.889 ; integ:integ|pc[3] ; integ:integ|data_memory:data_mem|data_mem[945][17] ; clk_c        ; clk_c       ; 0.500        ; 0.064      ; 111.440    ;
; -110.889 ; integ:integ|pc[3] ; integ:integ|data_memory:data_mem|data_mem[945][16] ; clk_c        ; clk_c       ; 0.500        ; 0.064      ; 111.440    ;
; -110.860 ; integ:integ|pc[6] ; integ:integ|data_memory:data_mem|data_mem[945][17] ; clk_c        ; clk_c       ; 0.500        ; 0.064      ; 111.411    ;
; -110.860 ; integ:integ|pc[6] ; integ:integ|data_memory:data_mem|data_mem[945][16] ; clk_c        ; clk_c       ; 0.500        ; 0.064      ; 111.411    ;
; -110.859 ; integ:integ|pc[2] ; integ:integ|data_memory:data_mem|data_mem[945][17] ; clk_c        ; clk_c       ; 0.500        ; 0.064      ; 111.410    ;
; -110.859 ; integ:integ|pc[2] ; integ:integ|data_memory:data_mem|data_mem[945][16] ; clk_c        ; clk_c       ; 0.500        ; 0.064      ; 111.410    ;
; -110.810 ; integ:integ|pc[8] ; integ:integ|data_memory:data_mem|data_mem[945][20] ; clk_c        ; clk_c       ; 0.500        ; 0.044      ; 111.341    ;
; -110.810 ; integ:integ|pc[8] ; integ:integ|data_memory:data_mem|data_mem[945][19] ; clk_c        ; clk_c       ; 0.500        ; 0.044      ; 111.341    ;
; -110.810 ; integ:integ|pc[8] ; integ:integ|data_memory:data_mem|data_mem[945][21] ; clk_c        ; clk_c       ; 0.500        ; 0.044      ; 111.341    ;
; -110.810 ; integ:integ|pc[8] ; integ:integ|data_memory:data_mem|data_mem[945][18] ; clk_c        ; clk_c       ; 0.500        ; 0.044      ; 111.341    ;
; -110.810 ; integ:integ|pc[8] ; integ:integ|data_memory:data_mem|data_mem[945][22] ; clk_c        ; clk_c       ; 0.500        ; 0.044      ; 111.341    ;
; -110.810 ; integ:integ|pc[8] ; integ:integ|data_memory:data_mem|data_mem[945][23] ; clk_c        ; clk_c       ; 0.500        ; 0.044      ; 111.341    ;
; -110.805 ; integ:integ|pc[7] ; integ:integ|data_memory:data_mem|data_mem[945][17] ; clk_c        ; clk_c       ; 0.500        ; 0.064      ; 111.356    ;
; -110.805 ; integ:integ|pc[7] ; integ:integ|data_memory:data_mem|data_mem[945][16] ; clk_c        ; clk_c       ; 0.500        ; 0.064      ; 111.356    ;
; -110.802 ; integ:integ|pc[3] ; integ:integ|data_memory:data_mem|data_mem[945][20] ; clk_c        ; clk_c       ; 0.500        ; 0.044      ; 111.333    ;
; -110.802 ; integ:integ|pc[3] ; integ:integ|data_memory:data_mem|data_mem[945][19] ; clk_c        ; clk_c       ; 0.500        ; 0.044      ; 111.333    ;
; -110.802 ; integ:integ|pc[3] ; integ:integ|data_memory:data_mem|data_mem[945][21] ; clk_c        ; clk_c       ; 0.500        ; 0.044      ; 111.333    ;
; -110.802 ; integ:integ|pc[3] ; integ:integ|data_memory:data_mem|data_mem[945][18] ; clk_c        ; clk_c       ; 0.500        ; 0.044      ; 111.333    ;
; -110.802 ; integ:integ|pc[3] ; integ:integ|data_memory:data_mem|data_mem[945][22] ; clk_c        ; clk_c       ; 0.500        ; 0.044      ; 111.333    ;
; -110.802 ; integ:integ|pc[3] ; integ:integ|data_memory:data_mem|data_mem[945][23] ; clk_c        ; clk_c       ; 0.500        ; 0.044      ; 111.333    ;
; -110.773 ; integ:integ|pc[6] ; integ:integ|data_memory:data_mem|data_mem[945][20] ; clk_c        ; clk_c       ; 0.500        ; 0.044      ; 111.304    ;
; -110.773 ; integ:integ|pc[6] ; integ:integ|data_memory:data_mem|data_mem[945][19] ; clk_c        ; clk_c       ; 0.500        ; 0.044      ; 111.304    ;
; -110.773 ; integ:integ|pc[6] ; integ:integ|data_memory:data_mem|data_mem[945][21] ; clk_c        ; clk_c       ; 0.500        ; 0.044      ; 111.304    ;
; -110.773 ; integ:integ|pc[6] ; integ:integ|data_memory:data_mem|data_mem[945][18] ; clk_c        ; clk_c       ; 0.500        ; 0.044      ; 111.304    ;
; -110.773 ; integ:integ|pc[6] ; integ:integ|data_memory:data_mem|data_mem[945][22] ; clk_c        ; clk_c       ; 0.500        ; 0.044      ; 111.304    ;
; -110.773 ; integ:integ|pc[6] ; integ:integ|data_memory:data_mem|data_mem[945][23] ; clk_c        ; clk_c       ; 0.500        ; 0.044      ; 111.304    ;
; -110.772 ; integ:integ|pc[2] ; integ:integ|data_memory:data_mem|data_mem[945][20] ; clk_c        ; clk_c       ; 0.500        ; 0.044      ; 111.303    ;
; -110.772 ; integ:integ|pc[2] ; integ:integ|data_memory:data_mem|data_mem[945][19] ; clk_c        ; clk_c       ; 0.500        ; 0.044      ; 111.303    ;
; -110.772 ; integ:integ|pc[2] ; integ:integ|data_memory:data_mem|data_mem[945][21] ; clk_c        ; clk_c       ; 0.500        ; 0.044      ; 111.303    ;
; -110.772 ; integ:integ|pc[2] ; integ:integ|data_memory:data_mem|data_mem[945][18] ; clk_c        ; clk_c       ; 0.500        ; 0.044      ; 111.303    ;
; -110.772 ; integ:integ|pc[2] ; integ:integ|data_memory:data_mem|data_mem[945][22] ; clk_c        ; clk_c       ; 0.500        ; 0.044      ; 111.303    ;
; -110.772 ; integ:integ|pc[2] ; integ:integ|data_memory:data_mem|data_mem[945][23] ; clk_c        ; clk_c       ; 0.500        ; 0.044      ; 111.303    ;
; -110.748 ; integ:integ|pc[5] ; integ:integ|data_memory:data_mem|data_mem[961][4]  ; clk_c        ; clk_c       ; 0.500        ; 0.084      ; 111.319    ;
; -110.748 ; integ:integ|pc[5] ; integ:integ|data_memory:data_mem|data_mem[961][3]  ; clk_c        ; clk_c       ; 0.500        ; 0.084      ; 111.319    ;
; -110.748 ; integ:integ|pc[5] ; integ:integ|data_memory:data_mem|data_mem[961][2]  ; clk_c        ; clk_c       ; 0.500        ; 0.084      ; 111.319    ;
; -110.748 ; integ:integ|pc[5] ; integ:integ|data_memory:data_mem|data_mem[961][0]  ; clk_c        ; clk_c       ; 0.500        ; 0.084      ; 111.319    ;
; -110.748 ; integ:integ|pc[5] ; integ:integ|data_memory:data_mem|data_mem[961][5]  ; clk_c        ; clk_c       ; 0.500        ; 0.084      ; 111.319    ;
; -110.740 ; integ:integ|pc[4] ; integ:integ|data_memory:data_mem|data_mem[961][4]  ; clk_c        ; clk_c       ; 0.500        ; 0.084      ; 111.311    ;
; -110.740 ; integ:integ|pc[4] ; integ:integ|data_memory:data_mem|data_mem[961][3]  ; clk_c        ; clk_c       ; 0.500        ; 0.084      ; 111.311    ;
; -110.740 ; integ:integ|pc[4] ; integ:integ|data_memory:data_mem|data_mem[961][2]  ; clk_c        ; clk_c       ; 0.500        ; 0.084      ; 111.311    ;
; -110.740 ; integ:integ|pc[4] ; integ:integ|data_memory:data_mem|data_mem[961][0]  ; clk_c        ; clk_c       ; 0.500        ; 0.084      ; 111.311    ;
; -110.740 ; integ:integ|pc[4] ; integ:integ|data_memory:data_mem|data_mem[961][5]  ; clk_c        ; clk_c       ; 0.500        ; 0.084      ; 111.311    ;
; -110.718 ; integ:integ|pc[7] ; integ:integ|data_memory:data_mem|data_mem[945][20] ; clk_c        ; clk_c       ; 0.500        ; 0.044      ; 111.249    ;
; -110.718 ; integ:integ|pc[7] ; integ:integ|data_memory:data_mem|data_mem[945][19] ; clk_c        ; clk_c       ; 0.500        ; 0.044      ; 111.249    ;
; -110.718 ; integ:integ|pc[7] ; integ:integ|data_memory:data_mem|data_mem[945][21] ; clk_c        ; clk_c       ; 0.500        ; 0.044      ; 111.249    ;
; -110.718 ; integ:integ|pc[7] ; integ:integ|data_memory:data_mem|data_mem[945][18] ; clk_c        ; clk_c       ; 0.500        ; 0.044      ; 111.249    ;
; -110.718 ; integ:integ|pc[7] ; integ:integ|data_memory:data_mem|data_mem[945][22] ; clk_c        ; clk_c       ; 0.500        ; 0.044      ; 111.249    ;
; -110.718 ; integ:integ|pc[7] ; integ:integ|data_memory:data_mem|data_mem[945][23] ; clk_c        ; clk_c       ; 0.500        ; 0.044      ; 111.249    ;
; -110.555 ; integ:integ|pc[8] ; integ:integ|data_memory:data_mem|data_mem[961][4]  ; clk_c        ; clk_c       ; 0.500        ; 0.084      ; 111.126    ;
; -110.555 ; integ:integ|pc[8] ; integ:integ|data_memory:data_mem|data_mem[961][3]  ; clk_c        ; clk_c       ; 0.500        ; 0.084      ; 111.126    ;
; -110.555 ; integ:integ|pc[8] ; integ:integ|data_memory:data_mem|data_mem[961][2]  ; clk_c        ; clk_c       ; 0.500        ; 0.084      ; 111.126    ;
; -110.555 ; integ:integ|pc[8] ; integ:integ|data_memory:data_mem|data_mem[961][0]  ; clk_c        ; clk_c       ; 0.500        ; 0.084      ; 111.126    ;
; -110.555 ; integ:integ|pc[8] ; integ:integ|data_memory:data_mem|data_mem[961][5]  ; clk_c        ; clk_c       ; 0.500        ; 0.084      ; 111.126    ;
; -110.547 ; integ:integ|pc[3] ; integ:integ|data_memory:data_mem|data_mem[961][4]  ; clk_c        ; clk_c       ; 0.500        ; 0.084      ; 111.118    ;
; -110.547 ; integ:integ|pc[3] ; integ:integ|data_memory:data_mem|data_mem[961][3]  ; clk_c        ; clk_c       ; 0.500        ; 0.084      ; 111.118    ;
; -110.547 ; integ:integ|pc[3] ; integ:integ|data_memory:data_mem|data_mem[961][2]  ; clk_c        ; clk_c       ; 0.500        ; 0.084      ; 111.118    ;
; -110.547 ; integ:integ|pc[3] ; integ:integ|data_memory:data_mem|data_mem[961][0]  ; clk_c        ; clk_c       ; 0.500        ; 0.084      ; 111.118    ;
; -110.547 ; integ:integ|pc[3] ; integ:integ|data_memory:data_mem|data_mem[961][5]  ; clk_c        ; clk_c       ; 0.500        ; 0.084      ; 111.118    ;
; -110.532 ; integ:integ|pc[5] ; integ:integ|data_memory:data_mem|data_mem[1001][7] ; clk_c        ; clk_c       ; 0.500        ; 0.077      ; 111.096    ;
; -110.532 ; integ:integ|pc[5] ; integ:integ|data_memory:data_mem|data_mem[1001][4] ; clk_c        ; clk_c       ; 0.500        ; 0.077      ; 111.096    ;
; -110.532 ; integ:integ|pc[5] ; integ:integ|data_memory:data_mem|data_mem[1001][3] ; clk_c        ; clk_c       ; 0.500        ; 0.077      ; 111.096    ;
+----------+-------------------+----------------------------------------------------+--------------+-------------+--------------+------------+------------+


+----------------------------------------------------------------------------------------------------------+
; Fast 1200mV 0C Model Setup: 'clk_i'                                                                      ;
+--------+-------------+-------------+--------------+-------------+--------------+------------+------------+
; Slack  ; From Node   ; To Node     ; Launch Clock ; Latch Clock ; Relationship ; Clock Skew ; Data Delay ;
+--------+-------------+-------------+--------------+-------------+--------------+------------+------------+
; -0.918 ; counter[1]  ; counter[31] ; clk_i        ; clk_i       ; 1.000        ; -0.037     ; 1.868      ;
; -0.914 ; counter[1]  ; counter[30] ; clk_i        ; clk_i       ; 1.000        ; -0.037     ; 1.864      ;
; -0.893 ; counter[0]  ; counter[31] ; clk_i        ; clk_i       ; 1.000        ; -0.037     ; 1.843      ;
; -0.867 ; counter[0]  ; counter[30] ; clk_i        ; clk_i       ; 1.000        ; -0.037     ; 1.817      ;
; -0.850 ; counter[1]  ; counter[29] ; clk_i        ; clk_i       ; 1.000        ; -0.037     ; 1.800      ;
; -0.846 ; counter[1]  ; counter[28] ; clk_i        ; clk_i       ; 1.000        ; -0.037     ; 1.796      ;
; -0.825 ; counter[0]  ; counter[29] ; clk_i        ; clk_i       ; 1.000        ; -0.037     ; 1.775      ;
; -0.801 ; counter[5]  ; counter[31] ; clk_i        ; clk_i       ; 1.000        ; -0.037     ; 1.751      ;
; -0.799 ; counter[0]  ; counter[28] ; clk_i        ; clk_i       ; 1.000        ; -0.037     ; 1.749      ;
; -0.797 ; counter[5]  ; counter[30] ; clk_i        ; clk_i       ; 1.000        ; -0.037     ; 1.747      ;
; -0.782 ; counter[1]  ; counter[27] ; clk_i        ; clk_i       ; 1.000        ; -0.037     ; 1.732      ;
; -0.778 ; counter[1]  ; counter[26] ; clk_i        ; clk_i       ; 1.000        ; -0.037     ; 1.728      ;
; -0.778 ; counter[4]  ; counter[31] ; clk_i        ; clk_i       ; 1.000        ; -0.037     ; 1.728      ;
; -0.767 ; counter[3]  ; counter[31] ; clk_i        ; clk_i       ; 1.000        ; -0.035     ; 1.719      ;
; -0.763 ; counter[3]  ; counter[30] ; clk_i        ; clk_i       ; 1.000        ; -0.035     ; 1.715      ;
; -0.757 ; counter[2]  ; counter[31] ; clk_i        ; clk_i       ; 1.000        ; -0.035     ; 1.709      ;
; -0.757 ; counter[0]  ; counter[27] ; clk_i        ; clk_i       ; 1.000        ; -0.037     ; 1.707      ;
; -0.748 ; counter[4]  ; counter[30] ; clk_i        ; clk_i       ; 1.000        ; -0.037     ; 1.698      ;
; -0.733 ; counter[5]  ; counter[29] ; clk_i        ; clk_i       ; 1.000        ; -0.037     ; 1.683      ;
; -0.731 ; counter[0]  ; counter[26] ; clk_i        ; clk_i       ; 1.000        ; -0.037     ; 1.681      ;
; -0.729 ; counter[5]  ; counter[28] ; clk_i        ; clk_i       ; 1.000        ; -0.037     ; 1.679      ;
; -0.719 ; counter[2]  ; counter[30] ; clk_i        ; clk_i       ; 1.000        ; -0.035     ; 1.671      ;
; -0.714 ; counter[1]  ; counter[25] ; clk_i        ; clk_i       ; 1.000        ; -0.037     ; 1.664      ;
; -0.710 ; counter[1]  ; counter[24] ; clk_i        ; clk_i       ; 1.000        ; -0.037     ; 1.660      ;
; -0.710 ; counter[4]  ; counter[29] ; clk_i        ; clk_i       ; 1.000        ; -0.037     ; 1.660      ;
; -0.699 ; counter[3]  ; counter[29] ; clk_i        ; clk_i       ; 1.000        ; -0.035     ; 1.651      ;
; -0.695 ; counter[3]  ; counter[28] ; clk_i        ; clk_i       ; 1.000        ; -0.035     ; 1.647      ;
; -0.689 ; counter[2]  ; counter[29] ; clk_i        ; clk_i       ; 1.000        ; -0.035     ; 1.641      ;
; -0.689 ; counter[0]  ; counter[25] ; clk_i        ; clk_i       ; 1.000        ; -0.037     ; 1.639      ;
; -0.680 ; counter[4]  ; counter[28] ; clk_i        ; clk_i       ; 1.000        ; -0.037     ; 1.630      ;
; -0.665 ; counter[5]  ; counter[27] ; clk_i        ; clk_i       ; 1.000        ; -0.037     ; 1.615      ;
; -0.663 ; counter[0]  ; counter[24] ; clk_i        ; clk_i       ; 1.000        ; -0.037     ; 1.613      ;
; -0.661 ; counter[5]  ; counter[26] ; clk_i        ; clk_i       ; 1.000        ; -0.037     ; 1.611      ;
; -0.656 ; counter[21] ; counter[4]  ; clk_i        ; clk_i       ; 1.000        ; -0.045     ; 1.598      ;
; -0.656 ; counter[21] ; counter[1]  ; clk_i        ; clk_i       ; 1.000        ; -0.045     ; 1.598      ;
; -0.651 ; counter[21] ; clk_c       ; clk_i        ; clk_i       ; 1.000        ; -0.045     ; 1.593      ;
; -0.651 ; counter[2]  ; counter[28] ; clk_i        ; clk_i       ; 1.000        ; -0.035     ; 1.603      ;
; -0.650 ; counter[27] ; counter[4]  ; clk_i        ; clk_i       ; 1.000        ; -0.045     ; 1.592      ;
; -0.650 ; counter[27] ; counter[1]  ; clk_i        ; clk_i       ; 1.000        ; -0.045     ; 1.592      ;
; -0.649 ; counter[21] ; counter[0]  ; clk_i        ; clk_i       ; 1.000        ; -0.045     ; 1.591      ;
; -0.648 ; counter[21] ; counter[5]  ; clk_i        ; clk_i       ; 1.000        ; -0.045     ; 1.590      ;
; -0.646 ; counter[1]  ; counter[23] ; clk_i        ; clk_i       ; 1.000        ; -0.037     ; 1.596      ;
; -0.645 ; counter[27] ; clk_c       ; clk_i        ; clk_i       ; 1.000        ; -0.045     ; 1.587      ;
; -0.643 ; counter[27] ; counter[0]  ; clk_i        ; clk_i       ; 1.000        ; -0.045     ; 1.585      ;
; -0.642 ; counter[1]  ; counter[22] ; clk_i        ; clk_i       ; 1.000        ; -0.037     ; 1.592      ;
; -0.642 ; counter[4]  ; counter[27] ; clk_i        ; clk_i       ; 1.000        ; -0.037     ; 1.592      ;
; -0.642 ; counter[27] ; counter[5]  ; clk_i        ; clk_i       ; 1.000        ; -0.045     ; 1.584      ;
; -0.635 ; counter[7]  ; counter[31] ; clk_i        ; clk_i       ; 1.000        ; -0.035     ; 1.587      ;
; -0.631 ; counter[7]  ; counter[30] ; clk_i        ; clk_i       ; 1.000        ; -0.035     ; 1.583      ;
; -0.631 ; counter[3]  ; counter[27] ; clk_i        ; clk_i       ; 1.000        ; -0.035     ; 1.583      ;
; -0.627 ; counter[3]  ; counter[26] ; clk_i        ; clk_i       ; 1.000        ; -0.035     ; 1.579      ;
; -0.621 ; counter[6]  ; counter[31] ; clk_i        ; clk_i       ; 1.000        ; -0.035     ; 1.573      ;
; -0.621 ; counter[2]  ; counter[27] ; clk_i        ; clk_i       ; 1.000        ; -0.035     ; 1.573      ;
; -0.621 ; counter[0]  ; counter[23] ; clk_i        ; clk_i       ; 1.000        ; -0.037     ; 1.571      ;
; -0.612 ; counter[4]  ; counter[26] ; clk_i        ; clk_i       ; 1.000        ; -0.037     ; 1.562      ;
; -0.597 ; counter[5]  ; counter[25] ; clk_i        ; clk_i       ; 1.000        ; -0.037     ; 1.547      ;
; -0.595 ; counter[0]  ; counter[22] ; clk_i        ; clk_i       ; 1.000        ; -0.037     ; 1.545      ;
; -0.593 ; counter[5]  ; counter[24] ; clk_i        ; clk_i       ; 1.000        ; -0.037     ; 1.543      ;
; -0.583 ; counter[2]  ; counter[26] ; clk_i        ; clk_i       ; 1.000        ; -0.035     ; 1.535      ;
; -0.582 ; counter[6]  ; counter[30] ; clk_i        ; clk_i       ; 1.000        ; -0.035     ; 1.534      ;
; -0.578 ; counter[1]  ; counter[21] ; clk_i        ; clk_i       ; 1.000        ; -0.037     ; 1.528      ;
; -0.574 ; counter[1]  ; counter[20] ; clk_i        ; clk_i       ; 1.000        ; -0.037     ; 1.524      ;
; -0.574 ; counter[4]  ; counter[25] ; clk_i        ; clk_i       ; 1.000        ; -0.037     ; 1.524      ;
; -0.574 ; counter[28] ; counter[4]  ; clk_i        ; clk_i       ; 1.000        ; -0.045     ; 1.516      ;
; -0.574 ; counter[28] ; counter[1]  ; clk_i        ; clk_i       ; 1.000        ; -0.045     ; 1.516      ;
; -0.569 ; counter[28] ; clk_c       ; clk_i        ; clk_i       ; 1.000        ; -0.045     ; 1.511      ;
; -0.567 ; counter[9]  ; counter[31] ; clk_i        ; clk_i       ; 1.000        ; -0.035     ; 1.519      ;
; -0.567 ; counter[7]  ; counter[29] ; clk_i        ; clk_i       ; 1.000        ; -0.035     ; 1.519      ;
; -0.567 ; counter[28] ; counter[0]  ; clk_i        ; clk_i       ; 1.000        ; -0.045     ; 1.509      ;
; -0.566 ; counter[28] ; counter[5]  ; clk_i        ; clk_i       ; 1.000        ; -0.045     ; 1.508      ;
; -0.563 ; counter[9]  ; counter[30] ; clk_i        ; clk_i       ; 1.000        ; -0.035     ; 1.515      ;
; -0.563 ; counter[7]  ; counter[28] ; clk_i        ; clk_i       ; 1.000        ; -0.035     ; 1.515      ;
; -0.563 ; counter[3]  ; counter[25] ; clk_i        ; clk_i       ; 1.000        ; -0.035     ; 1.515      ;
; -0.559 ; counter[3]  ; counter[24] ; clk_i        ; clk_i       ; 1.000        ; -0.035     ; 1.511      ;
; -0.553 ; counter[8]  ; counter[31] ; clk_i        ; clk_i       ; 1.000        ; -0.035     ; 1.505      ;
; -0.553 ; counter[6]  ; counter[29] ; clk_i        ; clk_i       ; 1.000        ; -0.035     ; 1.505      ;
; -0.553 ; counter[2]  ; counter[25] ; clk_i        ; clk_i       ; 1.000        ; -0.035     ; 1.505      ;
; -0.553 ; counter[0]  ; counter[21] ; clk_i        ; clk_i       ; 1.000        ; -0.037     ; 1.503      ;
; -0.544 ; counter[4]  ; counter[24] ; clk_i        ; clk_i       ; 1.000        ; -0.037     ; 1.494      ;
; -0.541 ; counter[20] ; counter[4]  ; clk_i        ; clk_i       ; 1.000        ; -0.045     ; 1.483      ;
; -0.541 ; counter[20] ; counter[1]  ; clk_i        ; clk_i       ; 1.000        ; -0.045     ; 1.483      ;
; -0.536 ; counter[20] ; clk_c       ; clk_i        ; clk_i       ; 1.000        ; -0.045     ; 1.478      ;
; -0.534 ; counter[20] ; counter[0]  ; clk_i        ; clk_i       ; 1.000        ; -0.045     ; 1.476      ;
; -0.533 ; counter[25] ; counter[4]  ; clk_i        ; clk_i       ; 1.000        ; -0.045     ; 1.475      ;
; -0.533 ; counter[25] ; counter[1]  ; clk_i        ; clk_i       ; 1.000        ; -0.045     ; 1.475      ;
; -0.533 ; counter[20] ; counter[5]  ; clk_i        ; clk_i       ; 1.000        ; -0.045     ; 1.475      ;
; -0.529 ; counter[5]  ; counter[23] ; clk_i        ; clk_i       ; 1.000        ; -0.037     ; 1.479      ;
; -0.528 ; counter[25] ; clk_c       ; clk_i        ; clk_i       ; 1.000        ; -0.045     ; 1.470      ;
; -0.527 ; counter[0]  ; counter[20] ; clk_i        ; clk_i       ; 1.000        ; -0.037     ; 1.477      ;
; -0.526 ; counter[25] ; counter[0]  ; clk_i        ; clk_i       ; 1.000        ; -0.045     ; 1.468      ;
; -0.525 ; counter[5]  ; counter[22] ; clk_i        ; clk_i       ; 1.000        ; -0.037     ; 1.475      ;
; -0.525 ; counter[25] ; counter[5]  ; clk_i        ; clk_i       ; 1.000        ; -0.045     ; 1.467      ;
; -0.521 ; counter[23] ; counter[4]  ; clk_i        ; clk_i       ; 1.000        ; -0.045     ; 1.463      ;
; -0.521 ; counter[23] ; counter[1]  ; clk_i        ; clk_i       ; 1.000        ; -0.045     ; 1.463      ;
; -0.516 ; counter[23] ; clk_c       ; clk_i        ; clk_i       ; 1.000        ; -0.045     ; 1.458      ;
; -0.515 ; counter[8]  ; counter[30] ; clk_i        ; clk_i       ; 1.000        ; -0.035     ; 1.467      ;
; -0.515 ; counter[2]  ; counter[24] ; clk_i        ; clk_i       ; 1.000        ; -0.035     ; 1.467      ;
; -0.514 ; counter[6]  ; counter[28] ; clk_i        ; clk_i       ; 1.000        ; -0.035     ; 1.466      ;
; -0.514 ; counter[23] ; counter[0]  ; clk_i        ; clk_i       ; 1.000        ; -0.045     ; 1.456      ;
; -0.513 ; counter[23] ; counter[5]  ; clk_i        ; clk_i       ; 1.000        ; -0.045     ; 1.455      ;
+--------+-------------+-------------+--------------+-------------+--------------+------------+------------+


+----------------------------------------------------------------------------------------------------------+
; Fast 1200mV 0C Model Hold: 'clk_i'                                                                       ;
+--------+-------------+-------------+--------------+-------------+--------------+------------+------------+
; Slack  ; From Node   ; To Node     ; Launch Clock ; Latch Clock ; Relationship ; Clock Skew ; Data Delay ;
+--------+-------------+-------------+--------------+-------------+--------------+------------+------------+
; -1.535 ; clk_c       ; clk_c       ; clk_c        ; clk_i       ; 0.000        ; 1.623      ; 0.307      ;
; -1.028 ; clk_c       ; clk_c       ; clk_c        ; clk_i       ; -0.500       ; 1.623      ; 0.314      ;
; 0.299  ; counter[31] ; counter[31] ; clk_i        ; clk_i       ; 0.000        ; 0.041      ; 0.424      ;
; 0.299  ; counter[15] ; counter[15] ; clk_i        ; clk_i       ; 0.000        ; 0.040      ; 0.423      ;
; 0.300  ; counter[17] ; counter[17] ; clk_i        ; clk_i       ; 0.000        ; 0.041      ; 0.425      ;
; 0.300  ; counter[19] ; counter[19] ; clk_i        ; clk_i       ; 0.000        ; 0.041      ; 0.425      ;
; 0.300  ; counter[29] ; counter[29] ; clk_i        ; clk_i       ; 0.000        ; 0.041      ; 0.425      ;
; 0.300  ; counter[27] ; counter[27] ; clk_i        ; clk_i       ; 0.000        ; 0.041      ; 0.425      ;
; 0.300  ; counter[21] ; counter[21] ; clk_i        ; clk_i       ; 0.000        ; 0.041      ; 0.425      ;
; 0.300  ; counter[13] ; counter[13] ; clk_i        ; clk_i       ; 0.000        ; 0.040      ; 0.424      ;
; 0.300  ; counter[3]  ; counter[3]  ; clk_i        ; clk_i       ; 0.000        ; 0.040      ; 0.424      ;
; 0.301  ; counter[25] ; counter[25] ; clk_i        ; clk_i       ; 0.000        ; 0.041      ; 0.426      ;
; 0.301  ; counter[23] ; counter[23] ; clk_i        ; clk_i       ; 0.000        ; 0.041      ; 0.426      ;
; 0.301  ; counter[22] ; counter[22] ; clk_i        ; clk_i       ; 0.000        ; 0.041      ; 0.426      ;
; 0.301  ; counter[16] ; counter[16] ; clk_i        ; clk_i       ; 0.000        ; 0.041      ; 0.426      ;
; 0.301  ; counter[11] ; counter[11] ; clk_i        ; clk_i       ; 0.000        ; 0.040      ; 0.425      ;
; 0.301  ; counter[7]  ; counter[7]  ; clk_i        ; clk_i       ; 0.000        ; 0.040      ; 0.425      ;
; 0.301  ; counter[6]  ; counter[6]  ; clk_i        ; clk_i       ; 0.000        ; 0.040      ; 0.425      ;
; 0.302  ; counter[18] ; counter[18] ; clk_i        ; clk_i       ; 0.000        ; 0.041      ; 0.427      ;
; 0.302  ; counter[30] ; counter[30] ; clk_i        ; clk_i       ; 0.000        ; 0.041      ; 0.427      ;
; 0.302  ; counter[24] ; counter[24] ; clk_i        ; clk_i       ; 0.000        ; 0.041      ; 0.427      ;
; 0.302  ; counter[20] ; counter[20] ; clk_i        ; clk_i       ; 0.000        ; 0.041      ; 0.427      ;
; 0.302  ; counter[14] ; counter[14] ; clk_i        ; clk_i       ; 0.000        ; 0.040      ; 0.426      ;
; 0.302  ; counter[9]  ; counter[9]  ; clk_i        ; clk_i       ; 0.000        ; 0.040      ; 0.426      ;
; 0.302  ; counter[8]  ; counter[8]  ; clk_i        ; clk_i       ; 0.000        ; 0.040      ; 0.426      ;
; 0.302  ; counter[2]  ; counter[2]  ; clk_i        ; clk_i       ; 0.000        ; 0.040      ; 0.426      ;
; 0.303  ; counter[28] ; counter[28] ; clk_i        ; clk_i       ; 0.000        ; 0.041      ; 0.428      ;
; 0.303  ; counter[26] ; counter[26] ; clk_i        ; clk_i       ; 0.000        ; 0.041      ; 0.428      ;
; 0.303  ; counter[12] ; counter[12] ; clk_i        ; clk_i       ; 0.000        ; 0.040      ; 0.427      ;
; 0.303  ; counter[10] ; counter[10] ; clk_i        ; clk_i       ; 0.000        ; 0.040      ; 0.427      ;
; 0.442  ; counter[15] ; counter[16] ; clk_i        ; clk_i       ; 0.000        ; 0.046      ; 0.572      ;
; 0.449  ; counter[21] ; counter[22] ; clk_i        ; clk_i       ; 0.000        ; 0.041      ; 0.574      ;
; 0.449  ; counter[17] ; counter[18] ; clk_i        ; clk_i       ; 0.000        ; 0.041      ; 0.574      ;
; 0.449  ; counter[29] ; counter[30] ; clk_i        ; clk_i       ; 0.000        ; 0.041      ; 0.574      ;
; 0.449  ; counter[19] ; counter[20] ; clk_i        ; clk_i       ; 0.000        ; 0.041      ; 0.574      ;
; 0.449  ; counter[13] ; counter[14] ; clk_i        ; clk_i       ; 0.000        ; 0.040      ; 0.573      ;
; 0.449  ; counter[27] ; counter[28] ; clk_i        ; clk_i       ; 0.000        ; 0.041      ; 0.574      ;
; 0.450  ; counter[23] ; counter[24] ; clk_i        ; clk_i       ; 0.000        ; 0.041      ; 0.575      ;
; 0.450  ; counter[7]  ; counter[8]  ; clk_i        ; clk_i       ; 0.000        ; 0.040      ; 0.574      ;
; 0.450  ; counter[25] ; counter[26] ; clk_i        ; clk_i       ; 0.000        ; 0.041      ; 0.575      ;
; 0.450  ; counter[11] ; counter[12] ; clk_i        ; clk_i       ; 0.000        ; 0.040      ; 0.574      ;
; 0.451  ; counter[9]  ; counter[10] ; clk_i        ; clk_i       ; 0.000        ; 0.040      ; 0.575      ;
; 0.457  ; counter[14] ; counter[16] ; clk_i        ; clk_i       ; 0.000        ; 0.046      ; 0.587      ;
; 0.459  ; counter[16] ; counter[17] ; clk_i        ; clk_i       ; 0.000        ; 0.041      ; 0.584      ;
; 0.459  ; counter[22] ; counter[23] ; clk_i        ; clk_i       ; 0.000        ; 0.041      ; 0.584      ;
; 0.459  ; counter[6]  ; counter[7]  ; clk_i        ; clk_i       ; 0.000        ; 0.040      ; 0.583      ;
; 0.460  ; counter[30] ; counter[31] ; clk_i        ; clk_i       ; 0.000        ; 0.041      ; 0.585      ;
; 0.460  ; counter[14] ; counter[15] ; clk_i        ; clk_i       ; 0.000        ; 0.040      ; 0.584      ;
; 0.460  ; counter[18] ; counter[19] ; clk_i        ; clk_i       ; 0.000        ; 0.041      ; 0.585      ;
; 0.460  ; counter[20] ; counter[21] ; clk_i        ; clk_i       ; 0.000        ; 0.041      ; 0.585      ;
; 0.460  ; counter[2]  ; counter[3]  ; clk_i        ; clk_i       ; 0.000        ; 0.040      ; 0.584      ;
; 0.460  ; counter[24] ; counter[25] ; clk_i        ; clk_i       ; 0.000        ; 0.041      ; 0.585      ;
; 0.460  ; counter[8]  ; counter[9]  ; clk_i        ; clk_i       ; 0.000        ; 0.040      ; 0.584      ;
; 0.461  ; counter[28] ; counter[29] ; clk_i        ; clk_i       ; 0.000        ; 0.041      ; 0.586      ;
; 0.461  ; counter[26] ; counter[27] ; clk_i        ; clk_i       ; 0.000        ; 0.041      ; 0.586      ;
; 0.461  ; counter[12] ; counter[13] ; clk_i        ; clk_i       ; 0.000        ; 0.040      ; 0.585      ;
; 0.461  ; counter[10] ; counter[11] ; clk_i        ; clk_i       ; 0.000        ; 0.040      ; 0.585      ;
; 0.462  ; counter[16] ; counter[18] ; clk_i        ; clk_i       ; 0.000        ; 0.041      ; 0.587      ;
; 0.462  ; counter[22] ; counter[24] ; clk_i        ; clk_i       ; 0.000        ; 0.041      ; 0.587      ;
; 0.462  ; counter[6]  ; counter[8]  ; clk_i        ; clk_i       ; 0.000        ; 0.040      ; 0.586      ;
; 0.463  ; counter[20] ; counter[22] ; clk_i        ; clk_i       ; 0.000        ; 0.041      ; 0.588      ;
; 0.463  ; counter[18] ; counter[20] ; clk_i        ; clk_i       ; 0.000        ; 0.041      ; 0.588      ;
; 0.463  ; counter[24] ; counter[26] ; clk_i        ; clk_i       ; 0.000        ; 0.041      ; 0.588      ;
; 0.463  ; counter[8]  ; counter[10] ; clk_i        ; clk_i       ; 0.000        ; 0.040      ; 0.587      ;
; 0.464  ; counter[28] ; counter[30] ; clk_i        ; clk_i       ; 0.000        ; 0.041      ; 0.589      ;
; 0.464  ; counter[12] ; counter[14] ; clk_i        ; clk_i       ; 0.000        ; 0.040      ; 0.588      ;
; 0.464  ; counter[26] ; counter[28] ; clk_i        ; clk_i       ; 0.000        ; 0.041      ; 0.589      ;
; 0.464  ; counter[10] ; counter[12] ; clk_i        ; clk_i       ; 0.000        ; 0.040      ; 0.588      ;
; 0.505  ; counter[15] ; counter[17] ; clk_i        ; clk_i       ; 0.000        ; 0.046      ; 0.635      ;
; 0.508  ; counter[15] ; counter[18] ; clk_i        ; clk_i       ; 0.000        ; 0.046      ; 0.638      ;
; 0.509  ; counter[13] ; counter[16] ; clk_i        ; clk_i       ; 0.000        ; 0.046      ; 0.639      ;
; 0.512  ; counter[21] ; counter[23] ; clk_i        ; clk_i       ; 0.000        ; 0.041      ; 0.637      ;
; 0.512  ; counter[29] ; counter[31] ; clk_i        ; clk_i       ; 0.000        ; 0.041      ; 0.637      ;
; 0.512  ; counter[13] ; counter[15] ; clk_i        ; clk_i       ; 0.000        ; 0.040      ; 0.636      ;
; 0.512  ; counter[17] ; counter[19] ; clk_i        ; clk_i       ; 0.000        ; 0.041      ; 0.637      ;
; 0.512  ; counter[19] ; counter[21] ; clk_i        ; clk_i       ; 0.000        ; 0.041      ; 0.637      ;
; 0.512  ; counter[27] ; counter[29] ; clk_i        ; clk_i       ; 0.000        ; 0.041      ; 0.637      ;
; 0.513  ; counter[23] ; counter[25] ; clk_i        ; clk_i       ; 0.000        ; 0.041      ; 0.638      ;
; 0.513  ; counter[7]  ; counter[9]  ; clk_i        ; clk_i       ; 0.000        ; 0.040      ; 0.637      ;
; 0.513  ; counter[25] ; counter[27] ; clk_i        ; clk_i       ; 0.000        ; 0.041      ; 0.638      ;
; 0.513  ; counter[11] ; counter[13] ; clk_i        ; clk_i       ; 0.000        ; 0.040      ; 0.637      ;
; 0.514  ; counter[9]  ; counter[11] ; clk_i        ; clk_i       ; 0.000        ; 0.040      ; 0.638      ;
; 0.515  ; counter[3]  ; counter[6]  ; clk_i        ; clk_i       ; 0.000        ; 0.040      ; 0.639      ;
; 0.515  ; counter[21] ; counter[24] ; clk_i        ; clk_i       ; 0.000        ; 0.041      ; 0.640      ;
; 0.515  ; counter[19] ; counter[22] ; clk_i        ; clk_i       ; 0.000        ; 0.041      ; 0.640      ;
; 0.515  ; counter[17] ; counter[20] ; clk_i        ; clk_i       ; 0.000        ; 0.041      ; 0.640      ;
; 0.515  ; counter[27] ; counter[30] ; clk_i        ; clk_i       ; 0.000        ; 0.041      ; 0.640      ;
; 0.516  ; counter[23] ; counter[26] ; clk_i        ; clk_i       ; 0.000        ; 0.041      ; 0.641      ;
; 0.516  ; counter[7]  ; counter[10] ; clk_i        ; clk_i       ; 0.000        ; 0.040      ; 0.640      ;
; 0.516  ; counter[11] ; counter[14] ; clk_i        ; clk_i       ; 0.000        ; 0.040      ; 0.640      ;
; 0.516  ; counter[25] ; counter[28] ; clk_i        ; clk_i       ; 0.000        ; 0.041      ; 0.641      ;
; 0.517  ; counter[9]  ; counter[12] ; clk_i        ; clk_i       ; 0.000        ; 0.040      ; 0.641      ;
; 0.519  ; counter[1]  ; counter[2]  ; clk_i        ; clk_i       ; 0.000        ; 0.039      ; 0.642      ;
; 0.520  ; counter[1]  ; clk_c       ; clk_i        ; clk_i       ; 0.000        ; 0.041      ; 0.645      ;
; 0.520  ; counter[14] ; counter[17] ; clk_i        ; clk_i       ; 0.000        ; 0.046      ; 0.650      ;
; 0.523  ; counter[14] ; counter[18] ; clk_i        ; clk_i       ; 0.000        ; 0.046      ; 0.653      ;
; 0.524  ; counter[1]  ; counter[5]  ; clk_i        ; clk_i       ; 0.000        ; 0.041      ; 0.649      ;
; 0.524  ; counter[1]  ; counter[0]  ; clk_i        ; clk_i       ; 0.000        ; 0.041      ; 0.649      ;
; 0.524  ; counter[12] ; counter[16] ; clk_i        ; clk_i       ; 0.000        ; 0.046      ; 0.654      ;
; 0.525  ; counter[16] ; counter[19] ; clk_i        ; clk_i       ; 0.000        ; 0.041      ; 0.650      ;
+--------+-------------+-------------+--------------+-------------+--------------+------------+------------+


+---------------------------------------------------------------------------------------------------------------------------------------------------------------------------------------+
; Fast 1200mV 0C Model Hold: 'clk_c'                                                                                                                                                    ;
+-------+------------------------------------------------+--------------------------------------------------------+--------------+-------------+--------------+------------+------------+
; Slack ; From Node                                      ; To Node                                                ; Launch Clock ; Latch Clock ; Relationship ; Clock Skew ; Data Delay ;
+-------+------------------------------------------------+--------------------------------------------------------+--------------+-------------+--------------+------------+------------+
; 0.181 ; integ:integ|pc[0]                              ; integ:integ|pc[0]                                      ; clk_c        ; clk_c       ; 0.000        ; 0.042      ; 0.307      ;
; 0.188 ; integ:integ|data_memory:data_mem|io_mem[1][22] ; integ:integ|data_memory:data_mem|systemoutput_o[0][22] ; clk_c        ; clk_c       ; 0.000        ; 0.042      ; 0.314      ;
; 0.188 ; integ:integ|data_memory:data_mem|io_mem[1][12] ; integ:integ|data_memory:data_mem|systemoutput_o[0][12] ; clk_c        ; clk_c       ; 0.000        ; 0.043      ; 0.315      ;
; 0.190 ; integ:integ|data_memory:data_mem|io_mem[1][0]  ; integ:integ|data_memory:data_mem|systemoutput_o[0][0]  ; clk_c        ; clk_c       ; 0.000        ; 0.041      ; 0.315      ;
; 0.201 ; integ:integ|data_memory:data_mem|io_mem[1][8]  ; integ:integ|data_memory:data_mem|systemoutput_o[0][8]  ; clk_c        ; clk_c       ; 0.000        ; 0.041      ; 0.326      ;
; 0.202 ; integ:integ|data_memory:data_mem|io_mem[1][9]  ; integ:integ|data_memory:data_mem|systemoutput_o[0][9]  ; clk_c        ; clk_c       ; 0.000        ; 0.041      ; 0.327      ;
; 0.260 ; integ:integ|data_memory:data_mem|io_mem[1][14] ; integ:integ|data_memory:data_mem|systemoutput_o[0][14] ; clk_c        ; clk_c       ; 0.000        ; 0.043      ; 0.387      ;
; 0.260 ; integ:integ|data_memory:data_mem|io_mem[1][2]  ; integ:integ|data_memory:data_mem|systemoutput_o[0][2]  ; clk_c        ; clk_c       ; 0.000        ; 0.042      ; 0.386      ;
; 0.263 ; integ:integ|data_memory:data_mem|io_mem[1][1]  ; integ:integ|data_memory:data_mem|systemoutput_o[0][1]  ; clk_c        ; clk_c       ; 0.000        ; 0.042      ; 0.389      ;
; 0.263 ; integ:integ|data_memory:data_mem|io_mem[1][4]  ; integ:integ|data_memory:data_mem|systemoutput_o[0][4]  ; clk_c        ; clk_c       ; 0.000        ; 0.042      ; 0.389      ;
; 0.275 ; integ:integ|data_memory:data_mem|io_mem[1][13] ; integ:integ|data_memory:data_mem|systemoutput_o[0][13] ; clk_c        ; clk_c       ; 0.000        ; 0.041      ; 0.400      ;
; 0.275 ; integ:integ|data_memory:data_mem|io_mem[1][11] ; integ:integ|data_memory:data_mem|systemoutput_o[0][11] ; clk_c        ; clk_c       ; 0.000        ; 0.041      ; 0.400      ;
; 0.330 ; integ:integ|data_memory:data_mem|io_mem[1][15] ; integ:integ|data_memory:data_mem|io_data[15]           ; clk_c        ; clk_c       ; 0.000        ; 0.043      ; 0.457      ;
; 0.331 ; integ:integ|data_memory:data_mem|io_mem[1][18] ; integ:integ|data_memory:data_mem|io_data[18]           ; clk_c        ; clk_c       ; 0.000        ; 0.043      ; 0.458      ;
; 0.331 ; integ:integ|data_memory:data_mem|io_mem[1][10] ; integ:integ|data_memory:data_mem|io_data[10]           ; clk_c        ; clk_c       ; 0.000        ; 0.043      ; 0.458      ;
; 0.338 ; integ:integ|data_memory:data_mem|io_mem[3][18] ; integ:integ|data_memory:data_mem|io_data[18]           ; clk_c        ; clk_c       ; 0.000        ; 0.043      ; 0.465      ;
; 0.338 ; integ:integ|data_memory:data_mem|io_mem[3][11] ; integ:integ|data_memory:data_mem|io_data[11]           ; clk_c        ; clk_c       ; 0.000        ; 0.042      ; 0.464      ;
; 0.339 ; integ:integ|data_memory:data_mem|io_mem[2][7]  ; integ:integ|data_memory:data_mem|io_data[7]            ; clk_c        ; clk_c       ; 0.000        ; 0.042      ; 0.465      ;
; 0.340 ; integ:integ|data_memory:data_mem|io_mem[2][17] ; integ:integ|data_memory:data_mem|io_data[17]           ; clk_c        ; clk_c       ; 0.000        ; 0.044      ; 0.468      ;
; 0.340 ; integ:integ|data_memory:data_mem|io_mem[3][31] ; integ:integ|data_memory:data_mem|io_data[31]           ; clk_c        ; clk_c       ; 0.000        ; 0.043      ; 0.467      ;
; 0.341 ; integ:integ|data_memory:data_mem|io_mem[2][9]  ; integ:integ|data_memory:data_mem|io_data[9]            ; clk_c        ; clk_c       ; 0.000        ; 0.042      ; 0.467      ;
; 0.348 ; integ:integ|data_memory:data_mem|io_mem[1][3]  ; integ:integ|data_memory:data_mem|systemoutput_o[0][3]  ; clk_c        ; clk_c       ; 0.000        ; 0.036      ; 0.468      ;
; 0.361 ; integ:integ|data_memory:data_mem|io_mem[1][18] ; integ:integ|data_memory:data_mem|systemoutput_o[0][18] ; clk_c        ; clk_c       ; 0.000        ; 0.043      ; 0.488      ;
; 0.390 ; integ:integ|data_memory:data_mem|io_mem[1][20] ; integ:integ|data_memory:data_mem|io_data[20]           ; clk_c        ; clk_c       ; 0.000        ; 0.043      ; 0.517      ;
; 0.398 ; integ:integ|data_memory:data_mem|io_mem[3][7]  ; integ:integ|data_memory:data_mem|io_data[7]            ; clk_c        ; clk_c       ; 0.000        ; 0.042      ; 0.524      ;
; 0.402 ; integ:integ|data_memory:data_mem|io_mem[3][9]  ; integ:integ|data_memory:data_mem|io_data[9]            ; clk_c        ; clk_c       ; 0.000        ; 0.042      ; 0.528      ;
; 0.433 ; integ:integ|data_memory:data_mem|io_mem[1][23] ; integ:integ|data_memory:data_mem|io_data[23]           ; clk_c        ; clk_c       ; 0.000        ; 0.043      ; 0.560      ;
; 0.437 ; integ:integ|data_memory:data_mem|io_mem[1][10] ; integ:integ|data_memory:data_mem|systemoutput_o[0][10] ; clk_c        ; clk_c       ; 0.000        ; 0.043      ; 0.564      ;
; 0.439 ; integ:integ|data_memory:data_mem|io_mem[3][10] ; integ:integ|data_memory:data_mem|io_data[10]           ; clk_c        ; clk_c       ; 0.000        ; 0.043      ; 0.566      ;
; 0.442 ; integ:integ|data_memory:data_mem|io_mem[3][17] ; integ:integ|data_memory:data_mem|io_data[17]           ; clk_c        ; clk_c       ; 0.000        ; 0.044      ; 0.570      ;
; 0.445 ; integ:integ|data_memory:data_mem|io_mem[2][31] ; integ:integ|data_memory:data_mem|io_data[31]           ; clk_c        ; clk_c       ; 0.000        ; 0.043      ; 0.572      ;
; 0.464 ; integ:integ|data_memory:data_mem|io_mem[2][13] ; integ:integ|data_memory:data_mem|io_data[13]           ; clk_c        ; clk_c       ; 0.000        ; 0.041      ; 0.589      ;
; 0.497 ; integ:integ|data_memory:data_mem|io_mem[1][22] ; integ:integ|data_memory:data_mem|io_data[22]           ; clk_c        ; clk_c       ; 0.000        ; 0.042      ; 0.623      ;
; 0.498 ; integ:integ|data_memory:data_mem|io_mem[3][20] ; integ:integ|data_memory:data_mem|io_data[20]           ; clk_c        ; clk_c       ; 0.000        ; 0.043      ; 0.625      ;
; 0.502 ; integ:integ|data_memory:data_mem|io_mem[1][21] ; integ:integ|data_memory:data_mem|systemoutput_o[0][21] ; clk_c        ; clk_c       ; 0.000        ; 0.053      ; 0.639      ;
; 0.505 ; integ:integ|data_memory:data_mem|io_mem[3][22] ; integ:integ|data_memory:data_mem|io_data[22]           ; clk_c        ; clk_c       ; 0.000        ; 0.042      ; 0.631      ;
; 0.505 ; integ:integ|data_memory:data_mem|io_mem[3][13] ; integ:integ|data_memory:data_mem|io_data[13]           ; clk_c        ; clk_c       ; 0.000        ; 0.041      ; 0.630      ;
; 0.507 ; integ:integ|data_memory:data_mem|io_mem[1][19] ; integ:integ|data_memory:data_mem|systemoutput_o[0][19] ; clk_c        ; clk_c       ; 0.000        ; 0.053      ; 0.644      ;
; 0.514 ; integ:integ|data_memory:data_mem|io_mem[1][17] ; integ:integ|data_memory:data_mem|systemoutput_o[0][17] ; clk_c        ; clk_c       ; 0.000        ; 0.053      ; 0.651      ;
; 0.522 ; integ:integ|data_memory:data_mem|io_mem[2][11] ; integ:integ|data_memory:data_mem|io_data[11]           ; clk_c        ; clk_c       ; 0.000        ; 0.041      ; 0.647      ;
; 0.530 ; integ:integ|data_memory:data_mem|io_mem[1][30] ; integ:integ|data_memory:data_mem|systemoutput_o[0][30] ; clk_c        ; clk_c       ; 0.000        ; 0.044      ; 0.658      ;
; 0.542 ; integ:integ|data_memory:data_mem|io_mem[1][24] ; integ:integ|data_memory:data_mem|systemoutput_o[0][24] ; clk_c        ; clk_c       ; 0.000        ; 0.021      ; 0.647      ;
; 0.559 ; integ:integ|data_memory:data_mem|io_mem[3][15] ; integ:integ|data_memory:data_mem|io_data[15]           ; clk_c        ; clk_c       ; 0.000        ; 0.052      ; 0.695      ;
; 0.583 ; integ:integ|data_memory:data_mem|io_mem[0][17] ; integ:integ|data_memory:data_mem|io_data[17]           ; clk_c        ; clk_c       ; 0.000        ; 0.044      ; 0.711      ;
; 0.584 ; integ:integ|data_memory:data_mem|io_mem[0][31] ; integ:integ|data_memory:data_mem|io_data[31]           ; clk_c        ; clk_c       ; 0.000        ; 0.043      ; 0.711      ;
; 0.591 ; integ:integ|data_memory:data_mem|io_mem[0][7]  ; integ:integ|data_memory:data_mem|io_data[7]            ; clk_c        ; clk_c       ; 0.000        ; 0.042      ; 0.717      ;
; 0.594 ; integ:integ|data_memory:data_mem|io_mem[0][9]  ; integ:integ|data_memory:data_mem|io_data[9]            ; clk_c        ; clk_c       ; 0.000        ; 0.042      ; 0.720      ;
; 0.599 ; integ:integ|data_memory:data_mem|io_mem[1][28] ; integ:integ|data_memory:data_mem|systemoutput_o[0][28] ; clk_c        ; clk_c       ; 0.000        ; 0.017      ; 0.700      ;
; 0.603 ; integ:integ|data_memory:data_mem|io_mem[3][19] ; integ:integ|data_memory:data_mem|io_data[19]           ; clk_c        ; clk_c       ; 0.000        ; 0.043      ; 0.730      ;
; 0.605 ; integ:integ|data_memory:data_mem|io_mem[2][19] ; integ:integ|data_memory:data_mem|io_data[19]           ; clk_c        ; clk_c       ; 0.000        ; 0.043      ; 0.732      ;
; 0.617 ; integ:integ|data_memory:data_mem|io_mem[1][2]  ; integ:integ|data_memory:data_mem|io_data[2]            ; clk_c        ; clk_c       ; 0.000        ; 0.035      ; 0.736      ;
; 0.623 ; integ:integ|data_memory:data_mem|io_mem[1][4]  ; integ:integ|data_memory:data_mem|io_data[4]            ; clk_c        ; clk_c       ; 0.000        ; 0.035      ; 0.742      ;
; 0.650 ; integ:integ|data_memory:data_mem|io_mem[0][13] ; integ:integ|data_memory:data_mem|io_data[13]           ; clk_c        ; clk_c       ; 0.000        ; 0.041      ; 0.775      ;
; 0.665 ; integ:integ|data_memory:data_mem|io_mem[1][7]  ; integ:integ|data_memory:data_mem|io_data[7]            ; clk_c        ; clk_c       ; 0.000        ; 0.043      ; 0.792      ;
; 0.689 ; integ:integ|data_memory:data_mem|io_mem[2][1]  ; integ:integ|data_memory:data_mem|io_data[1]            ; clk_c        ; clk_c       ; 0.000        ; 0.034      ; 0.807      ;
; 0.702 ; integ:integ|data_memory:data_mem|io_mem[0][19] ; integ:integ|data_memory:data_mem|io_data[19]           ; clk_c        ; clk_c       ; 0.000        ; 0.043      ; 0.829      ;
; 0.717 ; integ:integ|data_memory:data_mem|io_mem[0][11] ; integ:integ|data_memory:data_mem|io_data[11]           ; clk_c        ; clk_c       ; 0.000        ; 0.041      ; 0.842      ;
; 0.730 ; integ:integ|data_memory:data_mem|io_mem[3][1]  ; integ:integ|data_memory:data_mem|io_data[1]            ; clk_c        ; clk_c       ; 0.000        ; 0.034      ; 0.848      ;
; 0.731 ; integ:integ|data_memory:data_mem|io_mem[3][4]  ; integ:integ|data_memory:data_mem|io_data[4]            ; clk_c        ; clk_c       ; 0.000        ; 0.035      ; 0.850      ;
; 0.739 ; integ:integ|pc[28]                             ; integ:integ|pc[28]                                     ; clk_c        ; clk_c       ; 0.000        ; 0.041      ; 0.864      ;
; 0.773 ; integ:integ|data_memory:data_mem|io_mem[2][3]  ; integ:integ|data_memory:data_mem|io_data[3]            ; clk_c        ; clk_c       ; 0.000        ; 0.034      ; 0.891      ;
; 0.774 ; integ:integ|data_memory:data_mem|io_mem[1][0]  ; integ:integ|data_memory:data_mem|io_data[0]            ; clk_c        ; clk_c       ; 0.000        ; 0.044      ; 0.902      ;
; 0.776 ; integ:integ|data_memory:data_mem|io_mem[2][2]  ; integ:integ|data_memory:data_mem|io_data[2]            ; clk_c        ; clk_c       ; 0.000        ; 0.035      ; 0.895      ;
; 0.795 ; integ:integ|data_memory:data_mem|io_mem[3][2]  ; integ:integ|data_memory:data_mem|io_data[2]            ; clk_c        ; clk_c       ; 0.000        ; 0.035      ; 0.914      ;
; 0.795 ; integ:integ|data_memory:data_mem|io_mem[3][3]  ; integ:integ|data_memory:data_mem|io_data[3]            ; clk_c        ; clk_c       ; 0.000        ; 0.035      ; 0.914      ;
; 0.809 ; integ:integ|pc[27]                             ; integ:integ|pc[27]                                     ; clk_c        ; clk_c       ; 0.000        ; 0.041      ; 0.934      ;
; 0.825 ; integ:integ|data_memory:data_mem|io_mem[1][16] ; integ:integ|data_memory:data_mem|systemoutput_o[0][16] ; clk_c        ; clk_c       ; 0.000        ; 0.055      ; 0.964      ;
; 0.840 ; integ:integ|pc[2]                              ; integ:integ|pc[2]                                      ; clk_c        ; clk_c       ; 0.000        ; 0.042      ; 0.966      ;
; 0.865 ; integ:integ|data_memory:data_mem|io_mem[1][26] ; integ:integ|data_memory:data_mem|systemoutput_o[0][26] ; clk_c        ; clk_c       ; 0.000        ; 0.001      ; 0.950      ;
; 0.865 ; integ:integ|data_memory:data_mem|io_mem[1][13] ; integ:integ|data_memory:data_mem|io_data[13]           ; clk_c        ; clk_c       ; 0.000        ; 0.066      ; 1.015      ;
; 0.894 ; integ:integ|pc[29]                             ; integ:integ|pc[30]                                     ; clk_c        ; clk_c       ; 0.000        ; 0.041      ; 1.019      ;
; 0.895 ; integ:integ|pc[29]                             ; integ:integ|pc[29]                                     ; clk_c        ; clk_c       ; 0.000        ; 0.041      ; 1.020      ;
; 0.903 ; integ:integ|pc[28]                             ; integ:integ|pc[30]                                     ; clk_c        ; clk_c       ; 0.000        ; 0.041      ; 1.028      ;
; 0.907 ; integ:integ|pc[30]                             ; integ:integ|pc[30]                                     ; clk_c        ; clk_c       ; 0.000        ; 0.041      ; 1.032      ;
; 0.922 ; integ:integ|data_memory:data_mem|io_mem[1][25] ; integ:integ|data_memory:data_mem|systemoutput_o[0][25] ; clk_c        ; clk_c       ; 0.000        ; 0.054      ; 1.060      ;
; 0.929 ; integ:integ|data_memory:data_mem|io_mem[1][5]  ; integ:integ|data_memory:data_mem|systemoutput_o[0][5]  ; clk_c        ; clk_c       ; 0.000        ; 0.084      ; 1.097      ;
; 0.955 ; integ:integ|data_memory:data_mem|io_mem[2][4]  ; integ:integ|data_memory:data_mem|io_data[4]            ; clk_c        ; clk_c       ; 0.000        ; 0.035      ; 1.074      ;
; 0.957 ; integ:integ|data_memory:data_mem|io_mem[1][6]  ; integ:integ|data_memory:data_mem|systemoutput_o[0][6]  ; clk_c        ; clk_c       ; 0.000        ; 0.088      ; 1.129      ;
; 0.965 ; integ:integ|pc[27]                             ; integ:integ|pc[28]                                     ; clk_c        ; clk_c       ; 0.000        ; 0.041      ; 1.090      ;
; 0.971 ; integ:integ|data_memory:data_mem|io_mem[1][20] ; integ:integ|data_memory:data_mem|systemoutput_o[0][20] ; clk_c        ; clk_c       ; 0.000        ; 0.038      ; 1.093      ;
; 0.990 ; integ:integ|pc[2]                              ; integ:integ|pc[3]                                      ; clk_c        ; clk_c       ; 0.000        ; 0.042      ; 1.116      ;
; 0.995 ; integ:integ|data_memory:data_mem|io_mem[1][6]  ; integ:integ|data_memory:data_mem|io_data[6]            ; clk_c        ; clk_c       ; 0.000        ; 0.036      ; 1.115      ;
; 1.001 ; integ:integ|pc[1]                              ; integ:integ|pc[2]                                      ; clk_c        ; clk_c       ; 0.000        ; 0.040      ; 1.125      ;
; 1.001 ; integ:integ|data_memory:data_mem|io_mem[3][6]  ; integ:integ|data_memory:data_mem|io_data[6]            ; clk_c        ; clk_c       ; 0.000        ; 0.036      ; 1.121      ;
; 1.008 ; integ:integ|pc[9]                              ; integ:integ|pc[9]                                      ; clk_c        ; clk_c       ; 0.000        ; 0.042      ; 1.134      ;
; 1.012 ; integ:integ|data_memory:data_mem|io_mem[3][5]  ; integ:integ|data_memory:data_mem|io_data[5]            ; clk_c        ; clk_c       ; 0.000        ; 0.036      ; 1.132      ;
; 1.015 ; integ:integ|data_memory:data_mem|io_mem[1][9]  ; integ:integ|data_memory:data_mem|io_data[9]            ; clk_c        ; clk_c       ; 0.000        ; 0.067      ; 1.166      ;
; 1.027 ; integ:integ|data_memory:data_mem|io_mem[1][11] ; integ:integ|data_memory:data_mem|io_data[11]           ; clk_c        ; clk_c       ; 0.000        ; 0.066      ; 1.177      ;
; 1.033 ; integ:integ|pc[17]                             ; integ:integ|pc[17]                                     ; clk_c        ; clk_c       ; 0.000        ; 0.041      ; 1.158      ;
; 1.033 ; integ:integ|pc[27]                             ; integ:integ|pc[30]                                     ; clk_c        ; clk_c       ; 0.000        ; 0.041      ; 1.158      ;
; 1.033 ; integ:integ|regfile:regfile|x~133              ; integ:integ|data_memory:data_mem|io_mem[0][5]          ; clk_c        ; clk_c       ; -0.500       ; 0.194      ; 0.831      ;
; 1.034 ; integ:integ|regfile:regfile|x~6                ; integ:integ|data_memory:data_mem|io_mem[0][6]          ; clk_c        ; clk_c       ; -0.500       ; 0.187      ; 0.825      ;
; 1.036 ; integ:integ|data_memory:data_mem|mem_data[10]  ; integ:integ|regfile:regfile|x~522                      ; clk_c        ; clk_c       ; -0.500       ; -0.097     ; 0.543      ;
; 1.037 ; integ:integ|data_memory:data_mem|io_mem[1][17] ; integ:integ|data_memory:data_mem|io_data[17]           ; clk_c        ; clk_c       ; 0.000        ; 0.053      ; 1.174      ;
; 1.038 ; integ:integ|data_memory:data_mem|mem_data[13]  ; integ:integ|regfile:regfile|x~525                      ; clk_c        ; clk_c       ; -0.500       ; -0.101     ; 0.541      ;
; 1.038 ; integ:integ|data_memory:data_mem|io_mem[0][23] ; integ:integ|data_memory:data_mem|io_data[23]           ; clk_c        ; clk_c       ; 0.000        ; 0.034      ; 1.156      ;
; 1.049 ; integ:integ|pc[1]                              ; integ:integ|pc[1]                                      ; clk_c        ; clk_c       ; 0.000        ; 0.041      ; 1.174      ;
; 1.049 ; integ:integ|pc[28]                             ; integ:integ|pc[29]                                     ; clk_c        ; clk_c       ; 0.000        ; 0.041      ; 1.174      ;
; 1.055 ; integ:integ|pc[1]                              ; integ:integ|pc[3]                                      ; clk_c        ; clk_c       ; 0.000        ; 0.040      ; 1.179      ;
; 1.056 ; integ:integ|data_memory:data_mem|io_mem[3][0]  ; integ:integ|data_memory:data_mem|io_data[0]            ; clk_c        ; clk_c       ; 0.000        ; 0.043      ; 1.183      ;
+-------+------------------------------------------------+--------------------------------------------------------+--------------+-------------+--------------+------------+------------+


----------------------------------------------
; Fast 1200mV 0C Model Metastability Summary ;
----------------------------------------------
No synchronizer chains to report.


+-------------------------------------------------------------------------------------+
; Multicorner Timing Analysis Summary                                                 ;
+------------------+--------------+--------+----------+---------+---------------------+
; Clock            ; Setup        ; Hold   ; Recovery ; Removal ; Minimum Pulse Width ;
+------------------+--------------+--------+----------+---------+---------------------+
; Worst-case Slack ; -217.166     ; -2.827 ; N/A      ; N/A     ; -3.000              ;
;  clk_c           ; -217.166     ; 0.181  ; N/A      ; N/A     ; -1.285              ;
;  clk_i           ; -2.847       ; -2.827 ; N/A      ; N/A     ; -3.000              ;
; Design-wide TNS  ; -7037969.991 ; -2.827 ; 0.0      ; 0.0     ; -43750.825          ;
;  clk_c           ; -7037902.763 ; 0.000  ; N/A      ; N/A     ; -43705.420          ;
;  clk_i           ; -67.228      ; -2.827 ; N/A      ; N/A     ; -45.405             ;
+------------------+--------------+--------+----------+---------+---------------------+


+------------------------------------------------------------------------------------------------------------------------------------------------------------------------------------------------------------------------------------------------------------------------------------------------------------------------------------------------------------------------------------------------------------------+
; Board Trace Model Assignments                                                                                                                                                                                                                                                                                                                                                                                    ;
+---------------+--------------+-------------------+-------------------------+-------------------------+---------------+---------------------+----------------+------------------+--------+------------------+------------------------+------------------------+--------------+---------------+-----------------+-------+---------------------+--------------------+---------------+-----------------+-------------+
; Pin           ; I/O Standard ; Near Tline Length ; Near Tline L per Length ; Near Tline C per Length ; Near Series R ; Near Differential R ; Near Pull-up R ; Near Pull-down R ; Near C ; Far Tline Length ; Far Tline L per Length ; Far Tline C per Length ; Far Series R ; Far Pull-up R ; Far Pull-down R ; Far C ; Termination Voltage ; Far Differential R ; EBD File Name ; EBD Signal Name ; EBD Far-end ;
+---------------+--------------+-------------------+-------------------------+-------------------------+---------------+---------------------+----------------+------------------+--------+------------------+------------------------+------------------------+--------------+---------------+-----------------+-------+---------------------+--------------------+---------------+-----------------+-------------+
; HEX0[0]       ; 2.5 V        ; 0 in              ; 0 H/in                  ; 0 F/in                  ; short         ; -                   ; open           ; open             ; open   ; 0 in             ; 0 H/in                 ; 0 F/in                 ; short        ; open          ; open            ; open  ; 0 V                 ; -                  ; n/a           ; n/a             ; n/a         ;
; HEX0[1]       ; 2.5 V        ; 0 in              ; 0 H/in                  ; 0 F/in                  ; short         ; -                   ; open           ; open             ; open   ; 0 in             ; 0 H/in                 ; 0 F/in                 ; short        ; open          ; open            ; open  ; 0 V                 ; -                  ; n/a           ; n/a             ; n/a         ;
; HEX0[2]       ; 2.5 V        ; 0 in              ; 0 H/in                  ; 0 F/in                  ; short         ; -                   ; open           ; open             ; open   ; 0 in             ; 0 H/in                 ; 0 F/in                 ; short        ; open          ; open            ; open  ; 0 V                 ; -                  ; n/a           ; n/a             ; n/a         ;
; HEX0[3]       ; 2.5 V        ; 0 in              ; 0 H/in                  ; 0 F/in                  ; short         ; -                   ; open           ; open             ; open   ; 0 in             ; 0 H/in                 ; 0 F/in                 ; short        ; open          ; open            ; open  ; 0 V                 ; -                  ; n/a           ; n/a             ; n/a         ;
; HEX0[4]       ; 2.5 V        ; 0 in              ; 0 H/in                  ; 0 F/in                  ; short         ; -                   ; open           ; open             ; open   ; 0 in             ; 0 H/in                 ; 0 F/in                 ; short        ; open          ; open            ; open  ; 0 V                 ; -                  ; n/a           ; n/a             ; n/a         ;
; HEX0[5]       ; 2.5 V        ; 0 in              ; 0 H/in                  ; 0 F/in                  ; short         ; -                   ; open           ; open             ; open   ; 0 in             ; 0 H/in                 ; 0 F/in                 ; short        ; open          ; open            ; open  ; 0 V                 ; -                  ; n/a           ; n/a             ; n/a         ;
; HEX0[6]       ; 2.5 V        ; 0 in              ; 0 H/in                  ; 0 F/in                  ; short         ; -                   ; open           ; open             ; open   ; 0 in             ; 0 H/in                 ; 0 F/in                 ; short        ; open          ; open            ; open  ; 0 V                 ; -                  ; n/a           ; n/a             ; n/a         ;
; HEX1[0]       ; 2.5 V        ; 0 in              ; 0 H/in                  ; 0 F/in                  ; short         ; -                   ; open           ; open             ; open   ; 0 in             ; 0 H/in                 ; 0 F/in                 ; short        ; open          ; open            ; open  ; 0 V                 ; -                  ; n/a           ; n/a             ; n/a         ;
; HEX1[1]       ; 2.5 V        ; 0 in              ; 0 H/in                  ; 0 F/in                  ; short         ; -                   ; open           ; open             ; open   ; 0 in             ; 0 H/in                 ; 0 F/in                 ; short        ; open          ; open            ; open  ; 0 V                 ; -                  ; n/a           ; n/a             ; n/a         ;
; HEX1[2]       ; 2.5 V        ; 0 in              ; 0 H/in                  ; 0 F/in                  ; short         ; -                   ; open           ; open             ; open   ; 0 in             ; 0 H/in                 ; 0 F/in                 ; short        ; open          ; open            ; open  ; 0 V                 ; -                  ; n/a           ; n/a             ; n/a         ;
; HEX1[3]       ; 2.5 V        ; 0 in              ; 0 H/in                  ; 0 F/in                  ; short         ; -                   ; open           ; open             ; open   ; 0 in             ; 0 H/in                 ; 0 F/in                 ; short        ; open          ; open            ; open  ; 0 V                 ; -                  ; n/a           ; n/a             ; n/a         ;
; HEX1[4]       ; 2.5 V        ; 0 in              ; 0 H/in                  ; 0 F/in                  ; short         ; -                   ; open           ; open             ; open   ; 0 in             ; 0 H/in                 ; 0 F/in                 ; short        ; open          ; open            ; open  ; 0 V                 ; -                  ; n/a           ; n/a             ; n/a         ;
; HEX1[5]       ; 2.5 V        ; 0 in              ; 0 H/in                  ; 0 F/in                  ; short         ; -                   ; open           ; open             ; open   ; 0 in             ; 0 H/in                 ; 0 F/in                 ; short        ; open          ; open            ; open  ; 0 V                 ; -                  ; n/a           ; n/a             ; n/a         ;
; HEX1[6]       ; 2.5 V        ; 0 in              ; 0 H/in                  ; 0 F/in                  ; short         ; -                   ; open           ; open             ; open   ; 0 in             ; 0 H/in                 ; 0 F/in                 ; short        ; open          ; open            ; open  ; 0 V                 ; -                  ; n/a           ; n/a             ; n/a         ;
; HEX2[0]       ; 2.5 V        ; 0 in              ; 0 H/in                  ; 0 F/in                  ; short         ; -                   ; open           ; open             ; open   ; 0 in             ; 0 H/in                 ; 0 F/in                 ; short        ; open          ; open            ; open  ; 0 V                 ; -                  ; n/a           ; n/a             ; n/a         ;
; HEX2[1]       ; 2.5 V        ; 0 in              ; 0 H/in                  ; 0 F/in                  ; short         ; -                   ; open           ; open             ; open   ; 0 in             ; 0 H/in                 ; 0 F/in                 ; short        ; open          ; open            ; open  ; 0 V                 ; -                  ; n/a           ; n/a             ; n/a         ;
; HEX2[2]       ; 2.5 V        ; 0 in              ; 0 H/in                  ; 0 F/in                  ; short         ; -                   ; open           ; open             ; open   ; 0 in             ; 0 H/in                 ; 0 F/in                 ; short        ; open          ; open            ; open  ; 0 V                 ; -                  ; n/a           ; n/a             ; n/a         ;
; HEX2[3]       ; 2.5 V        ; 0 in              ; 0 H/in                  ; 0 F/in                  ; short         ; -                   ; open           ; open             ; open   ; 0 in             ; 0 H/in                 ; 0 F/in                 ; short        ; open          ; open            ; open  ; 0 V                 ; -                  ; n/a           ; n/a             ; n/a         ;
; HEX2[4]       ; 2.5 V        ; 0 in              ; 0 H/in                  ; 0 F/in                  ; short         ; -                   ; open           ; open             ; open   ; 0 in             ; 0 H/in                 ; 0 F/in                 ; short        ; open          ; open            ; open  ; 0 V                 ; -                  ; n/a           ; n/a             ; n/a         ;
; HEX2[5]       ; 2.5 V        ; 0 in              ; 0 H/in                  ; 0 F/in                  ; short         ; -                   ; open           ; open             ; open   ; 0 in             ; 0 H/in                 ; 0 F/in                 ; short        ; open          ; open            ; open  ; 0 V                 ; -                  ; n/a           ; n/a             ; n/a         ;
; HEX2[6]       ; 2.5 V        ; 0 in              ; 0 H/in                  ; 0 F/in                  ; short         ; -                   ; open           ; open             ; open   ; 0 in             ; 0 H/in                 ; 0 F/in                 ; short        ; open          ; open            ; open  ; 0 V                 ; -                  ; n/a           ; n/a             ; n/a         ;
; HEX3[0]       ; 2.5 V        ; 0 in              ; 0 H/in                  ; 0 F/in                  ; short         ; -                   ; open           ; open             ; open   ; 0 in             ; 0 H/in                 ; 0 F/in                 ; short        ; open          ; open            ; open  ; 0 V                 ; -                  ; n/a           ; n/a             ; n/a         ;
; HEX3[1]       ; 2.5 V        ; 0 in              ; 0 H/in                  ; 0 F/in                  ; short         ; -                   ; open           ; open             ; open   ; 0 in             ; 0 H/in                 ; 0 F/in                 ; short        ; open          ; open            ; open  ; 0 V                 ; -                  ; n/a           ; n/a             ; n/a         ;
; HEX3[2]       ; 2.5 V        ; 0 in              ; 0 H/in                  ; 0 F/in                  ; short         ; -                   ; open           ; open             ; open   ; 0 in             ; 0 H/in                 ; 0 F/in                 ; short        ; open          ; open            ; open  ; 0 V                 ; -                  ; n/a           ; n/a             ; n/a         ;
; HEX3[3]       ; 2.5 V        ; 0 in              ; 0 H/in                  ; 0 F/in                  ; short         ; -                   ; open           ; open             ; open   ; 0 in             ; 0 H/in                 ; 0 F/in                 ; short        ; open          ; open            ; open  ; 0 V                 ; -                  ; n/a           ; n/a             ; n/a         ;
; HEX3[4]       ; 2.5 V        ; 0 in              ; 0 H/in                  ; 0 F/in                  ; short         ; -                   ; open           ; open             ; open   ; 0 in             ; 0 H/in                 ; 0 F/in                 ; short        ; open          ; open            ; open  ; 0 V                 ; -                  ; n/a           ; n/a             ; n/a         ;
; HEX3[5]       ; 2.5 V        ; 0 in              ; 0 H/in                  ; 0 F/in                  ; short         ; -                   ; open           ; open             ; open   ; 0 in             ; 0 H/in                 ; 0 F/in                 ; short        ; open          ; open            ; open  ; 0 V                 ; -                  ; n/a           ; n/a             ; n/a         ;
; HEX3[6]       ; 2.5 V        ; 0 in              ; 0 H/in                  ; 0 F/in                  ; short         ; -                   ; open           ; open             ; open   ; 0 in             ; 0 H/in                 ; 0 F/in                 ; short        ; open          ; open            ; open  ; 0 V                 ; -                  ; n/a           ; n/a             ; n/a         ;
; ~ALTERA_DCLK~ ; 2.5 V        ; 0 in              ; 0 H/in                  ; 0 F/in                  ; short         ; -                   ; open           ; open             ; open   ; 0 in             ; 0 H/in                 ; 0 F/in                 ; short        ; open          ; open            ; open  ; 0 V                 ; -                  ; n/a           ; n/a             ; n/a         ;
; ~ALTERA_nCEO~ ; 2.5 V        ; 0 in              ; 0 H/in                  ; 0 F/in                  ; short         ; -                   ; open           ; open             ; open   ; 0 in             ; 0 H/in                 ; 0 F/in                 ; short        ; open          ; open            ; open  ; 0 V                 ; -                  ; n/a           ; n/a             ; n/a         ;
+---------------+--------------+-------------------+-------------------------+-------------------------+---------------+---------------------+----------------+------------------+--------+------------------+------------------------+------------------------+--------------+---------------+-----------------+-------+---------------------+--------------------+---------------+-----------------+-------------+


+----------------------------------------------------------------------------+
; Input Transition Times                                                     ;
+-------------------------+--------------+-----------------+-----------------+
; Pin                     ; I/O Standard ; 10-90 Rise Time ; 90-10 Fall Time ;
+-------------------------+--------------+-----------------+-----------------+
; clk_i                   ; 2.5 V        ; 2000 ps         ; 2000 ps         ;
; RESET                   ; 2.5 V        ; 2000 ps         ; 2000 ps         ;
; SW17_9[1]               ; 2.5 V        ; 2000 ps         ; 2000 ps         ;
; SW17_9[4]               ; 2.5 V        ; 2000 ps         ; 2000 ps         ;
; SW17_9[3]               ; 2.5 V        ; 2000 ps         ; 2000 ps         ;
; SW17_9[5]               ; 2.5 V        ; 2000 ps         ; 2000 ps         ;
; SW17_9[2]               ; 2.5 V        ; 2000 ps         ; 2000 ps         ;
; SW17_9[8]               ; 2.5 V        ; 2000 ps         ; 2000 ps         ;
; SW17_9[0]               ; 2.5 V        ; 2000 ps         ; 2000 ps         ;
; SW17_9[7]               ; 2.5 V        ; 2000 ps         ; 2000 ps         ;
; SW17_9[6]               ; 2.5 V        ; 2000 ps         ; 2000 ps         ;
; ~ALTERA_ASDO_DATA1~     ; 2.5 V        ; 2000 ps         ; 2000 ps         ;
; ~ALTERA_FLASH_nCE_nCSO~ ; 2.5 V        ; 2000 ps         ; 2000 ps         ;
; ~ALTERA_DATA0~          ; 2.5 V        ; 2000 ps         ; 2000 ps         ;
+-------------------------+--------------+-----------------+-----------------+


+--------------------------------------------------------------------------------------------------------------------------------------------------------------------------------------------------------------------------------------------------------------------------------------------------------------------------------------------------------------------------------------------------------------------------------------------------------------------------------------------------------------------------------------------------------------------------------------------------------------------------------------------------------------------------------------------+
; Signal Integrity Metrics (Slow 1200mv 0c Model)                                                                                                                                                                                                                                                                                                                                                                                                                                                                                                                                                                                                                                            ;
+---------------+--------------+---------------------+---------------------+------------------------------+------------------------------+---------------------+---------------------+--------------------------------------+--------------------------------------+-----------------------------+-----------------------------+----------------------------+----------------------------+-----------------------------+-----------------------------+--------------------+--------------------+-------------------------------------+-------------------------------------+----------------------------+----------------------------+---------------------------+---------------------------+
; Pin           ; I/O Standard ; Board Delay on Rise ; Board Delay on Fall ; Steady State Voh at FPGA Pin ; Steady State Vol at FPGA Pin ; Voh Max at FPGA Pin ; Vol Min at FPGA Pin ; Ringback Voltage on Rise at FPGA Pin ; Ringback Voltage on Fall at FPGA Pin ; 10-90 Rise Time at FPGA Pin ; 90-10 Fall Time at FPGA Pin ; Monotonic Rise at FPGA Pin ; Monotonic Fall at FPGA Pin ; Steady State Voh at Far-end ; Steady State Vol at Far-end ; Voh Max at Far-end ; Vol Min at Far-end ; Ringback Voltage on Rise at Far-end ; Ringback Voltage on Fall at Far-end ; 10-90 Rise Time at Far-end ; 90-10 Fall Time at Far-end ; Monotonic Rise at Far-end ; Monotonic Fall at Far-end ;
+---------------+--------------+---------------------+---------------------+------------------------------+------------------------------+---------------------+---------------------+--------------------------------------+--------------------------------------+-----------------------------+-----------------------------+----------------------------+----------------------------+-----------------------------+-----------------------------+--------------------+--------------------+-------------------------------------+-------------------------------------+----------------------------+----------------------------+---------------------------+---------------------------+
; HEX0[0]       ; 2.5 V        ; 0 s                 ; 0 s                 ; 2.32 V                       ; 4.49e-09 V                   ; 2.38 V              ; -0.00552 V          ; 0.096 V                              ; 0.019 V                              ; 4.18e-10 s                  ; 3.59e-10 s                  ; No                         ; Yes                        ; 2.32 V                      ; 4.49e-09 V                  ; 2.38 V             ; -0.00552 V         ; 0.096 V                             ; 0.019 V                             ; 4.18e-10 s                 ; 3.59e-10 s                 ; No                        ; Yes                       ;
; HEX0[1]       ; 2.5 V        ; 0 s                 ; 0 s                 ; 2.32 V                       ; 4.49e-09 V                   ; 2.33 V              ; -0.00467 V          ; 0.226 V                              ; 0.087 V                              ; 2.91e-09 s                  ; 2.74e-09 s                  ; Yes                        ; Yes                        ; 2.32 V                      ; 4.49e-09 V                  ; 2.33 V             ; -0.00467 V         ; 0.226 V                             ; 0.087 V                             ; 2.91e-09 s                 ; 2.74e-09 s                 ; Yes                       ; Yes                       ;
; HEX0[2]       ; 2.5 V        ; 0 s                 ; 0 s                 ; 2.32 V                       ; 4.49e-09 V                   ; 2.38 V              ; -0.00552 V          ; 0.096 V                              ; 0.019 V                              ; 4.18e-10 s                  ; 3.59e-10 s                  ; No                         ; Yes                        ; 2.32 V                      ; 4.49e-09 V                  ; 2.38 V             ; -0.00552 V         ; 0.096 V                             ; 0.019 V                             ; 4.18e-10 s                 ; 3.59e-10 s                 ; No                        ; Yes                       ;
; HEX0[3]       ; 2.5 V        ; 0 s                 ; 0 s                 ; 2.32 V                       ; 3.07e-09 V                   ; 2.38 V              ; -0.0144 V           ; 0.227 V                              ; 0.024 V                              ; 3.14e-10 s                  ; 3.39e-10 s                  ; Yes                        ; Yes                        ; 2.32 V                      ; 3.07e-09 V                  ; 2.38 V             ; -0.0144 V          ; 0.227 V                             ; 0.024 V                             ; 3.14e-10 s                 ; 3.39e-10 s                 ; Yes                       ; Yes                       ;
; HEX0[4]       ; 2.5 V        ; 0 s                 ; 0 s                 ; 2.32 V                       ; 3.07e-09 V                   ; 2.38 V              ; -0.0144 V           ; 0.227 V                              ; 0.024 V                              ; 3.14e-10 s                  ; 3.39e-10 s                  ; Yes                        ; Yes                        ; 2.32 V                      ; 3.07e-09 V                  ; 2.38 V             ; -0.0144 V          ; 0.227 V                             ; 0.024 V                             ; 3.14e-10 s                 ; 3.39e-10 s                 ; Yes                       ; Yes                       ;
; HEX0[5]       ; 2.5 V        ; 0 s                 ; 0 s                 ; 2.32 V                       ; 3.07e-09 V                   ; 2.33 V              ; -0.00496 V          ; 0.223 V                              ; 0.086 V                              ; 2.9e-09 s                   ; 2.73e-09 s                  ; Yes                        ; Yes                        ; 2.32 V                      ; 3.07e-09 V                  ; 2.33 V             ; -0.00496 V         ; 0.223 V                             ; 0.086 V                             ; 2.9e-09 s                  ; 2.73e-09 s                 ; Yes                       ; Yes                       ;
; HEX0[6]       ; 2.5 V        ; 0 s                 ; 0 s                 ; 2.32 V                       ; 3.07e-09 V                   ; 2.38 V              ; -0.0144 V           ; 0.227 V                              ; 0.024 V                              ; 3.14e-10 s                  ; 3.39e-10 s                  ; Yes                        ; Yes                        ; 2.32 V                      ; 3.07e-09 V                  ; 2.38 V             ; -0.0144 V          ; 0.227 V                             ; 0.024 V                             ; 3.14e-10 s                 ; 3.39e-10 s                 ; Yes                       ; Yes                       ;
; HEX1[0]       ; 2.5 V        ; 0 s                 ; 0 s                 ; 2.32 V                       ; 3.07e-09 V                   ; 2.38 V              ; -0.0144 V           ; 0.227 V                              ; 0.024 V                              ; 3.14e-10 s                  ; 3.39e-10 s                  ; Yes                        ; Yes                        ; 2.32 V                      ; 3.07e-09 V                  ; 2.38 V             ; -0.0144 V          ; 0.227 V                             ; 0.024 V                             ; 3.14e-10 s                 ; 3.39e-10 s                 ; Yes                       ; Yes                       ;
; HEX1[1]       ; 2.5 V        ; 0 s                 ; 0 s                 ; 2.32 V                       ; 3.07e-09 V                   ; 2.37 V              ; -0.00994 V          ; 0.186 V                              ; 0.028 V                              ; 4.98e-10 s                  ; 4.96e-10 s                  ; Yes                        ; Yes                        ; 2.32 V                      ; 3.07e-09 V                  ; 2.37 V             ; -0.00994 V         ; 0.186 V                             ; 0.028 V                             ; 4.98e-10 s                 ; 4.96e-10 s                 ; Yes                       ; Yes                       ;
; HEX1[2]       ; 2.5 V        ; 0 s                 ; 0 s                 ; 2.32 V                       ; 3.07e-09 V                   ; 2.37 V              ; -0.00994 V          ; 0.186 V                              ; 0.028 V                              ; 4.98e-10 s                  ; 4.96e-10 s                  ; Yes                        ; Yes                        ; 2.32 V                      ; 3.07e-09 V                  ; 2.37 V             ; -0.00994 V         ; 0.186 V                             ; 0.028 V                             ; 4.98e-10 s                 ; 4.96e-10 s                 ; Yes                       ; Yes                       ;
; HEX1[3]       ; 2.5 V        ; 0 s                 ; 0 s                 ; 2.32 V                       ; 3.07e-09 V                   ; 2.37 V              ; -0.00994 V          ; 0.186 V                              ; 0.028 V                              ; 4.98e-10 s                  ; 4.96e-10 s                  ; Yes                        ; Yes                        ; 2.32 V                      ; 3.07e-09 V                  ; 2.37 V             ; -0.00994 V         ; 0.186 V                             ; 0.028 V                             ; 4.98e-10 s                 ; 4.96e-10 s                 ; Yes                       ; Yes                       ;
; HEX1[4]       ; 2.5 V        ; 0 s                 ; 0 s                 ; 2.32 V                       ; 3.07e-09 V                   ; 2.37 V              ; -0.00994 V          ; 0.186 V                              ; 0.028 V                              ; 4.98e-10 s                  ; 4.96e-10 s                  ; Yes                        ; Yes                        ; 2.32 V                      ; 3.07e-09 V                  ; 2.37 V             ; -0.00994 V         ; 0.186 V                             ; 0.028 V                             ; 4.98e-10 s                 ; 4.96e-10 s                 ; Yes                       ; Yes                       ;
; HEX1[5]       ; 2.5 V        ; 0 s                 ; 0 s                 ; 2.32 V                       ; 3.07e-09 V                   ; 2.33 V              ; -0.00496 V          ; 0.223 V                              ; 0.086 V                              ; 2.9e-09 s                   ; 2.73e-09 s                  ; Yes                        ; Yes                        ; 2.32 V                      ; 3.07e-09 V                  ; 2.33 V             ; -0.00496 V         ; 0.223 V                             ; 0.086 V                             ; 2.9e-09 s                  ; 2.73e-09 s                 ; Yes                       ; Yes                       ;
; HEX1[6]       ; 2.5 V        ; 0 s                 ; 0 s                 ; 2.32 V                       ; 3.07e-09 V                   ; 2.33 V              ; -0.00496 V          ; 0.223 V                              ; 0.086 V                              ; 2.9e-09 s                   ; 2.73e-09 s                  ; Yes                        ; Yes                        ; 2.32 V                      ; 3.07e-09 V                  ; 2.33 V             ; -0.00496 V         ; 0.223 V                             ; 0.086 V                             ; 2.9e-09 s                  ; 2.73e-09 s                 ; Yes                       ; Yes                       ;
; HEX2[0]       ; 2.5 V        ; 0 s                 ; 0 s                 ; 2.32 V                       ; 3.07e-09 V                   ; 2.37 V              ; -0.00994 V          ; 0.186 V                              ; 0.028 V                              ; 4.98e-10 s                  ; 4.96e-10 s                  ; Yes                        ; Yes                        ; 2.32 V                      ; 3.07e-09 V                  ; 2.37 V             ; -0.00994 V         ; 0.186 V                             ; 0.028 V                             ; 4.98e-10 s                 ; 4.96e-10 s                 ; Yes                       ; Yes                       ;
; HEX2[1]       ; 2.5 V        ; 0 s                 ; 0 s                 ; 2.32 V                       ; 3.07e-09 V                   ; 2.37 V              ; -0.00994 V          ; 0.186 V                              ; 0.028 V                              ; 4.98e-10 s                  ; 4.96e-10 s                  ; Yes                        ; Yes                        ; 2.32 V                      ; 3.07e-09 V                  ; 2.37 V             ; -0.00994 V         ; 0.186 V                             ; 0.028 V                             ; 4.98e-10 s                 ; 4.96e-10 s                 ; Yes                       ; Yes                       ;
; HEX2[2]       ; 2.5 V        ; 0 s                 ; 0 s                 ; 2.32 V                       ; 3.07e-09 V                   ; 2.37 V              ; -0.00994 V          ; 0.186 V                              ; 0.028 V                              ; 4.98e-10 s                  ; 4.96e-10 s                  ; Yes                        ; Yes                        ; 2.32 V                      ; 3.07e-09 V                  ; 2.37 V             ; -0.00994 V         ; 0.186 V                             ; 0.028 V                             ; 4.98e-10 s                 ; 4.96e-10 s                 ; Yes                       ; Yes                       ;
; HEX2[3]       ; 2.5 V        ; 0 s                 ; 0 s                 ; 2.32 V                       ; 3.07e-09 V                   ; 2.37 V              ; -0.00994 V          ; 0.186 V                              ; 0.028 V                              ; 4.98e-10 s                  ; 4.96e-10 s                  ; Yes                        ; Yes                        ; 2.32 V                      ; 3.07e-09 V                  ; 2.37 V             ; -0.00994 V         ; 0.186 V                             ; 0.028 V                             ; 4.98e-10 s                 ; 4.96e-10 s                 ; Yes                       ; Yes                       ;
; HEX2[4]       ; 2.5 V        ; 0 s                 ; 0 s                 ; 2.32 V                       ; 3.07e-09 V                   ; 2.37 V              ; -0.00994 V          ; 0.186 V                              ; 0.028 V                              ; 4.98e-10 s                  ; 4.96e-10 s                  ; Yes                        ; Yes                        ; 2.32 V                      ; 3.07e-09 V                  ; 2.37 V             ; -0.00994 V         ; 0.186 V                             ; 0.028 V                             ; 4.98e-10 s                 ; 4.96e-10 s                 ; Yes                       ; Yes                       ;
; HEX2[5]       ; 2.5 V        ; 0 s                 ; 0 s                 ; 2.32 V                       ; 3.07e-09 V                   ; 2.37 V              ; -0.00994 V          ; 0.186 V                              ; 0.028 V                              ; 4.98e-10 s                  ; 4.96e-10 s                  ; Yes                        ; Yes                        ; 2.32 V                      ; 3.07e-09 V                  ; 2.37 V             ; -0.00994 V         ; 0.186 V                             ; 0.028 V                             ; 4.98e-10 s                 ; 4.96e-10 s                 ; Yes                       ; Yes                       ;
; HEX2[6]       ; 2.5 V        ; 0 s                 ; 0 s                 ; 2.32 V                       ; 3.07e-09 V                   ; 2.37 V              ; -0.00994 V          ; 0.186 V                              ; 0.028 V                              ; 4.98e-10 s                  ; 4.96e-10 s                  ; Yes                        ; Yes                        ; 2.32 V                      ; 3.07e-09 V                  ; 2.37 V             ; -0.00994 V         ; 0.186 V                             ; 0.028 V                             ; 4.98e-10 s                 ; 4.96e-10 s                 ; Yes                       ; Yes                       ;
; HEX3[0]       ; 2.5 V        ; 0 s                 ; 0 s                 ; 2.32 V                       ; 3.07e-09 V                   ; 2.37 V              ; -0.00994 V          ; 0.186 V                              ; 0.028 V                              ; 4.98e-10 s                  ; 4.96e-10 s                  ; Yes                        ; Yes                        ; 2.32 V                      ; 3.07e-09 V                  ; 2.37 V             ; -0.00994 V         ; 0.186 V                             ; 0.028 V                             ; 4.98e-10 s                 ; 4.96e-10 s                 ; Yes                       ; Yes                       ;
; HEX3[1]       ; 2.5 V        ; 0 s                 ; 0 s                 ; 2.32 V                       ; 3.07e-09 V                   ; 2.38 V              ; -0.0144 V           ; 0.227 V                              ; 0.024 V                              ; 3.14e-10 s                  ; 3.39e-10 s                  ; Yes                        ; Yes                        ; 2.32 V                      ; 3.07e-09 V                  ; 2.38 V             ; -0.0144 V          ; 0.227 V                             ; 0.024 V                             ; 3.14e-10 s                 ; 3.39e-10 s                 ; Yes                       ; Yes                       ;
; HEX3[2]       ; 2.5 V        ; 0 s                 ; 0 s                 ; 2.32 V                       ; 4.49e-09 V                   ; 2.33 V              ; -0.00467 V          ; 0.226 V                              ; 0.087 V                              ; 2.91e-09 s                  ; 2.74e-09 s                  ; Yes                        ; Yes                        ; 2.32 V                      ; 4.49e-09 V                  ; 2.33 V             ; -0.00467 V         ; 0.226 V                             ; 0.087 V                             ; 2.91e-09 s                 ; 2.74e-09 s                 ; Yes                       ; Yes                       ;
; HEX3[3]       ; 2.5 V        ; 0 s                 ; 0 s                 ; 2.32 V                       ; 4.49e-09 V                   ; 2.38 V              ; -0.00552 V          ; 0.096 V                              ; 0.019 V                              ; 4.18e-10 s                  ; 3.59e-10 s                  ; No                         ; Yes                        ; 2.32 V                      ; 4.49e-09 V                  ; 2.38 V             ; -0.00552 V         ; 0.096 V                             ; 0.019 V                             ; 4.18e-10 s                 ; 3.59e-10 s                 ; No                        ; Yes                       ;
; HEX3[4]       ; 2.5 V        ; 0 s                 ; 0 s                 ; 2.32 V                       ; 4.49e-09 V                   ; 2.38 V              ; -0.00552 V          ; 0.096 V                              ; 0.019 V                              ; 4.18e-10 s                  ; 3.59e-10 s                  ; No                         ; Yes                        ; 2.32 V                      ; 4.49e-09 V                  ; 2.38 V             ; -0.00552 V         ; 0.096 V                             ; 0.019 V                             ; 4.18e-10 s                 ; 3.59e-10 s                 ; No                        ; Yes                       ;
; HEX3[5]       ; 2.5 V        ; 0 s                 ; 0 s                 ; 2.32 V                       ; 4.49e-09 V                   ; 2.38 V              ; -0.00552 V          ; 0.096 V                              ; 0.019 V                              ; 4.18e-10 s                  ; 3.59e-10 s                  ; No                         ; Yes                        ; 2.32 V                      ; 4.49e-09 V                  ; 2.38 V             ; -0.00552 V         ; 0.096 V                             ; 0.019 V                             ; 4.18e-10 s                 ; 3.59e-10 s                 ; No                        ; Yes                       ;
; HEX3[6]       ; 2.5 V        ; 0 s                 ; 0 s                 ; 2.32 V                       ; 4.49e-09 V                   ; 2.38 V              ; -0.00552 V          ; 0.096 V                              ; 0.019 V                              ; 4.18e-10 s                  ; 3.59e-10 s                  ; No                         ; Yes                        ; 2.32 V                      ; 4.49e-09 V                  ; 2.38 V             ; -0.00552 V         ; 0.096 V                             ; 0.019 V                             ; 4.18e-10 s                 ; 3.59e-10 s                 ; No                        ; Yes                       ;
; ~ALTERA_DCLK~ ; 2.5 V        ; 0 s                 ; 0 s                 ; 2.32 V                       ; 2.67e-09 V                   ; 2.38 V              ; -0.0485 V           ; 0.167 V                              ; 0.096 V                              ; 2.95e-10 s                  ; 2.73e-10 s                  ; Yes                        ; Yes                        ; 2.32 V                      ; 2.67e-09 V                  ; 2.38 V             ; -0.0485 V          ; 0.167 V                             ; 0.096 V                             ; 2.95e-10 s                 ; 2.73e-10 s                 ; Yes                       ; Yes                       ;
; ~ALTERA_nCEO~ ; 2.5 V        ; 0 s                 ; 0 s                 ; 2.32 V                       ; 4.18e-09 V                   ; 2.38 V              ; -0.00483 V          ; 0.152 V                              ; 0.012 V                              ; 4.81e-10 s                  ; 6.29e-10 s                  ; Yes                        ; Yes                        ; 2.32 V                      ; 4.18e-09 V                  ; 2.38 V             ; -0.00483 V         ; 0.152 V                             ; 0.012 V                             ; 4.81e-10 s                 ; 6.29e-10 s                 ; Yes                       ; Yes                       ;
+---------------+--------------+---------------------+---------------------+------------------------------+------------------------------+---------------------+---------------------+--------------------------------------+--------------------------------------+-----------------------------+-----------------------------+----------------------------+----------------------------+-----------------------------+-----------------------------+--------------------+--------------------+-------------------------------------+-------------------------------------+----------------------------+----------------------------+---------------------------+---------------------------+


+--------------------------------------------------------------------------------------------------------------------------------------------------------------------------------------------------------------------------------------------------------------------------------------------------------------------------------------------------------------------------------------------------------------------------------------------------------------------------------------------------------------------------------------------------------------------------------------------------------------------------------------------------------------------------------------------+
; Signal Integrity Metrics (Slow 1200mv 85c Model)                                                                                                                                                                                                                                                                                                                                                                                                                                                                                                                                                                                                                                           ;
+---------------+--------------+---------------------+---------------------+------------------------------+------------------------------+---------------------+---------------------+--------------------------------------+--------------------------------------+-----------------------------+-----------------------------+----------------------------+----------------------------+-----------------------------+-----------------------------+--------------------+--------------------+-------------------------------------+-------------------------------------+----------------------------+----------------------------+---------------------------+---------------------------+
; Pin           ; I/O Standard ; Board Delay on Rise ; Board Delay on Fall ; Steady State Voh at FPGA Pin ; Steady State Vol at FPGA Pin ; Voh Max at FPGA Pin ; Vol Min at FPGA Pin ; Ringback Voltage on Rise at FPGA Pin ; Ringback Voltage on Fall at FPGA Pin ; 10-90 Rise Time at FPGA Pin ; 90-10 Fall Time at FPGA Pin ; Monotonic Rise at FPGA Pin ; Monotonic Fall at FPGA Pin ; Steady State Voh at Far-end ; Steady State Vol at Far-end ; Voh Max at Far-end ; Vol Min at Far-end ; Ringback Voltage on Rise at Far-end ; Ringback Voltage on Fall at Far-end ; 10-90 Rise Time at Far-end ; 90-10 Fall Time at Far-end ; Monotonic Rise at Far-end ; Monotonic Fall at Far-end ;
+---------------+--------------+---------------------+---------------------+------------------------------+------------------------------+---------------------+---------------------+--------------------------------------+--------------------------------------+-----------------------------+-----------------------------+----------------------------+----------------------------+-----------------------------+-----------------------------+--------------------+--------------------+-------------------------------------+-------------------------------------+----------------------------+----------------------------+---------------------------+---------------------------+
; HEX0[0]       ; 2.5 V        ; 0 s                 ; 0 s                 ; 2.32 V                       ; 6.92e-07 V                   ; 2.35 V              ; -0.00996 V          ; 0.121 V                              ; 0.03 V                               ; 4.64e-10 s                  ; 4.47e-10 s                  ; Yes                        ; Yes                        ; 2.32 V                      ; 6.92e-07 V                  ; 2.35 V             ; -0.00996 V         ; 0.121 V                             ; 0.03 V                              ; 4.64e-10 s                 ; 4.47e-10 s                 ; Yes                       ; Yes                       ;
; HEX0[1]       ; 2.5 V        ; 0 s                 ; 0 s                 ; 2.32 V                       ; 6.92e-07 V                   ; 2.33 V              ; -0.00265 V          ; 0.133 V                              ; 0.056 V                              ; 3.55e-09 s                  ; 3.31e-09 s                  ; Yes                        ; Yes                        ; 2.32 V                      ; 6.92e-07 V                  ; 2.33 V             ; -0.00265 V         ; 0.133 V                             ; 0.056 V                             ; 3.55e-09 s                 ; 3.31e-09 s                 ; Yes                       ; Yes                       ;
; HEX0[2]       ; 2.5 V        ; 0 s                 ; 0 s                 ; 2.32 V                       ; 6.92e-07 V                   ; 2.35 V              ; -0.00996 V          ; 0.121 V                              ; 0.03 V                               ; 4.64e-10 s                  ; 4.47e-10 s                  ; Yes                        ; Yes                        ; 2.32 V                      ; 6.92e-07 V                  ; 2.35 V             ; -0.00996 V         ; 0.121 V                             ; 0.03 V                              ; 4.64e-10 s                 ; 4.47e-10 s                 ; Yes                       ; Yes                       ;
; HEX0[3]       ; 2.5 V        ; 0 s                 ; 0 s                 ; 2.32 V                       ; 4.67e-07 V                   ; 2.36 V              ; -0.00552 V          ; 0.11 V                               ; 0.007 V                              ; 4.54e-10 s                  ; 4.35e-10 s                  ; Yes                        ; Yes                        ; 2.32 V                      ; 4.67e-07 V                  ; 2.36 V             ; -0.00552 V         ; 0.11 V                              ; 0.007 V                             ; 4.54e-10 s                 ; 4.35e-10 s                 ; Yes                       ; Yes                       ;
; HEX0[4]       ; 2.5 V        ; 0 s                 ; 0 s                 ; 2.32 V                       ; 4.67e-07 V                   ; 2.36 V              ; -0.00552 V          ; 0.11 V                               ; 0.007 V                              ; 4.54e-10 s                  ; 4.35e-10 s                  ; Yes                        ; Yes                        ; 2.32 V                      ; 4.67e-07 V                  ; 2.36 V             ; -0.00552 V         ; 0.11 V                              ; 0.007 V                             ; 4.54e-10 s                 ; 4.35e-10 s                 ; Yes                       ; Yes                       ;
; HEX0[5]       ; 2.5 V        ; 0 s                 ; 0 s                 ; 2.32 V                       ; 4.67e-07 V                   ; 2.33 V              ; -0.00269 V          ; 0.13 V                               ; 0.055 V                              ; 3.54e-09 s                  ; 3.29e-09 s                  ; Yes                        ; Yes                        ; 2.32 V                      ; 4.67e-07 V                  ; 2.33 V             ; -0.00269 V         ; 0.13 V                              ; 0.055 V                             ; 3.54e-09 s                 ; 3.29e-09 s                 ; Yes                       ; Yes                       ;
; HEX0[6]       ; 2.5 V        ; 0 s                 ; 0 s                 ; 2.32 V                       ; 4.67e-07 V                   ; 2.36 V              ; -0.00552 V          ; 0.11 V                               ; 0.007 V                              ; 4.54e-10 s                  ; 4.35e-10 s                  ; Yes                        ; Yes                        ; 2.32 V                      ; 4.67e-07 V                  ; 2.36 V             ; -0.00552 V         ; 0.11 V                              ; 0.007 V                             ; 4.54e-10 s                 ; 4.35e-10 s                 ; Yes                       ; Yes                       ;
; HEX1[0]       ; 2.5 V        ; 0 s                 ; 0 s                 ; 2.32 V                       ; 4.67e-07 V                   ; 2.36 V              ; -0.00552 V          ; 0.11 V                               ; 0.007 V                              ; 4.54e-10 s                  ; 4.35e-10 s                  ; Yes                        ; Yes                        ; 2.32 V                      ; 4.67e-07 V                  ; 2.36 V             ; -0.00552 V         ; 0.11 V                              ; 0.007 V                             ; 4.54e-10 s                 ; 4.35e-10 s                 ; Yes                       ; Yes                       ;
; HEX1[1]       ; 2.5 V        ; 0 s                 ; 0 s                 ; 2.32 V                       ; 4.67e-07 V                   ; 2.35 V              ; -0.00942 V          ; 0.116 V                              ; 0.033 V                              ; 6.66e-10 s                  ; 6.27e-10 s                  ; Yes                        ; Yes                        ; 2.32 V                      ; 4.67e-07 V                  ; 2.35 V             ; -0.00942 V         ; 0.116 V                             ; 0.033 V                             ; 6.66e-10 s                 ; 6.27e-10 s                 ; Yes                       ; Yes                       ;
; HEX1[2]       ; 2.5 V        ; 0 s                 ; 0 s                 ; 2.32 V                       ; 4.67e-07 V                   ; 2.35 V              ; -0.00942 V          ; 0.116 V                              ; 0.033 V                              ; 6.66e-10 s                  ; 6.27e-10 s                  ; Yes                        ; Yes                        ; 2.32 V                      ; 4.67e-07 V                  ; 2.35 V             ; -0.00942 V         ; 0.116 V                             ; 0.033 V                             ; 6.66e-10 s                 ; 6.27e-10 s                 ; Yes                       ; Yes                       ;
; HEX1[3]       ; 2.5 V        ; 0 s                 ; 0 s                 ; 2.32 V                       ; 4.67e-07 V                   ; 2.35 V              ; -0.00942 V          ; 0.116 V                              ; 0.033 V                              ; 6.66e-10 s                  ; 6.27e-10 s                  ; Yes                        ; Yes                        ; 2.32 V                      ; 4.67e-07 V                  ; 2.35 V             ; -0.00942 V         ; 0.116 V                             ; 0.033 V                             ; 6.66e-10 s                 ; 6.27e-10 s                 ; Yes                       ; Yes                       ;
; HEX1[4]       ; 2.5 V        ; 0 s                 ; 0 s                 ; 2.32 V                       ; 4.67e-07 V                   ; 2.35 V              ; -0.00942 V          ; 0.116 V                              ; 0.033 V                              ; 6.66e-10 s                  ; 6.27e-10 s                  ; Yes                        ; Yes                        ; 2.32 V                      ; 4.67e-07 V                  ; 2.35 V             ; -0.00942 V         ; 0.116 V                             ; 0.033 V                             ; 6.66e-10 s                 ; 6.27e-10 s                 ; Yes                       ; Yes                       ;
; HEX1[5]       ; 2.5 V        ; 0 s                 ; 0 s                 ; 2.32 V                       ; 4.67e-07 V                   ; 2.33 V              ; -0.00269 V          ; 0.13 V                               ; 0.055 V                              ; 3.54e-09 s                  ; 3.29e-09 s                  ; Yes                        ; Yes                        ; 2.32 V                      ; 4.67e-07 V                  ; 2.33 V             ; -0.00269 V         ; 0.13 V                              ; 0.055 V                             ; 3.54e-09 s                 ; 3.29e-09 s                 ; Yes                       ; Yes                       ;
; HEX1[6]       ; 2.5 V        ; 0 s                 ; 0 s                 ; 2.32 V                       ; 4.67e-07 V                   ; 2.33 V              ; -0.00269 V          ; 0.13 V                               ; 0.055 V                              ; 3.54e-09 s                  ; 3.29e-09 s                  ; Yes                        ; Yes                        ; 2.32 V                      ; 4.67e-07 V                  ; 2.33 V             ; -0.00269 V         ; 0.13 V                              ; 0.055 V                             ; 3.54e-09 s                 ; 3.29e-09 s                 ; Yes                       ; Yes                       ;
; HEX2[0]       ; 2.5 V        ; 0 s                 ; 0 s                 ; 2.32 V                       ; 4.67e-07 V                   ; 2.35 V              ; -0.00942 V          ; 0.116 V                              ; 0.033 V                              ; 6.66e-10 s                  ; 6.27e-10 s                  ; Yes                        ; Yes                        ; 2.32 V                      ; 4.67e-07 V                  ; 2.35 V             ; -0.00942 V         ; 0.116 V                             ; 0.033 V                             ; 6.66e-10 s                 ; 6.27e-10 s                 ; Yes                       ; Yes                       ;
; HEX2[1]       ; 2.5 V        ; 0 s                 ; 0 s                 ; 2.32 V                       ; 4.67e-07 V                   ; 2.35 V              ; -0.00942 V          ; 0.116 V                              ; 0.033 V                              ; 6.66e-10 s                  ; 6.27e-10 s                  ; Yes                        ; Yes                        ; 2.32 V                      ; 4.67e-07 V                  ; 2.35 V             ; -0.00942 V         ; 0.116 V                             ; 0.033 V                             ; 6.66e-10 s                 ; 6.27e-10 s                 ; Yes                       ; Yes                       ;
; HEX2[2]       ; 2.5 V        ; 0 s                 ; 0 s                 ; 2.32 V                       ; 4.67e-07 V                   ; 2.35 V              ; -0.00942 V          ; 0.116 V                              ; 0.033 V                              ; 6.66e-10 s                  ; 6.27e-10 s                  ; Yes                        ; Yes                        ; 2.32 V                      ; 4.67e-07 V                  ; 2.35 V             ; -0.00942 V         ; 0.116 V                             ; 0.033 V                             ; 6.66e-10 s                 ; 6.27e-10 s                 ; Yes                       ; Yes                       ;
; HEX2[3]       ; 2.5 V        ; 0 s                 ; 0 s                 ; 2.32 V                       ; 4.67e-07 V                   ; 2.35 V              ; -0.00942 V          ; 0.116 V                              ; 0.033 V                              ; 6.66e-10 s                  ; 6.27e-10 s                  ; Yes                        ; Yes                        ; 2.32 V                      ; 4.67e-07 V                  ; 2.35 V             ; -0.00942 V         ; 0.116 V                             ; 0.033 V                             ; 6.66e-10 s                 ; 6.27e-10 s                 ; Yes                       ; Yes                       ;
; HEX2[4]       ; 2.5 V        ; 0 s                 ; 0 s                 ; 2.32 V                       ; 4.67e-07 V                   ; 2.35 V              ; -0.00942 V          ; 0.116 V                              ; 0.033 V                              ; 6.66e-10 s                  ; 6.27e-10 s                  ; Yes                        ; Yes                        ; 2.32 V                      ; 4.67e-07 V                  ; 2.35 V             ; -0.00942 V         ; 0.116 V                             ; 0.033 V                             ; 6.66e-10 s                 ; 6.27e-10 s                 ; Yes                       ; Yes                       ;
; HEX2[5]       ; 2.5 V        ; 0 s                 ; 0 s                 ; 2.32 V                       ; 4.67e-07 V                   ; 2.35 V              ; -0.00942 V          ; 0.116 V                              ; 0.033 V                              ; 6.66e-10 s                  ; 6.27e-10 s                  ; Yes                        ; Yes                        ; 2.32 V                      ; 4.67e-07 V                  ; 2.35 V             ; -0.00942 V         ; 0.116 V                             ; 0.033 V                             ; 6.66e-10 s                 ; 6.27e-10 s                 ; Yes                       ; Yes                       ;
; HEX2[6]       ; 2.5 V        ; 0 s                 ; 0 s                 ; 2.32 V                       ; 4.67e-07 V                   ; 2.35 V              ; -0.00942 V          ; 0.116 V                              ; 0.033 V                              ; 6.66e-10 s                  ; 6.27e-10 s                  ; Yes                        ; Yes                        ; 2.32 V                      ; 4.67e-07 V                  ; 2.35 V             ; -0.00942 V         ; 0.116 V                             ; 0.033 V                             ; 6.66e-10 s                 ; 6.27e-10 s                 ; Yes                       ; Yes                       ;
; HEX3[0]       ; 2.5 V        ; 0 s                 ; 0 s                 ; 2.32 V                       ; 4.67e-07 V                   ; 2.35 V              ; -0.00942 V          ; 0.116 V                              ; 0.033 V                              ; 6.66e-10 s                  ; 6.27e-10 s                  ; Yes                        ; Yes                        ; 2.32 V                      ; 4.67e-07 V                  ; 2.35 V             ; -0.00942 V         ; 0.116 V                             ; 0.033 V                             ; 6.66e-10 s                 ; 6.27e-10 s                 ; Yes                       ; Yes                       ;
; HEX3[1]       ; 2.5 V        ; 0 s                 ; 0 s                 ; 2.32 V                       ; 4.67e-07 V                   ; 2.36 V              ; -0.00552 V          ; 0.11 V                               ; 0.007 V                              ; 4.54e-10 s                  ; 4.35e-10 s                  ; Yes                        ; Yes                        ; 2.32 V                      ; 4.67e-07 V                  ; 2.36 V             ; -0.00552 V         ; 0.11 V                              ; 0.007 V                             ; 4.54e-10 s                 ; 4.35e-10 s                 ; Yes                       ; Yes                       ;
; HEX3[2]       ; 2.5 V        ; 0 s                 ; 0 s                 ; 2.32 V                       ; 6.92e-07 V                   ; 2.33 V              ; -0.00265 V          ; 0.133 V                              ; 0.056 V                              ; 3.55e-09 s                  ; 3.31e-09 s                  ; Yes                        ; Yes                        ; 2.32 V                      ; 6.92e-07 V                  ; 2.33 V             ; -0.00265 V         ; 0.133 V                             ; 0.056 V                             ; 3.55e-09 s                 ; 3.31e-09 s                 ; Yes                       ; Yes                       ;
; HEX3[3]       ; 2.5 V        ; 0 s                 ; 0 s                 ; 2.32 V                       ; 6.92e-07 V                   ; 2.35 V              ; -0.00996 V          ; 0.121 V                              ; 0.03 V                               ; 4.64e-10 s                  ; 4.47e-10 s                  ; Yes                        ; Yes                        ; 2.32 V                      ; 6.92e-07 V                  ; 2.35 V             ; -0.00996 V         ; 0.121 V                             ; 0.03 V                              ; 4.64e-10 s                 ; 4.47e-10 s                 ; Yes                       ; Yes                       ;
; HEX3[4]       ; 2.5 V        ; 0 s                 ; 0 s                 ; 2.32 V                       ; 6.92e-07 V                   ; 2.35 V              ; -0.00996 V          ; 0.121 V                              ; 0.03 V                               ; 4.64e-10 s                  ; 4.47e-10 s                  ; Yes                        ; Yes                        ; 2.32 V                      ; 6.92e-07 V                  ; 2.35 V             ; -0.00996 V         ; 0.121 V                             ; 0.03 V                              ; 4.64e-10 s                 ; 4.47e-10 s                 ; Yes                       ; Yes                       ;
; HEX3[5]       ; 2.5 V        ; 0 s                 ; 0 s                 ; 2.32 V                       ; 6.92e-07 V                   ; 2.35 V              ; -0.00996 V          ; 0.121 V                              ; 0.03 V                               ; 4.64e-10 s                  ; 4.47e-10 s                  ; Yes                        ; Yes                        ; 2.32 V                      ; 6.92e-07 V                  ; 2.35 V             ; -0.00996 V         ; 0.121 V                             ; 0.03 V                              ; 4.64e-10 s                 ; 4.47e-10 s                 ; Yes                       ; Yes                       ;
; HEX3[6]       ; 2.5 V        ; 0 s                 ; 0 s                 ; 2.32 V                       ; 6.92e-07 V                   ; 2.35 V              ; -0.00996 V          ; 0.121 V                              ; 0.03 V                               ; 4.64e-10 s                  ; 4.47e-10 s                  ; Yes                        ; Yes                        ; 2.32 V                      ; 6.92e-07 V                  ; 2.35 V             ; -0.00996 V         ; 0.121 V                             ; 0.03 V                              ; 4.64e-10 s                 ; 4.47e-10 s                 ; Yes                       ; Yes                       ;
; ~ALTERA_DCLK~ ; 2.5 V        ; 0 s                 ; 0 s                 ; 2.32 V                       ; 3.75e-07 V                   ; 2.35 V              ; -0.0109 V           ; 0.084 V                              ; 0.027 V                              ; 4.31e-10 s                  ; 3.61e-10 s                  ; Yes                        ; Yes                        ; 2.32 V                      ; 3.75e-07 V                  ; 2.35 V             ; -0.0109 V          ; 0.084 V                             ; 0.027 V                             ; 4.31e-10 s                 ; 3.61e-10 s                 ; Yes                       ; Yes                       ;
; ~ALTERA_nCEO~ ; 2.5 V        ; 0 s                 ; 0 s                 ; 2.32 V                       ; 6.15e-07 V                   ; 2.35 V              ; -0.00712 V          ; 0.093 V                              ; 0.02 V                               ; 6.21e-10 s                  ; 7.9e-10 s                   ; Yes                        ; Yes                        ; 2.32 V                      ; 6.15e-07 V                  ; 2.35 V             ; -0.00712 V         ; 0.093 V                             ; 0.02 V                              ; 6.21e-10 s                 ; 7.9e-10 s                  ; Yes                       ; Yes                       ;
+---------------+--------------+---------------------+---------------------+------------------------------+------------------------------+---------------------+---------------------+--------------------------------------+--------------------------------------+-----------------------------+-----------------------------+----------------------------+----------------------------+-----------------------------+-----------------------------+--------------------+--------------------+-------------------------------------+-------------------------------------+----------------------------+----------------------------+---------------------------+---------------------------+


+--------------------------------------------------------------------------------------------------------------------------------------------------------------------------------------------------------------------------------------------------------------------------------------------------------------------------------------------------------------------------------------------------------------------------------------------------------------------------------------------------------------------------------------------------------------------------------------------------------------------------------------------------------------------------------------------+
; Signal Integrity Metrics (Fast 1200mv 0c Model)                                                                                                                                                                                                                                                                                                                                                                                                                                                                                                                                                                                                                                            ;
+---------------+--------------+---------------------+---------------------+------------------------------+------------------------------+---------------------+---------------------+--------------------------------------+--------------------------------------+-----------------------------+-----------------------------+----------------------------+----------------------------+-----------------------------+-----------------------------+--------------------+--------------------+-------------------------------------+-------------------------------------+----------------------------+----------------------------+---------------------------+---------------------------+
; Pin           ; I/O Standard ; Board Delay on Rise ; Board Delay on Fall ; Steady State Voh at FPGA Pin ; Steady State Vol at FPGA Pin ; Voh Max at FPGA Pin ; Vol Min at FPGA Pin ; Ringback Voltage on Rise at FPGA Pin ; Ringback Voltage on Fall at FPGA Pin ; 10-90 Rise Time at FPGA Pin ; 90-10 Fall Time at FPGA Pin ; Monotonic Rise at FPGA Pin ; Monotonic Fall at FPGA Pin ; Steady State Voh at Far-end ; Steady State Vol at Far-end ; Voh Max at Far-end ; Vol Min at Far-end ; Ringback Voltage on Rise at Far-end ; Ringback Voltage on Fall at Far-end ; 10-90 Rise Time at Far-end ; 90-10 Fall Time at Far-end ; Monotonic Rise at Far-end ; Monotonic Fall at Far-end ;
+---------------+--------------+---------------------+---------------------+------------------------------+------------------------------+---------------------+---------------------+--------------------------------------+--------------------------------------+-----------------------------+-----------------------------+----------------------------+----------------------------+-----------------------------+-----------------------------+--------------------+--------------------+-------------------------------------+-------------------------------------+----------------------------+----------------------------+---------------------------+---------------------------+
; HEX0[0]       ; 2.5 V        ; 0 s                 ; 0 s                 ; 2.62 V                       ; 4.05e-08 V                   ; 2.72 V              ; -0.0349 V           ; 0.173 V                              ; 0.1 V                                ; 2.72e-10 s                  ; 2.69e-10 s                  ; Yes                        ; Yes                        ; 2.62 V                      ; 4.05e-08 V                  ; 2.72 V             ; -0.0349 V          ; 0.173 V                             ; 0.1 V                               ; 2.72e-10 s                 ; 2.69e-10 s                 ; Yes                       ; Yes                       ;
; HEX0[1]       ; 2.5 V        ; 0 s                 ; 0 s                 ; 2.62 V                       ; 4.05e-08 V                   ; 2.64 V              ; -0.0113 V           ; 0.208 V                              ; 0.179 V                              ; 2.38e-09 s                  ; 2.23e-09 s                  ; No                         ; Yes                        ; 2.62 V                      ; 4.05e-08 V                  ; 2.64 V             ; -0.0113 V          ; 0.208 V                             ; 0.179 V                             ; 2.38e-09 s                 ; 2.23e-09 s                 ; No                        ; Yes                       ;
; HEX0[2]       ; 2.5 V        ; 0 s                 ; 0 s                 ; 2.62 V                       ; 4.05e-08 V                   ; 2.72 V              ; -0.0349 V           ; 0.173 V                              ; 0.1 V                                ; 2.72e-10 s                  ; 2.69e-10 s                  ; Yes                        ; Yes                        ; 2.62 V                      ; 4.05e-08 V                  ; 2.72 V             ; -0.0349 V          ; 0.173 V                             ; 0.1 V                               ; 2.72e-10 s                 ; 2.69e-10 s                 ; Yes                       ; Yes                       ;
; HEX0[3]       ; 2.5 V        ; 0 s                 ; 0 s                 ; 2.62 V                       ; 2.74e-08 V                   ; 2.73 V              ; -0.0384 V           ; 0.169 V                              ; 0.089 V                              ; 2.7e-10 s                   ; 2.62e-10 s                  ; Yes                        ; Yes                        ; 2.62 V                      ; 2.74e-08 V                  ; 2.73 V             ; -0.0384 V          ; 0.169 V                             ; 0.089 V                             ; 2.7e-10 s                  ; 2.62e-10 s                 ; Yes                       ; Yes                       ;
; HEX0[4]       ; 2.5 V        ; 0 s                 ; 0 s                 ; 2.62 V                       ; 2.74e-08 V                   ; 2.73 V              ; -0.0384 V           ; 0.169 V                              ; 0.089 V                              ; 2.7e-10 s                   ; 2.62e-10 s                  ; Yes                        ; Yes                        ; 2.62 V                      ; 2.74e-08 V                  ; 2.73 V             ; -0.0384 V          ; 0.169 V                             ; 0.089 V                             ; 2.7e-10 s                  ; 2.62e-10 s                 ; Yes                       ; Yes                       ;
; HEX0[5]       ; 2.5 V        ; 0 s                 ; 0 s                 ; 2.62 V                       ; 2.74e-08 V                   ; 2.64 V              ; -0.0117 V           ; 0.202 V                              ; 0.176 V                              ; 2.38e-09 s                  ; 2.22e-09 s                  ; No                         ; Yes                        ; 2.62 V                      ; 2.74e-08 V                  ; 2.64 V             ; -0.0117 V          ; 0.202 V                             ; 0.176 V                             ; 2.38e-09 s                 ; 2.22e-09 s                 ; No                        ; Yes                       ;
; HEX0[6]       ; 2.5 V        ; 0 s                 ; 0 s                 ; 2.62 V                       ; 2.74e-08 V                   ; 2.73 V              ; -0.0384 V           ; 0.169 V                              ; 0.089 V                              ; 2.7e-10 s                   ; 2.62e-10 s                  ; Yes                        ; Yes                        ; 2.62 V                      ; 2.74e-08 V                  ; 2.73 V             ; -0.0384 V          ; 0.169 V                             ; 0.089 V                             ; 2.7e-10 s                  ; 2.62e-10 s                 ; Yes                       ; Yes                       ;
; HEX1[0]       ; 2.5 V        ; 0 s                 ; 0 s                 ; 2.62 V                       ; 2.74e-08 V                   ; 2.73 V              ; -0.0384 V           ; 0.169 V                              ; 0.089 V                              ; 2.7e-10 s                   ; 2.62e-10 s                  ; Yes                        ; Yes                        ; 2.62 V                      ; 2.74e-08 V                  ; 2.73 V             ; -0.0384 V          ; 0.169 V                             ; 0.089 V                             ; 2.7e-10 s                  ; 2.62e-10 s                 ; Yes                       ; Yes                       ;
; HEX1[1]       ; 2.5 V        ; 0 s                 ; 0 s                 ; 2.62 V                       ; 2.74e-08 V                   ; 2.71 V              ; -0.0317 V           ; 0.148 V                              ; 0.064 V                              ; 4.51e-10 s                  ; 4.15e-10 s                  ; No                         ; Yes                        ; 2.62 V                      ; 2.74e-08 V                  ; 2.71 V             ; -0.0317 V          ; 0.148 V                             ; 0.064 V                             ; 4.51e-10 s                 ; 4.15e-10 s                 ; No                        ; Yes                       ;
; HEX1[2]       ; 2.5 V        ; 0 s                 ; 0 s                 ; 2.62 V                       ; 2.74e-08 V                   ; 2.71 V              ; -0.0317 V           ; 0.148 V                              ; 0.064 V                              ; 4.51e-10 s                  ; 4.15e-10 s                  ; No                         ; Yes                        ; 2.62 V                      ; 2.74e-08 V                  ; 2.71 V             ; -0.0317 V          ; 0.148 V                             ; 0.064 V                             ; 4.51e-10 s                 ; 4.15e-10 s                 ; No                        ; Yes                       ;
; HEX1[3]       ; 2.5 V        ; 0 s                 ; 0 s                 ; 2.62 V                       ; 2.74e-08 V                   ; 2.71 V              ; -0.0317 V           ; 0.148 V                              ; 0.064 V                              ; 4.51e-10 s                  ; 4.15e-10 s                  ; No                         ; Yes                        ; 2.62 V                      ; 2.74e-08 V                  ; 2.71 V             ; -0.0317 V          ; 0.148 V                             ; 0.064 V                             ; 4.51e-10 s                 ; 4.15e-10 s                 ; No                        ; Yes                       ;
; HEX1[4]       ; 2.5 V        ; 0 s                 ; 0 s                 ; 2.62 V                       ; 2.74e-08 V                   ; 2.71 V              ; -0.0317 V           ; 0.148 V                              ; 0.064 V                              ; 4.51e-10 s                  ; 4.15e-10 s                  ; No                         ; Yes                        ; 2.62 V                      ; 2.74e-08 V                  ; 2.71 V             ; -0.0317 V          ; 0.148 V                             ; 0.064 V                             ; 4.51e-10 s                 ; 4.15e-10 s                 ; No                        ; Yes                       ;
; HEX1[5]       ; 2.5 V        ; 0 s                 ; 0 s                 ; 2.62 V                       ; 2.74e-08 V                   ; 2.64 V              ; -0.0117 V           ; 0.202 V                              ; 0.176 V                              ; 2.38e-09 s                  ; 2.22e-09 s                  ; No                         ; Yes                        ; 2.62 V                      ; 2.74e-08 V                  ; 2.64 V             ; -0.0117 V          ; 0.202 V                             ; 0.176 V                             ; 2.38e-09 s                 ; 2.22e-09 s                 ; No                        ; Yes                       ;
; HEX1[6]       ; 2.5 V        ; 0 s                 ; 0 s                 ; 2.62 V                       ; 2.74e-08 V                   ; 2.64 V              ; -0.0117 V           ; 0.202 V                              ; 0.176 V                              ; 2.38e-09 s                  ; 2.22e-09 s                  ; No                         ; Yes                        ; 2.62 V                      ; 2.74e-08 V                  ; 2.64 V             ; -0.0117 V          ; 0.202 V                             ; 0.176 V                             ; 2.38e-09 s                 ; 2.22e-09 s                 ; No                        ; Yes                       ;
; HEX2[0]       ; 2.5 V        ; 0 s                 ; 0 s                 ; 2.62 V                       ; 2.74e-08 V                   ; 2.71 V              ; -0.0317 V           ; 0.148 V                              ; 0.064 V                              ; 4.51e-10 s                  ; 4.15e-10 s                  ; No                         ; Yes                        ; 2.62 V                      ; 2.74e-08 V                  ; 2.71 V             ; -0.0317 V          ; 0.148 V                             ; 0.064 V                             ; 4.51e-10 s                 ; 4.15e-10 s                 ; No                        ; Yes                       ;
; HEX2[1]       ; 2.5 V        ; 0 s                 ; 0 s                 ; 2.62 V                       ; 2.74e-08 V                   ; 2.71 V              ; -0.0317 V           ; 0.148 V                              ; 0.064 V                              ; 4.51e-10 s                  ; 4.15e-10 s                  ; No                         ; Yes                        ; 2.62 V                      ; 2.74e-08 V                  ; 2.71 V             ; -0.0317 V          ; 0.148 V                             ; 0.064 V                             ; 4.51e-10 s                 ; 4.15e-10 s                 ; No                        ; Yes                       ;
; HEX2[2]       ; 2.5 V        ; 0 s                 ; 0 s                 ; 2.62 V                       ; 2.74e-08 V                   ; 2.71 V              ; -0.0317 V           ; 0.148 V                              ; 0.064 V                              ; 4.51e-10 s                  ; 4.15e-10 s                  ; No                         ; Yes                        ; 2.62 V                      ; 2.74e-08 V                  ; 2.71 V             ; -0.0317 V          ; 0.148 V                             ; 0.064 V                             ; 4.51e-10 s                 ; 4.15e-10 s                 ; No                        ; Yes                       ;
; HEX2[3]       ; 2.5 V        ; 0 s                 ; 0 s                 ; 2.62 V                       ; 2.74e-08 V                   ; 2.71 V              ; -0.0317 V           ; 0.148 V                              ; 0.064 V                              ; 4.51e-10 s                  ; 4.15e-10 s                  ; No                         ; Yes                        ; 2.62 V                      ; 2.74e-08 V                  ; 2.71 V             ; -0.0317 V          ; 0.148 V                             ; 0.064 V                             ; 4.51e-10 s                 ; 4.15e-10 s                 ; No                        ; Yes                       ;
; HEX2[4]       ; 2.5 V        ; 0 s                 ; 0 s                 ; 2.62 V                       ; 2.74e-08 V                   ; 2.71 V              ; -0.0317 V           ; 0.148 V                              ; 0.064 V                              ; 4.51e-10 s                  ; 4.15e-10 s                  ; No                         ; Yes                        ; 2.62 V                      ; 2.74e-08 V                  ; 2.71 V             ; -0.0317 V          ; 0.148 V                             ; 0.064 V                             ; 4.51e-10 s                 ; 4.15e-10 s                 ; No                        ; Yes                       ;
; HEX2[5]       ; 2.5 V        ; 0 s                 ; 0 s                 ; 2.62 V                       ; 2.74e-08 V                   ; 2.71 V              ; -0.0317 V           ; 0.148 V                              ; 0.064 V                              ; 4.51e-10 s                  ; 4.15e-10 s                  ; No                         ; Yes                        ; 2.62 V                      ; 2.74e-08 V                  ; 2.71 V             ; -0.0317 V          ; 0.148 V                             ; 0.064 V                             ; 4.51e-10 s                 ; 4.15e-10 s                 ; No                        ; Yes                       ;
; HEX2[6]       ; 2.5 V        ; 0 s                 ; 0 s                 ; 2.62 V                       ; 2.74e-08 V                   ; 2.71 V              ; -0.0317 V           ; 0.148 V                              ; 0.064 V                              ; 4.51e-10 s                  ; 4.15e-10 s                  ; No                         ; Yes                        ; 2.62 V                      ; 2.74e-08 V                  ; 2.71 V             ; -0.0317 V          ; 0.148 V                             ; 0.064 V                             ; 4.51e-10 s                 ; 4.15e-10 s                 ; No                        ; Yes                       ;
; HEX3[0]       ; 2.5 V        ; 0 s                 ; 0 s                 ; 2.62 V                       ; 2.74e-08 V                   ; 2.71 V              ; -0.0317 V           ; 0.148 V                              ; 0.064 V                              ; 4.51e-10 s                  ; 4.15e-10 s                  ; No                         ; Yes                        ; 2.62 V                      ; 2.74e-08 V                  ; 2.71 V             ; -0.0317 V          ; 0.148 V                             ; 0.064 V                             ; 4.51e-10 s                 ; 4.15e-10 s                 ; No                        ; Yes                       ;
; HEX3[1]       ; 2.5 V        ; 0 s                 ; 0 s                 ; 2.62 V                       ; 2.74e-08 V                   ; 2.73 V              ; -0.0384 V           ; 0.169 V                              ; 0.089 V                              ; 2.7e-10 s                   ; 2.62e-10 s                  ; Yes                        ; Yes                        ; 2.62 V                      ; 2.74e-08 V                  ; 2.73 V             ; -0.0384 V          ; 0.169 V                             ; 0.089 V                             ; 2.7e-10 s                  ; 2.62e-10 s                 ; Yes                       ; Yes                       ;
; HEX3[2]       ; 2.5 V        ; 0 s                 ; 0 s                 ; 2.62 V                       ; 4.05e-08 V                   ; 2.64 V              ; -0.0113 V           ; 0.208 V                              ; 0.179 V                              ; 2.38e-09 s                  ; 2.23e-09 s                  ; No                         ; Yes                        ; 2.62 V                      ; 4.05e-08 V                  ; 2.64 V             ; -0.0113 V          ; 0.208 V                             ; 0.179 V                             ; 2.38e-09 s                 ; 2.23e-09 s                 ; No                        ; Yes                       ;
; HEX3[3]       ; 2.5 V        ; 0 s                 ; 0 s                 ; 2.62 V                       ; 4.05e-08 V                   ; 2.72 V              ; -0.0349 V           ; 0.173 V                              ; 0.1 V                                ; 2.72e-10 s                  ; 2.69e-10 s                  ; Yes                        ; Yes                        ; 2.62 V                      ; 4.05e-08 V                  ; 2.72 V             ; -0.0349 V          ; 0.173 V                             ; 0.1 V                               ; 2.72e-10 s                 ; 2.69e-10 s                 ; Yes                       ; Yes                       ;
; HEX3[4]       ; 2.5 V        ; 0 s                 ; 0 s                 ; 2.62 V                       ; 4.05e-08 V                   ; 2.72 V              ; -0.0349 V           ; 0.173 V                              ; 0.1 V                                ; 2.72e-10 s                  ; 2.69e-10 s                  ; Yes                        ; Yes                        ; 2.62 V                      ; 4.05e-08 V                  ; 2.72 V             ; -0.0349 V          ; 0.173 V                             ; 0.1 V                               ; 2.72e-10 s                 ; 2.69e-10 s                 ; Yes                       ; Yes                       ;
; HEX3[5]       ; 2.5 V        ; 0 s                 ; 0 s                 ; 2.62 V                       ; 4.05e-08 V                   ; 2.72 V              ; -0.0349 V           ; 0.173 V                              ; 0.1 V                                ; 2.72e-10 s                  ; 2.69e-10 s                  ; Yes                        ; Yes                        ; 2.62 V                      ; 4.05e-08 V                  ; 2.72 V             ; -0.0349 V          ; 0.173 V                             ; 0.1 V                               ; 2.72e-10 s                 ; 2.69e-10 s                 ; Yes                       ; Yes                       ;
; HEX3[6]       ; 2.5 V        ; 0 s                 ; 0 s                 ; 2.62 V                       ; 4.05e-08 V                   ; 2.72 V              ; -0.0349 V           ; 0.173 V                              ; 0.1 V                                ; 2.72e-10 s                  ; 2.69e-10 s                  ; Yes                        ; Yes                        ; 2.62 V                      ; 4.05e-08 V                  ; 2.72 V             ; -0.0349 V          ; 0.173 V                             ; 0.1 V                               ; 2.72e-10 s                 ; 2.69e-10 s                 ; Yes                       ; Yes                       ;
; ~ALTERA_DCLK~ ; 2.5 V        ; 0 s                 ; 0 s                 ; 2.62 V                       ; 2.22e-08 V                   ; 2.74 V              ; -0.06 V             ; 0.158 V                              ; 0.08 V                               ; 2.68e-10 s                  ; 2.19e-10 s                  ; Yes                        ; Yes                        ; 2.62 V                      ; 2.22e-08 V                  ; 2.74 V             ; -0.06 V            ; 0.158 V                             ; 0.08 V                              ; 2.68e-10 s                 ; 2.19e-10 s                 ; Yes                       ; Yes                       ;
; ~ALTERA_nCEO~ ; 2.5 V        ; 0 s                 ; 0 s                 ; 2.62 V                       ; 3.54e-08 V                   ; 2.7 V               ; -0.00943 V          ; 0.276 V                              ; 0.035 V                              ; 3.19e-10 s                  ; 4.99e-10 s                  ; No                         ; Yes                        ; 2.62 V                      ; 3.54e-08 V                  ; 2.7 V              ; -0.00943 V         ; 0.276 V                             ; 0.035 V                             ; 3.19e-10 s                 ; 4.99e-10 s                 ; No                        ; Yes                       ;
+---------------+--------------+---------------------+---------------------+------------------------------+------------------------------+---------------------+---------------------+--------------------------------------+--------------------------------------+-----------------------------+-----------------------------+----------------------------+----------------------------+-----------------------------+-----------------------------+--------------------+--------------------+-------------------------------------+-------------------------------------+----------------------------+----------------------------+---------------------------+---------------------------+


+---------------------------------------------------------------------------+
; Setup Transfers                                                           ;
+------------+----------+--------------+----------+--------------+----------+
; From Clock ; To Clock ; RR Paths     ; FR Paths ; RF Paths     ; FF Paths ;
+------------+----------+--------------+----------+--------------+----------+
; clk_c      ; clk_c    ; > 2147483647 ; 13392    ; > 2147483647 ; 32924    ;
; clk_c      ; clk_i    ; 1            ; 1        ; 0            ; 0        ;
; clk_i      ; clk_i    ; 688          ; 0        ; 0            ; 0        ;
+------------+----------+--------------+----------+--------------+----------+
Entries labeled "false path" only account for clock-to-clock false paths and not path-based false paths. As a result, actual path counts may be lower than reported.


+---------------------------------------------------------------------------+
; Hold Transfers                                                            ;
+------------+----------+--------------+----------+--------------+----------+
; From Clock ; To Clock ; RR Paths     ; FR Paths ; RF Paths     ; FF Paths ;
+------------+----------+--------------+----------+--------------+----------+
; clk_c      ; clk_c    ; > 2147483647 ; 13392    ; > 2147483647 ; 32924    ;
; clk_c      ; clk_i    ; 1            ; 1        ; 0            ; 0        ;
; clk_i      ; clk_i    ; 688          ; 0        ; 0            ; 0        ;
+------------+----------+--------------+----------+--------------+----------+
Entries labeled "false path" only account for clock-to-clock false paths and not path-based false paths. As a result, actual path counts may be lower than reported.


---------------
; Report TCCS ;
---------------
No dedicated SERDES Transmitter circuitry present in device or used in design


---------------
; Report RSKM ;
---------------
No non-DPA dedicated SERDES Receiver circuitry present in device or used in design


+------------------------------------------------+
; Unconstrained Paths Summary                    ;
+---------------------------------+-------+------+
; Property                        ; Setup ; Hold ;
+---------------------------------+-------+------+
; Illegal Clocks                  ; 0     ; 0    ;
; Unconstrained Clocks            ; 0     ; 0    ;
; Unconstrained Input Ports       ; 10    ; 10   ;
; Unconstrained Input Port Paths  ; 41    ; 41   ;
; Unconstrained Output Ports      ; 28    ; 28   ;
; Unconstrained Output Port Paths ; 28    ; 28   ;
+---------------------------------+-------+------+


+-------------------------------------+
; Clock Status Summary                ;
+--------+-------+------+-------------+
; Target ; Clock ; Type ; Status      ;
+--------+-------+------+-------------+
; clk_c  ; clk_c ; Base ; Constrained ;
; clk_i  ; clk_i ; Base ; Constrained ;
+--------+-------+------+-------------+


+---------------------------------------------------------------------------------------------------+
; Unconstrained Input Ports                                                                         ;
+------------+--------------------------------------------------------------------------------------+
; Input Port ; Comment                                                                              ;
+------------+--------------------------------------------------------------------------------------+
; RESET      ; No input delay, min/max delays, false-path exceptions, or max skew assignments found ;
; SW17_9[0]  ; No input delay, min/max delays, false-path exceptions, or max skew assignments found ;
; SW17_9[1]  ; No input delay, min/max delays, false-path exceptions, or max skew assignments found ;
; SW17_9[2]  ; No input delay, min/max delays, false-path exceptions, or max skew assignments found ;
; SW17_9[3]  ; No input delay, min/max delays, false-path exceptions, or max skew assignments found ;
; SW17_9[4]  ; No input delay, min/max delays, false-path exceptions, or max skew assignments found ;
; SW17_9[5]  ; No input delay, min/max delays, false-path exceptions, or max skew assignments found ;
; SW17_9[6]  ; No input delay, min/max delays, false-path exceptions, or max skew assignments found ;
; SW17_9[7]  ; No input delay, min/max delays, false-path exceptions, or max skew assignments found ;
; SW17_9[8]  ; No input delay, min/max delays, false-path exceptions, or max skew assignments found ;
+------------+--------------------------------------------------------------------------------------+


+-----------------------------------------------------------------------------------------------------+
; Unconstrained Output Ports                                                                          ;
+-------------+---------------------------------------------------------------------------------------+
; Output Port ; Comment                                                                               ;
+-------------+---------------------------------------------------------------------------------------+
; HEX0[0]     ; No output delay, min/max delays, false-path exceptions, or max skew assignments found ;
; HEX0[1]     ; No output delay, min/max delays, false-path exceptions, or max skew assignments found ;
; HEX0[2]     ; No output delay, min/max delays, false-path exceptions, or max skew assignments found ;
; HEX0[3]     ; No output delay, min/max delays, false-path exceptions, or max skew assignments found ;
; HEX0[4]     ; No output delay, min/max delays, false-path exceptions, or max skew assignments found ;
; HEX0[5]     ; No output delay, min/max delays, false-path exceptions, or max skew assignments found ;
; HEX0[6]     ; No output delay, min/max delays, false-path exceptions, or max skew assignments found ;
; HEX1[0]     ; No output delay, min/max delays, false-path exceptions, or max skew assignments found ;
; HEX1[1]     ; No output delay, min/max delays, false-path exceptions, or max skew assignments found ;
; HEX1[2]     ; No output delay, min/max delays, false-path exceptions, or max skew assignments found ;
; HEX1[3]     ; No output delay, min/max delays, false-path exceptions, or max skew assignments found ;
; HEX1[4]     ; No output delay, min/max delays, false-path exceptions, or max skew assignments found ;
; HEX1[5]     ; No output delay, min/max delays, false-path exceptions, or max skew assignments found ;
; HEX1[6]     ; No output delay, min/max delays, false-path exceptions, or max skew assignments found ;
; HEX2[0]     ; No output delay, min/max delays, false-path exceptions, or max skew assignments found ;
; HEX2[1]     ; No output delay, min/max delays, false-path exceptions, or max skew assignments found ;
; HEX2[2]     ; No output delay, min/max delays, false-path exceptions, or max skew assignments found ;
; HEX2[3]     ; No output delay, min/max delays, false-path exceptions, or max skew assignments found ;
; HEX2[4]     ; No output delay, min/max delays, false-path exceptions, or max skew assignments found ;
; HEX2[5]     ; No output delay, min/max delays, false-path exceptions, or max skew assignments found ;
; HEX2[6]     ; No output delay, min/max delays, false-path exceptions, or max skew assignments found ;
; HEX3[0]     ; No output delay, min/max delays, false-path exceptions, or max skew assignments found ;
; HEX3[1]     ; No output delay, min/max delays, false-path exceptions, or max skew assignments found ;
; HEX3[2]     ; No output delay, min/max delays, false-path exceptions, or max skew assignments found ;
; HEX3[3]     ; No output delay, min/max delays, false-path exceptions, or max skew assignments found ;
; HEX3[4]     ; No output delay, min/max delays, false-path exceptions, or max skew assignments found ;
; HEX3[5]     ; No output delay, min/max delays, false-path exceptions, or max skew assignments found ;
; HEX3[6]     ; No output delay, min/max delays, false-path exceptions, or max skew assignments found ;
+-------------+---------------------------------------------------------------------------------------+


+---------------------------------------------------------------------------------------------------+
; Unconstrained Input Ports                                                                         ;
+------------+--------------------------------------------------------------------------------------+
; Input Port ; Comment                                                                              ;
+------------+--------------------------------------------------------------------------------------+
; RESET      ; No input delay, min/max delays, false-path exceptions, or max skew assignments found ;
; SW17_9[0]  ; No input delay, min/max delays, false-path exceptions, or max skew assignments found ;
; SW17_9[1]  ; No input delay, min/max delays, false-path exceptions, or max skew assignments found ;
; SW17_9[2]  ; No input delay, min/max delays, false-path exceptions, or max skew assignments found ;
; SW17_9[3]  ; No input delay, min/max delays, false-path exceptions, or max skew assignments found ;
; SW17_9[4]  ; No input delay, min/max delays, false-path exceptions, or max skew assignments found ;
; SW17_9[5]  ; No input delay, min/max delays, false-path exceptions, or max skew assignments found ;
; SW17_9[6]  ; No input delay, min/max delays, false-path exceptions, or max skew assignments found ;
; SW17_9[7]  ; No input delay, min/max delays, false-path exceptions, or max skew assignments found ;
; SW17_9[8]  ; No input delay, min/max delays, false-path exceptions, or max skew assignments found ;
+------------+--------------------------------------------------------------------------------------+


+-----------------------------------------------------------------------------------------------------+
; Unconstrained Output Ports                                                                          ;
+-------------+---------------------------------------------------------------------------------------+
; Output Port ; Comment                                                                               ;
+-------------+---------------------------------------------------------------------------------------+
; HEX0[0]     ; No output delay, min/max delays, false-path exceptions, or max skew assignments found ;
; HEX0[1]     ; No output delay, min/max delays, false-path exceptions, or max skew assignments found ;
; HEX0[2]     ; No output delay, min/max delays, false-path exceptions, or max skew assignments found ;
; HEX0[3]     ; No output delay, min/max delays, false-path exceptions, or max skew assignments found ;
; HEX0[4]     ; No output delay, min/max delays, false-path exceptions, or max skew assignments found ;
; HEX0[5]     ; No output delay, min/max delays, false-path exceptions, or max skew assignments found ;
; HEX0[6]     ; No output delay, min/max delays, false-path exceptions, or max skew assignments found ;
; HEX1[0]     ; No output delay, min/max delays, false-path exceptions, or max skew assignments found ;
; HEX1[1]     ; No output delay, min/max delays, false-path exceptions, or max skew assignments found ;
; HEX1[2]     ; No output delay, min/max delays, false-path exceptions, or max skew assignments found ;
; HEX1[3]     ; No output delay, min/max delays, false-path exceptions, or max skew assignments found ;
; HEX1[4]     ; No output delay, min/max delays, false-path exceptions, or max skew assignments found ;
; HEX1[5]     ; No output delay, min/max delays, false-path exceptions, or max skew assignments found ;
; HEX1[6]     ; No output delay, min/max delays, false-path exceptions, or max skew assignments found ;
; HEX2[0]     ; No output delay, min/max delays, false-path exceptions, or max skew assignments found ;
; HEX2[1]     ; No output delay, min/max delays, false-path exceptions, or max skew assignments found ;
; HEX2[2]     ; No output delay, min/max delays, false-path exceptions, or max skew assignments found ;
; HEX2[3]     ; No output delay, min/max delays, false-path exceptions, or max skew assignments found ;
; HEX2[4]     ; No output delay, min/max delays, false-path exceptions, or max skew assignments found ;
; HEX2[5]     ; No output delay, min/max delays, false-path exceptions, or max skew assignments found ;
; HEX2[6]     ; No output delay, min/max delays, false-path exceptions, or max skew assignments found ;
; HEX3[0]     ; No output delay, min/max delays, false-path exceptions, or max skew assignments found ;
; HEX3[1]     ; No output delay, min/max delays, false-path exceptions, or max skew assignments found ;
; HEX3[2]     ; No output delay, min/max delays, false-path exceptions, or max skew assignments found ;
; HEX3[3]     ; No output delay, min/max delays, false-path exceptions, or max skew assignments found ;
; HEX3[4]     ; No output delay, min/max delays, false-path exceptions, or max skew assignments found ;
; HEX3[5]     ; No output delay, min/max delays, false-path exceptions, or max skew assignments found ;
; HEX3[6]     ; No output delay, min/max delays, false-path exceptions, or max skew assignments found ;
+-------------+---------------------------------------------------------------------------------------+


+--------------------------+
; Timing Analyzer Messages ;
+--------------------------+
Info: *******************************************************************
Info: Running Quartus Prime Timing Analyzer
    Info: Version 25.1std.0 Build 1129 10/21/2025 SC Lite Edition
    Info: Processing started: Mon Jul 13 17:19:40 2026
Info: Command: quartus_sta rv32im -c rv32im
Info: qsta_default_script.tcl version: #1
Info (20032): Parallel compilation is enabled and will use up to 11 processors
Info (21077): Low junction temperature is 0 degrees C
Info (21077): High junction temperature is 85 degrees C
Critical Warning (332012): Synopsys Design Constraints File file not found: 'rv32im.sdc'. A Synopsys Design Constraints File is required by the Timing Analyzer to get proper timing constraints. Without it, the Compiler will not properly optimize the design.
Info (332142): No user constrained base clocks found in the design. Calling "derive_clocks -period 1.0"
Info (332105): Deriving Clocks
    Info (332105): create_clock -period 1.000 -name clk_c clk_c
    Info (332105): create_clock -period 1.000 -name clk_i clk_i
Info (332143): No user constrained clock uncertainty found in the design. Calling "derive_clock_uncertainty"
Info (332123): Deriving Clock Uncertainty. Please refer to report_sdc in the Timing Analyzer to see clock uncertainties.
Info: Found TIMING_ANALYZER_REPORT_SCRIPT_INCLUDE_DEFAULT_ANALYSIS = ON
Info: Analyzing Slow 1200mV 85C Model
Critical Warning (332148): Timing requirements not met
    Info (11105): For recommendations on closing timing, run Report Timing Closure Recommendations in the Timing Analyzer.
Info (332146): Worst-case setup slack is -217.166
    Info (332119):     Slack       End Point TNS Clock 
    Info (332119): ========= =================== =====================
    Info (332119):  -217.166        -7037902.763 clk_c 
    Info (332119):    -2.847             -67.228 clk_i 
Info (332146): Worst-case hold slack is -2.827
    Info (332119):     Slack       End Point TNS Clock 
    Info (332119): ========= =================== =====================
    Info (332119):    -2.827              -2.827 clk_i 
    Info (332119):     0.403               0.000 clk_c 
Info (332140): No Recovery paths to report
Info (332140): No Removal paths to report
Info (332146): Worst-case minimum pulse width slack is -3.000
    Info (332119):     Slack       End Point TNS Clock 
    Info (332119): ========= =================== =====================
    Info (332119):    -3.000             -45.405 clk_i 
    Info (332119):    -1.285          -43705.420 clk_c 
Info: Analyzing Slow 1200mV 0C Model
Info (334003): Started post-fitting delay annotation
Info (334004): Delay annotation completed successfully
Info (332123): Deriving Clock Uncertainty. Please refer to report_sdc in the Timing Analyzer to see clock uncertainties.
Critical Warning (332148): Timing requirements not met
    Info (11105): For recommendations on closing timing, run Report Timing Closure Recommendations in the Timing Analyzer.
Info (332146): Worst-case setup slack is -198.283
    Info (332119):     Slack       End Point TNS Clock 
    Info (332119): ========= =================== =====================
    Info (332119):  -198.283        -6416987.824 clk_c 
    Info (332119):    -2.437             -56.748 clk_i 
Info (332146): Worst-case hold slack is -2.573
    Info (332119):     Slack       End Point TNS Clock 
    Info (332119): ========= =================== =====================
    Info (332119):    -2.573              -2.573 clk_i 
    Info (332119):     0.352               0.000 clk_c 
Info (332140): No Recovery paths to report
Info (332140): No Removal paths to report
Info (332146): Worst-case minimum pulse width slack is -3.000
    Info (332119):     Slack       End Point TNS Clock 
    Info (332119): ========= =================== =====================
    Info (332119):    -3.000             -45.405 clk_i 
    Info (332119):    -1.285          -43705.420 clk_c 
Info: Analyzing Fast 1200mV 0C Model
Info (332123): Deriving Clock Uncertainty. Please refer to report_sdc in the Timing Analyzer to see clock uncertainties.
Critical Warning (332148): Timing requirements not met
    Info (11105): For recommendations on closing timing, run Report Timing Closure Recommendations in the Timing Analyzer.
Info (332146): Worst-case setup slack is -111.207
    Info (332119):     Slack       End Point TNS Clock 
    Info (332119): ========= =================== =====================
    Info (332119):  -111.207        -3583391.704 clk_c 
    Info (332119):    -0.918             -16.518 clk_i 
Info (332146): Worst-case hold slack is -1.535
    Info (332119):     Slack       End Point TNS Clock 
    Info (332119): ========= =================== =====================
    Info (332119):    -1.535              -1.535 clk_i 
    Info (332119):     0.181               0.000 clk_c 
Info (332140): No Recovery paths to report
Info (332140): No Removal paths to report
Info (332146): Worst-case minimum pulse width slack is -3.000
    Info (332119):     Slack       End Point TNS Clock 
    Info (332119): ========= =================== =====================
    Info (332119):    -3.000             -38.041 clk_i 
    Info (332119):    -1.000          -34012.000 clk_c 
Info (332102): Design is not fully constrained for setup requirements
Info (332102): Design is not fully constrained for hold requirements
Info: Quartus Prime Timing Analyzer was successful. 0 errors, 4 warnings
    Info: Peak virtual memory: 1190 megabytes
    Info: Processing ended: Mon Jul 13 17:23:31 2026
    Info: Elapsed time: 00:03:51
    Info: Total CPU time (on all processors): 00:03:59


